cat_id,category,group,id,name,price,list_price,flags
1,品牌小主機、AIO｜VR虛擬,NVIDIA DGX Spark,3,ASUS Ascent QSFP 連接線【現貨】,3990,,
1,品牌小主機、AIO｜VR虛擬,NVIDIA DGX Spark,4,GIGABYTE AI TOP NVIDIA ConnectX-7 連接線【現貨】,3990,,
1,品牌小主機、AIO｜VR虛擬,NVIDIA DGX Spark,5,MSI EdgeXpert QSFP 連接線【現貨】,3990,,
1,品牌小主機、AIO｜VR虛擬,NVIDIA DGX Spark,6,NVIDIA DGX Spark Cable 40 CM ConnectX-7 連接線【現貨】,5250,,
1,品牌小主機、AIO｜VR虛擬,NVIDIA DGX Spark,7,ASUS Ascent GX10 GB10 / 128G / Gen4 1TB SSD【現貨】,175900,,
1,品牌小主機、AIO｜VR虛擬,NVIDIA DGX Spark,8,ASUS Ascent GX10 GB10 / 128G / Gen5 4TB SSD【現貨】,245900,,
1,品牌小主機、AIO｜VR虛擬,NVIDIA DGX Spark,9,MSI EdgeXpert GB10 / 128G / Gen5 4TB SSD【現貨】,209900,,
1,品牌小主機、AIO｜VR虛擬,NVIDIA DGX Spark,10,NVIDIA DGX Spark GB10 / 128G / Gen4 4TB SSD【現貨】,199500,,
1,品牌小主機、AIO｜VR虛擬,NVIDIA DGX Spark,12,ALTOS BrainSphere GB10 F1 GB10 / 128G / Gen4 4TB SSD【現貨】,210000,,
1,品牌小主機、AIO｜VR虛擬,NVIDIA DGX Spark,13,GIGABYTE AI TOP ATOM G4 GB10 / 128G / Gen4 4TB SSD【現貨】,239000,,
1,品牌小主機、AIO｜VR虛擬,微星 MSI 限量大全套,15,微星魔龍姬-大全配(B850主機板/5070TI顯卡/850W電源/360水冷/主題機殼/魔龍姬公仔),62990,,
1,品牌小主機、AIO｜VR虛擬,華碩 ASUS 品牌主機專區,19,｛ASUS ROG GM700TZ-R9800X149W｝R7 9800X3D / 16G / 1T / 850W電供 / 水冷,50990,,
1,品牌小主機、AIO｜VR虛擬,華碩 ASUS 品牌主機專區,20,｛ASUS ROG GM1000TY-R9800X009X8｝9800X3D / 32G / 2T / 5080 / 1000W電供【訂】,199990,,訂購
1,品牌小主機、AIO｜VR虛擬,華碩 ASUS 品牌主機專區,23,｛ASUS H-T500MV-13420H269W6｝i5-13420H / 16G / 1T / WIN11 / 5060 / 330W電供▼下殺到 9/20 23:59,39990,46990,價格異動 下殺
1,品牌小主機、AIO｜VR虛擬,華碩 ASUS 品牌主機專區,24,｛ASUS H-T500MV-05210H111W5｝C5 210H / 16G / 512G / WIN11 / 3050 / 330W電供,32900,,
1,品牌小主機、AIO｜VR虛擬,華碩 ASUS 品牌主機專區,25,｛ASUS H-T500MV-05210H151W55｝C5 210H / 16G / 1T / WIN11 / 5050 / 330W電供,39990,,
1,品牌小主機、AIO｜VR虛擬,華碩 ASUS 品牌主機專區,26,｛ASUS H-T500MV-05210H015W6T｝C5 210H / 16G / 1T / WIN11 / 5060Ti / 500W電供,44888,,
1,品牌小主機、AIO｜VR虛擬,華碩 ASUS 品牌主機專區,28,｛ASUS H-V501MV-03100U0250A｝C3 100U / 8G / 512G / NON-OS / 白 / 180W電供,16990,,
1,品牌小主機、AIO｜VR虛擬,華碩 ASUS 品牌主機專區,29,｛ASUS H-V501MV-03100U010WB｝C3 100U / 8G / 512G / WIN11 / 黑 / 180W電供,19990,,
1,品牌小主機、AIO｜VR虛擬,華碩 ASUS 品牌主機專區,30,｛ASUS H-V501MV-05210H0480B｝C5 210H / 8G / 1T / NON-OS / 黑 / 330W電供,20990,,
1,品牌小主機、AIO｜VR虛擬,華碩 ASUS 品牌主機專區,31,｛ASUS H-V501MV-05210H115WB｝C5 210H / 16G / 512G / WIN11 / 黑 / 330W電供▼下殺到 9/20 23:59,23990,25888,價格異動 下殺
1,品牌小主機、AIO｜VR虛擬,華碩 ASUS 品牌主機專區,32,｛ASUS H-V501MV-09270H003WB｝C9 270H / 16G / 1T / WIN11 / 黑 / 330W電供,36990,,
1,品牌小主機、AIO｜VR虛擬,華碩 ASUS 品牌主機專區,33,｛ASUS H-V501MV-09270H003WB｝+ 華碩 DUAL-RTX5060-O8G-A,44990,,
1,品牌小主機、AIO｜VR虛擬,華碩 ASUS 品牌主機專區,35,｛ASUS H-V501MV-09270H001XB｝C9 270H / 16G / 1T / WIN11 P / 黑 / 330W電供,36990,,
1,品牌小主機、AIO｜VR虛擬,華碩 ASUS 品牌主機專區,36,｛ASUS H-V501MV-09270H002XA｝C9 270H / 16G / 1T / WIN11 P / 白 / 330W電供,39990,,
1,品牌小主機、AIO｜VR虛擬,華碩 ASUS 品牌主機專區,38,｛ASUS H-S500TER-514500036W｝i5-14500 / 16G / 512G / WIN11 / 500W電供,33990,,
1,品牌小主機、AIO｜VR虛擬,華碩 ASUS 品牌主機專區,39,｛ASUS H-S500TER-514500002X｝i5-14500 / 8G / 512G / WIN11 P / 500W電供▼下殺到 9/30 23:59,34990,35990,價格異動 下殺
1,品牌小主機、AIO｜VR虛擬,微星 MSI 電競主機專區,43,｛MSI Infinite S3 14NVN5 3484TW｝i5-14400F / 16G / 1T / WIN11 / RTX 5060,48900,,
1,品牌小主機、AIO｜VR虛擬,微星 MSI 電競主機專區,44,｛MSI Infinite S3 14NVN5 3483TW｝i5-14400F / 32G / 1T / WIN11 / RTX 5060,54900,,
1,品牌小主機、AIO｜VR虛擬,微星 MSI 電競主機專區,45,｛MSI Infinite S3 14NVN7 3482TW｝i7-14700F / 32G / 1T / WIN11 / RTX 5060,59900,,
1,品牌小主機、AIO｜VR虛擬,微星 MSI 電競主機專區,47,｛MSI Infinite S AI 2NVM5 024TW｝U5 225F / 16G / 1T / WIN11 / RTX 5060 Ti 8G,52900,,
1,品牌小主機、AIO｜VR虛擬,微星 MSI 電競主機專區,48,｛MSI Infinite S AI 2 015TW｝U7 265F / 16G / 1T / WIN11 + RTX 5060 Ti 16G,69900,,
1,品牌小主機、AIO｜VR虛擬,微星 MSI 電競主機專區,50,｛MSI Infinite Z3 7NVRR7 671TW｝R7 7800X3D / 32G / 2T / WIN11 / RTX 5070Ti【訂】,109900,,訂購
1,品牌小主機、AIO｜VR虛擬,技嘉 Gigabyte 主機專區,52,｛技嘉 AORUS PRIME 3 AP3A5N6-5104｝ R5 9500F / 16G / 1T / WIN11 / 5060,51900,,
1,品牌小主機、AIO｜VR虛擬,技嘉 Gigabyte 主機專區,54,｛技嘉 AORUS PRIME 5 AP5A7N7T-5100｝R7 9700X / 32G / 2T / WIN11 / 5070Ti,109000,,
1,品牌小主機、AIO｜VR虛擬,技嘉 Gigabyte 主機專區,56,｛技嘉 AORUS PRIME 5 AP5A7N8-5103｝ R7 9800X3D / 32G / 2T / WIN11 / 5080【訂】,129000,,訂購
1,品牌小主機、AIO｜VR虛擬,技嘉 Gigabyte 主機專區,58,｛技嘉 AI TOP 100 Z890｝U9 285K / 128G / 2T + 320G / 360水冷 / RTX5090【訂】,319000,,訂購
1,品牌小主機、AIO｜VR虛擬,華碩 ASUS NUC 迷你小主機 系列,62,【加購優惠】買 ASUS NUC 15 Pro 準系統 加購 美光 NB 16G D5-5600 (一台限購1),4499,,熱賣 限購
1,品牌小主機、AIO｜VR虛擬,華碩 ASUS NUC 迷你小主機 系列,63,｛ASUS NUC 15 Pro RNUC15CRHI300009｝i3-100U / 黑 (RAM.DISK.OS選購),9900,,
1,品牌小主機、AIO｜VR虛擬,華碩 ASUS NUC 迷你小主機 系列,64,｛ASUS NUC 15 Pro RNUC15CRHC500009｝Core 5 210H / 黑 (RAM.DISK.OS選購),13799,,
1,品牌小主機、AIO｜VR虛擬,華碩 ASUS NUC 迷你小主機 系列,65,｛ASUS NUC 15 Pro RNUC15CRHC700009｝Core 7 240H / 黑 (RAM.DISK.OS選購),15999,,
1,品牌小主機、AIO｜VR虛擬,華碩 ASUS NUC 迷你小主機 系列,66,｛ASUS NUC 15 Pro RNUC15CRHU500009｝U5 225H / 黑 (DISK.RAM.OS選購),16299,,
1,品牌小主機、AIO｜VR虛擬,華碩 ASUS NUC 迷你小主機 系列,67,｛ASUS NUC 15 Pro RNUC15CRHU700009｝U7 255H / 黑 (RAM.DISK.OS選購),18999,,
1,品牌小主機、AIO｜VR虛擬,華碩 ASUS NUC 迷你小主機 系列,68,【加購優惠】買 ASUS NUC 16 Pro 準系統 加購 美光 NB 16G D5-6400 (一台限購1),4999,,熱賣 限購
1,品牌小主機、AIO｜VR虛擬,華碩 ASUS NUC 迷你小主機 系列,69,｛ASUS NUC 16 Pro RNUC16GDKU560009｝U5 325 / 黑 (DISK.RAM.OS選購),18999,,
1,品牌小主機、AIO｜VR虛擬,華碩 ASUS NUC 迷你小主機 系列,70,｛ASUS NUC 16 Pro RNUC16GDKU760009｝U7 356H / 黑 (DISK.RAM.OS選購),23999,,
1,品牌小主機、AIO｜VR虛擬,華碩 ASUS NUC 迷你小主機 系列,72,【加購優惠】買 ASUS NUC DDR5系列準系統 加購 美光 NB 16G D5-5600 (一台限購1),4499,,熱賣 限購
1,品牌小主機、AIO｜VR虛擬,華碩 ASUS NUC 迷你小主機 系列,73,｛ASUS NUC 14 Pro Plus RNUC14RVSU700009I｝U7 155H / 白(RAM.DISK.OS選購),20999,,
1,品牌小主機、AIO｜VR虛擬,華碩 ASUS NUC 迷你小主機 系列,74,｛ASUS NUC 15 Pro Plus RNUC15CRSU700009｝U7 255H / 白(RAM.DISK.OS選購),23799,,
1,品牌小主機、AIO｜VR虛擬,華碩 ASUS NUC 迷你小主機 系列,75,｛ASUS NUC 15 Pro Plus RNUC15CRSU900009｝U9 285H / 白(RAM.DISK.OS選購),25999,,
1,品牌小主機、AIO｜VR虛擬,華碩 ASUS NUC 迷你小主機 系列,77,｛ASUS NUC 16 Pro RNUC16GDKU5674H9｝U5 325 / 16G / 1T / WIN 11,40900,,
1,品牌小主機、AIO｜VR虛擬,華碩 ASUS NUC 迷你小主機 系列,78,｛ASUS NUC 16 Pro RNUC16GDKU7674H9｝U7 356H / 16G / 1T / WIN 11,44900,,
1,品牌小主機、AIO｜VR虛擬,華碩 ASUS NUC 迷你小主機 系列,79,｛ASUS NUC 16 Pro RNUC16GDKX76C4H9｝X7 358H / 32G / 1T / WIN 11,60900,,
1,品牌小主機、AIO｜VR虛擬,華碩 ASUS NUC 迷你小主機 系列,81,｛ASUS NUC 14 Pro Plus RNUC14RVSU9068A9｝U9 185H / 16G / 512G / WIN 11 / 白,32900,,
1,品牌小主機、AIO｜VR虛擬,華碩 ASUS NUC 迷你小主機 系列,83,｛ASUS NUC 14 Pro AI RNUC14LNKU909AN9｝U9 288V / 32G / 2TB / WIN 11,46990,,
1,品牌小主機、AIO｜VR虛擬,華碩 ASUS NUC 迷你小主機 系列,85,｛ASUS ROG NUC 20週年 RNUC16JNK9X8ADA9｝U9 290HX Plus / 64G / 2T / 5090,199920,,
1,品牌小主機、AIO｜VR虛擬,華碩 ASUS 小主機專區,88,｛ASUS UGen300 M2 8G｝AI 加速器【訂】,5880,,訂購
1,品牌小主機、AIO｜VR虛擬,華碩 ASUS 小主機專區,89,｛ASUS UGen300 USB｝AI 加速器【訂】,6380,,訂購
1,品牌小主機、AIO｜VR虛擬,華碩 ASUS 小主機專區,90,｛ASUS PN43-100UMZA｝Intel N100 / 8G / 128G / WIN 11 Pro,15990,,
1,品牌小主機、AIO｜VR虛擬,華碩 ASUS 小主機專區,91,｛ASUS PN55-430FPNA｝Ryzen AI R5 430 / 16G / 512G / WIN 11,38990,,
1,品牌小主機、AIO｜VR虛擬,華碩 ASUS 小主機專區,92,｛ASUS ROG GR70-N90026AN｝R9 9955HX3D / 32G / 2T / RTX5070【訂】,124900,,訂購
1,品牌小主機、AIO｜VR虛擬,微星 MSI 迷你小主機 / 準系統 / 主機 系列,95,【加購優惠】買 MSI CUBI N ADL 準系統 加購 致態小翼e7 1TB SSD(一台限購1),3999,,熱賣 限購
1,品牌小主機、AIO｜VR虛擬,微星 MSI 迷你小主機 / 準系統 / 主機 系列,96,｛MSI CUBI N ADL 265BTW｝Intel N100 準系統 (RAM.DISK.OS選購) / 黑色,6990,,
1,品牌小主機、AIO｜VR虛擬,微星 MSI 迷你小主機 / 準系統 / 主機 系列,98,｛MSI CUBI N ADL 264BTW｝Intel N200 準系統 (RAM.DISK.OS選購) / 黑色,7990,,
1,品牌小主機、AIO｜VR虛擬,微星 MSI 迷你小主機 / 準系統 / 主機 系列,100,【加購優惠】買 MSI CUBI 5 1MA 準系統 加購 致態小翼e7 1TB SSD(一台限購1),3999,,熱賣 限購
1,品牌小主機、AIO｜VR虛擬,微星 MSI 迷你小主機 / 準系統 / 主機 系列,101,｛MSI CUBI 5 1MA 487BTW｝Intel Core 3 100U (RAM.DISK.OS選購),9900,,
1,品牌小主機、AIO｜VR虛擬,微星 MSI 迷你小主機 / 準系統 / 主機 系列,102,｛MSI CUBI 5 1MA 486BTW｝Intel Core 5 120U (RAM.DISK.OS選購),12900,,
1,品牌小主機、AIO｜VR虛擬,微星 MSI 迷你小主機 / 準系統 / 主機 系列,103,【加購優惠】買 MSI CUBI 5 1M 準系統 加購 致態小翼e7 1TB SSD(一台限購1),3999,,熱賣 限購
1,品牌小主機、AIO｜VR虛擬,微星 MSI 迷你小主機 / 準系統 / 主機 系列,104,｛MSI CUBI 5 1M 446BTW｝Intel Core 5 120U (RAM.DISK.OS選購),12900,,
1,品牌小主機、AIO｜VR虛擬,微星 MSI 迷你小主機 / 準系統 / 主機 系列,106,｛MSI CUBI 5 1M 448BTW｝Intel Core 7 150U (RAM.DISK.OS選購),15900,,
1,品牌小主機、AIO｜VR虛擬,微星 MSI 迷你小主機 / 準系統 / 主機 系列,108,【加購優惠】買 MSI CUBI Z AI 準系統 加購 致態小翼e7 1TB SSD(一台限購1),3999,,熱賣 限購
1,品牌小主機、AIO｜VR虛擬,微星 MSI 迷你小主機 / 準系統 / 主機 系列,109,【加購優惠】買 MSI CUBI Z AI 準系統 加購 美光 NB 16G D5-5600 (一台限購1),4499,,熱賣 限購
1,品牌小主機、AIO｜VR虛擬,微星 MSI 迷你小主機 / 準系統 / 主機 系列,110,｛MSI CUBI Z AI 8M 011BTW｝AMD R5 8645HS (RAM.DISK.OS選購),14900,,
1,品牌小主機、AIO｜VR虛擬,微星 MSI 迷你小主機 / 準系統 / 主機 系列,112,｛MSI CUBI Z AI 8M 009BTW｝AMD R7 8845HS (RAM.DISK.OS選購),17900,,
1,品牌小主機、AIO｜VR虛擬,微星 MSI 迷你小主機 / 準系統 / 主機 系列,115,【加購優惠】買 MSI CUBI NUC AI 準系統 加購 致態小翼e7 1TB SSD(一台限購1),3999,,熱賣 限購
1,品牌小主機、AIO｜VR虛擬,微星 MSI 迷你小主機 / 準系統 / 主機 系列,116,｛MSI CUBI NUC TWG S 013BTW｝Intel N150 (RAM.DISK.OS選購),7490,,
1,品牌小主機、AIO｜VR虛擬,微星 MSI 迷你小主機 / 準系統 / 主機 系列,117,｛MSI CUBI NUC AI+ 3MG 018BTW｝Intel Core Ultra 5 322 (RAM.DISK.OS選購),16900,,
1,品牌小主機、AIO｜VR虛擬,微星 MSI 迷你小主機 / 準系統 / 主機 系列,118,｛MSI CUBI NUC AI+ 3MG 017BTW｝Intel Core Ultra 7 355 (RAM.DISK.OS選購),19900,,
1,品牌小主機、AIO｜VR虛擬,微星 MSI 迷你小主機 / 準系統 / 主機 系列,119,｛MSI CUBI NUC AI+ 3MG 016BTW｝Intel Core Ultra 9 386H (RAM.DISK.OS選購),25900,,
1,品牌小主機、AIO｜VR虛擬,微星 MSI 迷你小主機 / 準系統 / 主機 系列,121,｛MSI PRO DP21 14M 248BTW｝Intel H610(CPU.RAM.DISK選購),5490,,
1,品牌小主機、AIO｜VR虛擬,微星 MSI 迷你小主機 / 準系統 / 主機 系列,123,【組合優惠】｛248BTW｝+ Intel i5-12400 + 威剛 NB 16G-5600 + 威剛 710 512G SSD,17900,,熱賣
1,品牌小主機、AIO｜VR虛擬,微星 MSI 迷你小主機 / 準系統 / 主機 系列,126,｛MSI CUBI N ADL 283TW｝Intel N100 / 8G / 128G / WIN11 Pro,11900,,
1,品牌小主機、AIO｜VR虛擬,微星 MSI 迷你小主機 / 準系統 / 主機 系列,127,｛MSI CUBI 5 1MA 653TW｝Core 3 100U / 8G / 512G / WIN11,19900,,
1,品牌小主機、AIO｜VR虛擬,微星 MSI 迷你小主機 / 準系統 / 主機 系列,128,｛MSI CUBI 5 1MA 655TW｝Core 5 120U / 16G / 1T / WIN11 Pro,29900,,
1,品牌小主機、AIO｜VR虛擬,微星 MSI 迷你小主機 / 準系統 / 主機 系列,129,｛MSI CUBI 5 1M 607TW｝Core 3 100U / 8G / 512G / WIN11,19900,,
1,品牌小主機、AIO｜VR虛擬,微星 MSI 迷你小主機 / 準系統 / 主機 系列,131,｛MSI CUBI 5 1M 619TW｝Core 5 120U / 16G / 1T / WIN11 Pro,29900,,
1,品牌小主機、AIO｜VR虛擬,微星 MSI 迷你小主機 / 準系統 / 主機 系列,133,｛MSI CUBI 5 1M 605TW｝Core 7 150U / 16G / 1T / WIN11 Pro,36900,,
1,品牌小主機、AIO｜VR虛擬,微星 MSI 迷你小主機 / 準系統 / 主機 系列,137,｛MSI CUBI NUC TMG S 017TW｝Intel N150 / 8G / 128G / WIN11 Pro,12900,,
1,品牌小主機、AIO｜VR虛擬,微星 MSI 迷你小主機 / 準系統 / 主機 系列,138,｛MSI CUBI NUC AI+ 3MG 011TW｝Intel Core Ultra 5 322 / 16G / 512G / WIN11 Pro,33900,,
1,品牌小主機、AIO｜VR虛擬,微星 MSI 迷你小主機 / 準系統 / 主機 系列,139,｛MSI CUBI NUC AI+ 3MG 010TW｝Intel Core Ultra 7 355 / 16G / 1TB / WIN11 Pro,38900,,
1,品牌小主機、AIO｜VR虛擬,微星 MSI 迷你小主機 / 準系統 / 主機 系列,140,｛MSI CUBI NUC AI+ 3MG 009TW｝Intel Core Ultra 9 386H / 32G / 1TB / WIN11 Pro,49900,,
1,品牌小主機、AIO｜VR虛擬,微星 MSI 迷你小主機 / 準系統 / 主機 系列,143,｛MSI PRO DP21 14M 1232TW｝G7400 / 8G / 128G / WIN11 Pro,14900,,
1,品牌小主機、AIO｜VR虛擬,微星 MSI 迷你小主機 / 準系統 / 主機 系列,145,｛MSI PRO DP80 AI A2G 248TW｝Core Ultra 5 225 / 16G / 1T / WIN11 Pro,35900,,
1,品牌小主機、AIO｜VR虛擬,微星 MSI 迷你小主機 / 準系統 / 主機 系列,147,｛MSI PRO DP180 14A 1429TW｝G7400 / 8G / 128G / WIN11 Pro,14900,,
1,品牌小主機、AIO｜VR虛擬,微星 MSI 迷你小主機 / 準系統 / 主機 系列,148,｛MSI PRO DP180 14A 459TW｝i7-14700 / 16G / 1TB / WIN11 Pro,32900,,
1,品牌小主機、AIO｜VR虛擬,微星 MSI 迷你小主機 / 準系統 / 主機 系列,149,｛MSI PRO DP180 AI 8HG 1474TW｝Core Ultra 5 225 / 16G / 512GB / WIN11,29900,,
1,品牌小主機、AIO｜VR虛擬,微星 MSI 迷你小主機 / 準系統 / 主機 系列,150,｛MSI PRO DP180 AI 8HG 1475TW｝Core Ultra 5 225 / 16G / 1TB / WIN11 Pro,34900,,
1,品牌小主機、AIO｜VR虛擬,微星 MSI 迷你小主機 / 準系統 / 主機 系列,151,｛MSI PRO DP180 AI 8HG 1476TW｝Core Ultra 7 265 / 16G / 1TB / WIN11 Pro,38900,,
1,品牌小主機、AIO｜VR虛擬,技嘉 GIGABYTE BRIX 超微型電腦,154,｛GIGABYTE BRIX GB-BTIP-N150｝N150 (RAM/DISK/OS選購),5999,,
1,品牌小主機、AIO｜VR虛擬,技嘉 GIGABYTE BRIX 超微型電腦,155,【加購優惠】買｛GB-BTIP-N150｝加購 WIN 11 Pro 隨機版序號,3688,,熱賣
1,品牌小主機、AIO｜VR虛擬,技嘉 GIGABYTE BRIX 超微型電腦,156,｛GIGABYTE BRIX GB-BTIP-N250｝N250 (RAM/DISK/OS選購),6999,,
1,品牌小主機、AIO｜VR虛擬,技嘉 GIGABYTE BRIX 超微型電腦,157,【加購優惠】買｛GB-BTIP-N250｝加購 WIN 11 Pro 隨機版序號,3688,,熱賣
1,品牌小主機、AIO｜VR虛擬,技嘉 GIGABYTE BRIX 超微型電腦,158,｛GIGABYTE BRIX GB-BRU5-225H｝U5 225H (RAM/DISK/OS選購),15999,,
1,品牌小主機、AIO｜VR虛擬,技嘉 GIGABYTE BRIX 超微型電腦,159,【加購優惠】買｛GB-BRU5-225H｝加購 美光 NB 8G DDR5-5600 *兩支 (1台限購1組),3999,,熱賣 限購
1,品牌小主機、AIO｜VR虛擬,技嘉 GIGABYTE BRIX 超微型電腦,160,【加購優惠】買｛GB-BRU5-225H｝加購 WIN 11 Pro 隨機版序號,3688,,熱賣
1,品牌小主機、AIO｜VR虛擬,技嘉 GIGABYTE BRIX 超微型電腦,161,｛GIGABYTE BRIX GB-BRU7-255H｝U7 255H (RAM/DISK/OS選購),19999,,
1,品牌小主機、AIO｜VR虛擬,技嘉 GIGABYTE BRIX 超微型電腦,162,【加購優惠】買｛GB-BRU7-255H｝加購 美光 NB 8G DDR5-5600 *兩支 (1台限購1組),3999,,熱賣 限購
1,品牌小主機、AIO｜VR虛擬,技嘉 GIGABYTE BRIX 超微型電腦,163,【加購優惠】買｛GB-BRU7-255H｝加購 WIN 11 Pro 隨機版序號,3688,,熱賣
1,品牌小主機、AIO｜VR虛擬,技嘉 GIGABYTE BRIX 超微型電腦,164,｛GIGABYTE BRIX GB-BER7-8840｝R7 8840U (RAM/DISK/OS選購),16999,,
1,品牌小主機、AIO｜VR虛擬,技嘉 GIGABYTE BRIX 超微型電腦,165,【加購優惠】買｛GB-BER7-8840｝加購 WIN 11 Pro 隨機版序號,3688,,熱賣
1,品牌小主機、AIO｜VR虛擬,技嘉 GIGABYTE BRIX 超微型電腦,167,GIGABYTE BRIX N150 / 8G / 256G / WIN11 Pro,10888,,熱賣
1,品牌小主機、AIO｜VR虛擬,技嘉 GIGABYTE BRIX 超微型電腦,169,GIGABYTE BRIX R7 PRO 8840U / 32G / 2T / WIN11 Pro,37999,,熱賣
1,品牌小主機、AIO｜VR虛擬,華擎 ASRock 迷你準系統,173,ASRock DeskMini VESA Mount 後背架,230,,
1,品牌小主機、AIO｜VR虛擬,華擎 ASRock 迷你準系統,174,ASRock DeskMini USB2.0 二埠擴充線,250,,
1,品牌小主機、AIO｜VR虛擬,華擎 ASRock 迷你準系統,175,ASRock DeskMini＆DeskMeet Intel 3168 WiFi + BT4.2 無線模組,550,,
1,品牌小主機、AIO｜VR虛擬,華擎 ASRock 迷你準系統,176,ASRock DeskMini＆DeskMeet AX210 WiFi 6E M.2 無線網卡 (M.2 2230),1150,,
1,品牌小主機、AIO｜VR虛擬,華擎 ASRock 迷你準系統,178,｛ASRock DeskMini X300 2.5G｝AMD準系統 / 內含CPU風扇 (不含CPU/RAM/DISK),5190,,
1,品牌小主機、AIO｜VR虛擬,華擎 ASRock 迷你準系統,179,｛ASRock DeskMini X600 USB4｝AMD準系統 / 內含CPU風扇 (不含CPU/RAM/DISK),6190,,
1,品牌小主機、AIO｜VR虛擬,華擎 ASRock 迷你準系統,181,｛ASRock DeskMini X600W USB4｝AMD準系統 / 含CPU風扇 (不含CPU/RAM/DISK),6790,,
1,品牌小主機、AIO｜VR虛擬,華擎 ASRock 迷你準系統,182,｛ASRock DeskMini B760 黑｝INTEL準系統 (不含CPU/RAM/DISK),6690,,
1,品牌小主機、AIO｜VR虛擬,華擎 ASRock 迷你準系統,183,｛ASRock DeskMini B860 黑｝INTEL準系統 (不含CPU/RAM/DISK),6790,,
1,品牌小主機、AIO｜VR虛擬,華擎 ASRock 迷你準系統,185,｛ASRock DeskMeet X600｝AMD準系統 (不含CPU/RAM/DISK) 適用8000/7000S,6690,,
1,品牌小主機、AIO｜VR虛擬,華擎 ASRock 迷你準系統,186,｛ASRock DeskMeet B760｝INTEL準系統 (不含CPU/RAM/DISK) 適用12/13/14代,7390,,
1,品牌小主機、AIO｜VR虛擬,華擎 ASRock 迷你準系統,188,｛ASRock DeskSlim X600｝AMD準系統 (不含CPU/RAM/DISK),7290,,
1,品牌小主機、AIO｜VR虛擬,宏碁 ACER 迷你準系統 / 小主機,192,｛ACER RB102 DT.BP5TA.001｝U7 155H / 白 (RAM.DISK.OS選購),17690,,
1,品牌小主機、AIO｜VR虛擬,宏碁 ACER 迷你準系統 / 小主機,195,｛ACER RB102 DT.BQSTA.001｝Core Ultra 5 225H / 16G / 1T / WIN11 Pro,29900,,
1,品牌小主機、AIO｜VR虛擬,宏碁 ACER 迷你準系統 / 小主機,196,｛ACER RB102 DT.BQTTA.001｝Core Ultra 7 255H / 16G / 1T / WIN11 Pro,33900,,
1,品牌小主機、AIO｜VR虛擬,微星 MSI AIO 主機,200,｛MSI Modern AM242 1M 1078TW｝23.8吋 / Core 3 100U / 8G / 512G / WIN11 / 白,24900,,
1,品牌小主機、AIO｜VR虛擬,微星 MSI AIO 主機,201,｛MSI Modern AM242 1M 1059TW｝23.8吋 / Core 5 120U / 8G / 1T / WIN11 / 白,28900,,
1,品牌小主機、AIO｜VR虛擬,微星 MSI AIO 主機,202,｛MSI Modern AM242 1M 1060TW｝23.8吋 / Core 5 120U / 8G / 1T / WIN11 / 黑,28900,,
1,品牌小主機、AIO｜VR虛擬,微星 MSI AIO 主機,203,｛MSI Modern AM242 1M 1058TW｝23.8吋 / Core 7 150U / 16G / 1T / WIN11 Pro / 白,37900,,
1,品牌小主機、AIO｜VR虛擬,微星 MSI AIO 主機,205,｛MSI Modern AM272P 1M 860TW｝27吋 / Core 3 100U / 8G / 512G / WIN11 / 白,26900,,
1,品牌小主機、AIO｜VR虛擬,微星 MSI AIO 主機,206,｛MSI Modern AM272P 1M 859TW｝27吋 / Core 5 120U / 8G / 1T / WIN11 / 白▼下殺到 9/30 23:59,26900,30900,價格異動 下殺
1,品牌小主機、AIO｜VR虛擬,微星 MSI AIO 主機,207,｛MSI Modern AM272P 1M 857TW｝27吋 / Core 7 150U / 16G / 1T / WIN11 Pro / 白,39900,,
1,品牌小主機、AIO｜VR虛擬,微星 MSI AIO 主機,209,｛MSI Modern AM242TP 1M 1211TW｝23.8吋 / Core 5 120U / 8G / 1T / WIN 11 P / 白,38900,,
1,品牌小主機、AIO｜VR虛擬,微星 MSI AIO 主機,210,｛MSI Modern AM242TP 1M 1061TW｝23.8吋 / Core 7 150U / 16G / 1T / WIN 11 P / 白,43900,,
1,品牌小主機、AIO｜VR虛擬,微星 MSI AIO 主機,212,｛MSI PRO AP242P 14M 1202TW｝23.8吋 / G7400 / 8G / 128G / WIN11 Pro / 白,17900,,
1,品牌小主機、AIO｜VR虛擬,微星 MSI AIO 主機,213,｛MSI PRO AP242P 14M 625TW｝23.8吋 / i3-14100 / 8G / 512G / WIN11 / 白,24900,,
1,品牌小主機、AIO｜VR虛擬,微星 MSI AIO 主機,214,｛MSI PRO AP242P 14M 624TW｝23.8吋 / i5-14400 / 8G / 512G / WIN11 / 白,28900,,
1,品牌小主機、AIO｜VR虛擬,微星 MSI AIO 主機,215,｛MSI PRO AP242P 14M 619TW｝23.8吋 / i5-14400 / 8G / 512G / WIN11 / 黑,28900,,
1,品牌小主機、AIO｜VR虛擬,微星 MSI AIO 主機,216,｛MSI PRO AP242P 14M 626TW｝23.8吋 / i7-14700 / 16G / 1TB / WIN11 Pro / 白,39900,,
1,品牌小主機、AIO｜VR虛擬,微星 MSI AIO 主機,217,｛MSI PRO AP272P 14M 634TW｝27吋 / i3-14100 / 8G / 512G / WIN11 / 白,26900,,
1,品牌小主機、AIO｜VR虛擬,微星 MSI AIO 主機,218,｛MSI PRO AP272P 14M 633TW｝27吋 / i5-14400 / 8G / 512G / WIN11 / 白,30900,,
1,品牌小主機、AIO｜VR虛擬,微星 MSI AIO 主機,219,｛MSI PRO AP272P 14M 632TW｝27吋 / i5-14400 / 8G / 512G / WIN11 / 黑,30900,,
1,品牌小主機、AIO｜VR虛擬,微星 MSI AIO 主機,220,｛MSI PRO AP272P 14M 497TW｝27吋 / i7-14700 / 16G / 1TB / WIN11 Pro / 白,40900,,
1,品牌小主機、AIO｜VR虛擬,微星 MSI AIO 主機,222,｛MSI PRO AP222T 14MA 660TW｝21.5吋 / G7400 / 8G / 128G / WIN11 Pro / 白,22900,,
1,品牌小主機、AIO｜VR虛擬,華碩 ASUS AIO 主機,225,｛ASUS V440VAK-131WPC003W｝23.8吋 / i3-1315U / 16G / 512G / WIN11 / 白,19990,,
1,品牌小主機、AIO｜VR虛擬,華碩 ASUS AIO 主機,226,｛ASUS V440VAK-134WPC003W｝23.8吋 / i5-13420H / 16G / 1T / WIN11 / 白,26990,,
1,品牌小主機、AIO｜VR虛擬,華碩 ASUS AIO 主機,227,｛ASUS V440VAK-10UWPC001W｝23.8吋 / Core 3 100U / 16G / 512G / WIN11 / 白,27990,,
1,品牌小主機、AIO｜VR虛擬,華碩 ASUS AIO 主機,228,｛ASUS V440VAK-210HWPC002W｝23.8吋 / Core 5 210H / 16G / 1T / WIN11 / 白,35990,,
1,品牌小主機、AIO｜VR虛擬,華碩 ASUS AIO 主機,229,｛ASUS V470VAK-10UWPE004W｝27吋 / Core 3 100U / 16G / 512G / WIN11 / 白,29990,,
1,品牌小主機、AIO｜VR虛擬,華碩 ASUS AIO 主機,230,｛ASUS V470VAK-210HWPE001W｝27吋 / Core 5 210H / 16G / 1T / WIN11 / 白,37990,,
1,品牌小主機、AIO｜VR虛擬,華碩 ASUS AIO 主機,231,｛ASUS V470VAK-240HWPE002W｝27吋 / Core 7 240H / 16G / 1T / WIN11 / 白,39990,,
1,品牌小主機、AIO｜VR虛擬,華碩 ASUS AIO 主機,233,｛ASUS V440VAT-210HWPD001W｝23.8吋 / Core 5 210H / 16G / 1T / WIN11 / 白,38990,,
1,品牌小主機、AIO｜VR虛擬,華碩 ASUS AIO 主機,234,｛ASUS V470VAT-210HWPF001W｝27吋 / Core 5 210H / 16G / 1T / WIN11 / 白,39990,,
1,品牌小主機、AIO｜VR虛擬,華碩 ASUS AIO 主機,235,｛ASUS V470VAT-240HWPF001W｝27吋 / Core 7 240H / 32G / 1T / WIN11 / 白,49990,,
1,品牌小主機、AIO｜VR虛擬,華碩 ASUS AIO 主機,236,｛ASUS VM670KA-350WPF002W｝27吋 / Ryzen AI 7 350 / 16G / 1T / WIN11 / 白,45990,,
1,品牌小主機、AIO｜VR虛擬,Terra AIO 主機,238,｛Terra AIO PC 2710HA｝27吋 / Core Ultra 5 225 / 16G / 1T▼下殺到 9/30 23:59,23900,24900,價格異動 下殺
1,品牌小主機、AIO｜VR虛擬,智慧眼鏡,241,ASUS AirVision M1 智慧眼鏡,10888,,熱賣
1,品牌小主機、AIO｜VR虛擬,智慧眼鏡,242,｛ASUS ROG XREAL R1｝N 瞳距（57-66mm）/隨附控制底座,26990,,
1,品牌小主機、AIO｜VR虛擬,智慧眼鏡,244,｛ASUS ROG XREAL R1｝B 瞳距（66-75mm）/隨附控制底座,26990,,
1,品牌小主機、AIO｜VR虛擬,智慧眼鏡,246,｛ROG XREAL R1S20-B Edition20｝電競AR眼鏡(66-75mm) / 無附控制底座,22900,,
1,品牌小主機、AIO｜VR虛擬,智慧眼鏡,248,｛ROG XREAL R1S20-N Edition20｝電競AR眼鏡(57-66mm)/ 無附控制底座,22900,,
1,品牌小主機、AIO｜VR虛擬,HTC VR,252,HTC VIVE Focus Vision,34900,,
1,品牌小主機、AIO｜VR虛擬,HTC VR,254,HTC VIVE 基地台 二代,5600,,
1,品牌小主機、AIO｜VR虛擬,HTC VR,255,HTC VIVE 定位器3.0,3800,,
1,品牌小主機、AIO｜VR虛擬,HTC VR,256,HTC VIVE 自定位追蹤器【訂】,6250,,訂購
1,品牌小主機、AIO｜VR虛擬,HTC VR,257,HTC VIVE 自定位追蹤器 3+1組合【訂】,18900,,訂購
2,筆電｜平板｜穿戴配件,PAD 智慧平板,2,｛ASUS Pad T3201M5A｝雲朵白 / 12.2吋 / 聯發科 MT8792Z 八核 / 8G / 256G / WIFI,17999,,
2,筆電｜平板｜穿戴配件,PAD 智慧平板,3,｛Lenovo TAB TB311FU｝北極藍 / 10.1吋 / 聯發科 G85 八核 / 4G / 128G / WIFI,4990,,
2,筆電｜平板｜穿戴配件,PAD 智慧平板,4,｛TCL NXTPAPER 11 Plus｝鈦金灰 / 11.5吋 / 聯發科 G100 八核 / 12G / 256G / WIFI,8980,,
2,筆電｜平板｜穿戴配件,PAD 智慧平板,5,｛TCL NXTPAPER 14｝星鑽灰 / 14.3吋 / 聯發科 MT8781 八核 / 8+8G / 256G / WIFI,11980,,
2,筆電｜平板｜穿戴配件,遊戲掌機,7,｛ASUS ROG LPR01｝電源延長線 1.5M 相容ROG ALLY / 部分 ROG筆電,490,,
2,筆電｜平板｜穿戴配件,遊戲掌機,8,｛ASUS ROG LCR50｝240W USB-C to C 充電線 / 編織線 / 1.5米,688,,
2,筆電｜平板｜穿戴配件,遊戲掌機,9,｛ASUS ROG AC140-01｝140W GaN四孔充電器 1A3C + C to C 充電線,3390,,
2,筆電｜平板｜穿戴配件,遊戲掌機,10,｛ASUS ROG Bulwark Dock DG300｝USB(10G*3A1C) / RJ-45 / HDMI2.1 七合一基座,4290,,
2,筆電｜平板｜穿戴配件,遊戲掌機,11,｛ASUS ROG XBOX ALLY TRAVEL CASE｝二合一收納保護包 / 防潑水,1499,,
2,筆電｜平板｜穿戴配件,遊戲掌機,12,｛ASUS ROG XBOX ALLY 白｝Ryzen Z2 A / 16G / 512G / Radeon / Wi-Fi 6E,18999,,
2,筆電｜平板｜穿戴配件,遊戲掌機,13,｛ASUS ROG XBOX ALLY X 黑｝Ryzen AI Z2 Extreme / 24G / 1T / Radeon / Wi-Fi 6E,32999,,
2,筆電｜平板｜穿戴配件,筆電搭購電競周邊優惠專區,15,【筆電搭購優惠】｛Gigastone HUB-P7｝7合1 HUB,599,,
2,筆電｜平板｜穿戴配件,筆電搭購電競周邊優惠專區,16,【筆電搭購優惠】｛Gigastone PD-7650W｝ 65W GaN三孔充電器,699,,
2,筆電｜平板｜穿戴配件,筆電搭購電競周邊優惠專區,17,【筆電搭購優惠】｛Gigastone PD-7100B+CC-7800B｝100W 四孔充電器 + C-C 100W線,1049,,
2,筆電｜平板｜穿戴配件,筆電搭購電競周邊優惠專區,18,【筆電搭購優惠】｛Gigastone PD-130B+CC-100｝130W 四孔充電器 + C-C 100W線,1099,,
2,筆電｜平板｜穿戴配件,筆電搭購電競周邊優惠專區,19,【筆電搭購優惠】｛Gigastone HC-2100｝Type-C to HDMI2.0 轉接線 / 4K60Hz / 1M,299,,
2,筆電｜平板｜穿戴配件,筆電搭購電競周邊優惠專區,20,【筆電搭購優惠】｛Gigastone HC-2300｝Type-C to HDMI2.0 轉接線 / 4K60Hz / 2M,399,,
2,筆電｜平板｜穿戴配件,筆電搭購電競周邊優惠專區,21,【筆電搭購優惠】｛Gigastone HH-2100｝HDMI 2.0 公-公 / 鍍金頭 / 認證 / 1.2米,99,,
2,筆電｜平板｜穿戴配件,筆電搭購電競周邊優惠專區,22,【筆電搭購優惠】｛Gigastone HH-2300｝HDMI 2.0 公-公 / 鍍金頭 / 認證 / 2米,169,,
2,筆電｜平板｜穿戴配件,ACER 筆電區,25,【展示品】Acer Aspire Lite i5-1334U/8G/512G/14吋/銀｛AL14-52M-54QL｝省$1788,15400,,
2,筆電｜平板｜穿戴配件,ACER 筆電區,26,【展示品】Acer Swift Air Ryzen AI 5 330/16G/1T/16吋/銀｛SFA16-61M-R43W｝省$3900,34000,,
2,筆電｜平板｜穿戴配件,ACER 筆電區,27,【展示品】Acer Swift Lite /U7-155U/32G/512G/14吋/幻境粉｛SFL14-54M-73E9｝省$4000,31900,,
2,筆電｜平板｜穿戴配件,ACER 筆電區,28,【維修品】Acer Swift Edge /R7-7735U/16G/512G/16吋/極光銀 ｛SFE16-42-R260｝省$7900,30000,,
2,筆電｜平板｜穿戴配件,ACER 筆電區,29,【展示品】Acer Nitro Lite i5-13420H/RTX4050/16G/512G/16吋/白｛NL16-71G-56ZT｝省$3400,31500,,
2,筆電｜平板｜穿戴配件,ACER 筆電區,30,【展示品】Acer Nitro R9-365/RTX5070/32G/1T/16吋/黑｛AN16S-61-R23D｝省$6500,64900,,
2,筆電｜平板｜穿戴配件,ACER 筆電區,31,【展示品】Acer Nitro V R5-8645HS/RTX4050/16G/512G/14.5吋/白｛ANV14-61-R74R｝省$4000,35900,,
2,筆電｜平板｜穿戴配件,ACER 筆電區,32,【展示品】Acer Nitro V Core 5-210H/RTX5060/16G/512G/15.6吋/黑｛ANV15-52-52CL｝省$4400,40500,,
2,筆電｜平板｜穿戴配件,LENOVO 筆電區,35,【展示品】Lenovo IdeaPad 5 /i5-13420H/16G/1T/14吋/灰｛83HR001HTW｝省$1490,23500,,
2,筆電｜平板｜穿戴配件,華碩 筆電區,37,【展示品】華碩 Vivobook Ultra 5-226V/16G/512G/14吋 玫瑰金 S5406SA 省$3000,31900,,
2,筆電｜平板｜穿戴配件,華碩 筆電區,38,【展示品】華碩 TUF Ryzen AI 9 465/RTX5060/32G/1T/14吋 銀 FA401GM 省$3000,65900,,
2,筆電｜平板｜穿戴配件,華碩 筆電區,39,【展示品】華碩 ROG Ryzen AI 7 350/RTX5060/32G/1T/16吋 灰 GA605KM 省$14000,72999,,
2,筆電｜平板｜穿戴配件,宏碁 Acer 筆電館-全館刷卡分期零利率(3),41,ACER 原廠一年延長保固卡 (Predator & ConceptD系列機種不適用 ),3000,,
2,筆電｜平板｜穿戴配件,宏碁 Acer 筆電館-全館刷卡分期零利率(3),42,Acer 原廠 140W 氮化鎵USB電源充電器/白色 (COT-966),2190,,
2,筆電｜平板｜穿戴配件,宏碁 Acer 筆電館-全館刷卡分期零利率(3),43,Acer AMR100 滑鼠(黑)/無線/1600dpi,490,,
2,筆電｜平板｜穿戴配件,15吋 Acer宏碁 Aspire 7 系列,45,Acer Aspire 7 Core 5-210H/RTX3050/16G/512G/15.6吋/黑｛A715-59G-55LN｝,31900,,
2,筆電｜平板｜穿戴配件,15吋 Acer宏碁 Aspire 7 系列,46,Acer Aspire 7 Core 5-210H/RTX4050/16G/512G/15.6吋/黑｛A715-59G-565X｝,36900,,
2,筆電｜平板｜穿戴配件,14吋 Acer宏碁 Aspire Lite 系列,49,Acer Aspire Lite Core 5-210H/8G/512G/14吋/銀｛AL14-72P-59YA｝,23900,,
2,筆電｜平板｜穿戴配件,14吋 Acer宏碁 Aspire Lite 系列,50,Acer Aspire Lite Ultra 5-115U/16G/512G/14吋/白｛AL14-53P-52QJ｝,25900,,
2,筆電｜平板｜穿戴配件,15吋 Acer宏碁 Aspire Lite 系列,53,Acer Aspire Lite R5-7430U/16G/512G/15.6吋/銀｛AL15-49P-R4FJ｝,20900,,
2,筆電｜平板｜穿戴配件,15吋 Acer宏碁 Aspire Lite 系列,54,Acer Aspire Lite R7-7730U/8G/512G/15.6吋/銀｛AL15-42P-R8FW｝,20900,,
2,筆電｜平板｜穿戴配件,15吋 Acer宏碁 Aspire Lite 系列,55,Acer Aspire Lite R7-7730U/8G/512G/15.6吋/白｛AL15-49P-R1J4｝,21900,,
2,筆電｜平板｜穿戴配件,15吋 Acer宏碁 Aspire Lite 系列,56,Acer Aspire Lite Core 5-210H/16G/512G/15.6吋/藍｛AL15-73P-56AE｝,28900,,
2,筆電｜平板｜穿戴配件,15吋 Acer宏碁 Aspire Lite 系列,57,Acer Aspire Lite Ultra 7-155H/16G/512G/15.6吋/銀｛AL15-74P-712A｝,31900,,
2,筆電｜平板｜穿戴配件,16吋 Acer宏碁 Aspire Lite 系列,60,Acer Aspire Lite Ultra 5-115U/16G/512G/16吋/銀｛AM16-53P-53HR｝,25900,,
2,筆電｜平板｜穿戴配件,16吋 Acer宏碁 Aspire Lite 系列,61,Acer Aspire Lite Ultra 5-125H/16G/512G/16吋/銀｛AL16-74P-5985｝,25900,,
2,筆電｜平板｜穿戴配件,16吋 Acer宏碁 Aspire Lite 系列,62,Acer Aspire Lite Ultra 5-125H/16G/512G/16吋/銀｛AL16-74T-56K4｝〈觸控〉,27900,,
2,筆電｜平板｜穿戴配件,17吋 Acer宏碁 Aspire Lite 系列,65,Acer Aspire Lite Core 3 N355/8G/512G/17.3吋/銀｛AL17-31P-363V｝,17900,,
2,筆電｜平板｜穿戴配件,17吋 Acer宏碁 Aspire Lite 系列,66,Acer Aspire Lite Ultra7-155U/16G/512G/17.3吋/銀｛AL17-52P-78QF｝,30900,,
2,筆電｜平板｜穿戴配件,14吋 Acer宏碁 Aspire Spin 系列,68,Acer Aspire Spin Ryzen AI 5 330/16G/512G/14吋/銀｛ASP14-61N-R0ZS｝〈觸控翻轉〉,28900,,
2,筆電｜平板｜穿戴配件,15吋 Acer宏碁 Aspire Spin 系列,70,Acer Aspire Spin Ryzen AI 5 330/16G/512G/15.3吋/銀｛ASP15-61N-R27Y｝〈觸控翻轉〉,29900,,
2,筆電｜平板｜穿戴配件,15吋 Acer宏碁 Aspire Spin 系列,71,Acer Aspire Spin Ultra 5-125U/16G/512G/15.3吋/銀｛ASP15-51N-57Z5｝〈觸控翻轉〉,31900,,
2,筆電｜平板｜穿戴配件,16吋 Acer宏碁 Nitro 電競機,73,Acer Nitro R9-365/RTX5060/16G/512G/16吋/黑｛AN16S-61-R9JT｝,56900,,
2,筆電｜平板｜穿戴配件,14吋 Acer宏碁 Nitro V 電競機,75,Acer Nitro V R5-8645HS/RTX4050/16G/512G/14.5吋/白｛ANV14-61-R74R｝,39900,,
2,筆電｜平板｜穿戴配件,15吋 Acer宏碁 Nitro V 電競機,77,Acer Nitro V i5-13420H/RTX5050/16G/512G/15.6吋/黑｛ANV15-52-53WY｝,37499,,
2,筆電｜平板｜穿戴配件,15吋 Acer宏碁 Nitro V 電競機,79,Acer Nitro V i5-13420H/RTX5060/16G/512G/15.6吋/黑｛ANV15-52-53GB｝,39688,,
2,筆電｜平板｜穿戴配件,15吋 Acer宏碁 Nitro V 電競機,80,Acer Nitro V Core 5-210H/RTX5060/16G/512G/15.6吋/黑｛ANV15-52-52CL｝,44900,,
2,筆電｜平板｜穿戴配件,16吋 Acer宏碁 Nitro V 電競機,82,Acer Nitro V R5-240/RTX5050/16G/512G/16吋/黑｛ANV16S-41-R14L｝,52900,,
2,筆電｜平板｜穿戴配件,16吋 Acer宏碁 Nitro V 電競機,84,Acer Nitro V R5-240/RTX5060/16G/512G/16吋/黑｛ANV16S-41-R5FT｝,56900,,
2,筆電｜平板｜穿戴配件,16吋 Acer宏碁 Nitro V 電競機,85,Acer Nitro V Ryzen AI 7 450/RTX5060/16G/512G/16吋/黑｛ANV16-A71-R0P1｝,58900,,
2,筆電｜平板｜穿戴配件,16吋 Acer宏碁 Nitro V 電競機,86,Acer Nitro V Ryzen AI 9 465/RTX5070/16G/512G/16吋/黑｛ANV16-A71-R2A2｝,65900,,
2,筆電｜平板｜穿戴配件,16吋 Acer宏碁 Predator Helios Neo 16 電競機〈官網登錄送一年延保〉,88,Acer Helios Neo Ultra 7-255HX/RTX5060/16G/512G/16吋/黑｛PHN16-73-71BP｝,65900,,
2,筆電｜平板｜穿戴配件,16吋 Acer宏碁 Predator Helios Neo 16 電競機〈官網登錄送一年延保〉,89,Acer Helios Neo Ultra 9-275HX/RTX5060/16G/512G/16吋/黑｛PHN16-73-900P｝,67800,,
2,筆電｜平板｜穿戴配件,16吋 Acer宏碁 Predator Helios Neo 16 電競機〈官網登錄送一年延保〉,90,Acer Helios Neo Ultra 9-275HX/RTX5070/16G/512G/16吋/黑｛PHN16-73-92G5｝,72800,,
2,筆電｜平板｜穿戴配件,16吋 Acer宏碁 Predator Helios Neo 16S AI 電競機〈官網登錄送一年延保〉,92,Acer Helios Neo Ultra 7-255HX/RTX5060/16G/512G/16吋/黑｛PHN16S-71-79XM｝,59900,,酷幣2000
2,筆電｜平板｜穿戴配件,16吋 Acer宏碁 Predator Helios Neo 16S AI 電競機〈官網登錄送一年延保〉,94,Acer Helios Neo Ultra 9-275HX/RTX5060/16G/512G/16吋/黑｛PHN16S-71-94UX｝,57900,,
2,筆電｜平板｜穿戴配件,16吋 Acer宏碁 Predator Helios Neo 16S AI 電競機〈官網登錄送一年延保〉,95,Acer Helios Neo Ultra 9-275HX/RTX5070/16G/512G/16吋/黑｛PHN16S-71-90J2｝,66900,,
2,筆電｜平板｜穿戴配件,16吋 Acer宏碁 Predator Helios Neo 16S AI 電競機〈官網登錄送一年延保〉,96,Acer Helios Neo Ultra 9-275HX/RTX5070Ti/32G/1T/16吋/黑｛PHN16S-71-90TD｝,92900,,
2,筆電｜平板｜穿戴配件,14吋 Acer宏碁 Swift Lite 系列,98,Acer Swift Lite Ultra 5-115U/32G/512G/14吋/晨曦粉｛SFL14-54M-56KG｝【極致輕999克】,31900,,
2,筆電｜平板｜穿戴配件,14吋 Acer宏碁 Swift Lite 系列,99,Acer Swift Lite Ultra 7-155U/32G/512G/14吋/幻境粉｛SFL14-54M-73E9｝【極致輕999克】,35900,,
2,筆電｜平板｜穿戴配件,14吋 Acer宏碁 Swift Lite 系列,100,Acer Swift Lite Ultra 7-155U/32G/512G/14吋/銀｛SFL14-54M-72JK｝【極致輕999克】,35900,,
2,筆電｜平板｜穿戴配件,16吋 Acer宏碁 Swift Lite 系列,102,Acer Swift Lite Ultra 5-115U/16G/512G/16吋/銀｛SFL16-51M-5184｝,28900,,
2,筆電｜平板｜穿戴配件,16吋 Acer宏碁 Swift Lite 系列,103,Acer Swift Lite Ultra 7-155U/32G/512G/16吋/銀｛SFL16-51M-74W7｝,34900,,
2,筆電｜平板｜穿戴配件,16吋 Acer宏碁 Swift Lite 系列,104,Acer Swift Lite R5-240/16G/512G/16吋/銀｛SFL16-41M-R10R｝,29900,,
2,筆電｜平板｜穿戴配件,14吋 Acer宏碁 Swift Go 系列,106,Acer Swift Go AI Ultra 5-226V/16G/512G/14吋/藍｛SFG14-75-542S｝〈IPS面板〉,32900,,
2,筆電｜平板｜穿戴配件,14吋 Acer宏碁 Swift Go 系列,107,Acer Swift Go AI Ultra 5-228V/32G/512G/14吋/藍｛SFG14-75-5948｝,39900,,
2,筆電｜平板｜穿戴配件,14吋 Acer宏碁 Swift Go 系列,108,Acer Swift Go AI Ultra 5-226V/16G/512G/14吋/藍｛SFG14-75-59DG｝,35900,,
2,筆電｜平板｜穿戴配件,14吋 Acer宏碁 Swift Go 系列,109,Acer Swift Go AI Ultra 7-258V/32G/1T/14吋/藍｛SFG14-75-76T1｝,46900,,
2,筆電｜平板｜穿戴配件,16吋 Acer宏碁 Swift Go 系列,111,Acer Swift Go AI Ultra 5-226V/16G/512G/16吋/黑｛SFG16-74-59TK｝,37900,,
2,筆電｜平板｜穿戴配件,16吋 Acer宏碁 Swift Go 系列,112,Acer Swift Go AI Ultra 5-228V/32G/512G/16吋/黑｛SFG16-74-58QT｝,43900,,
2,筆電｜平板｜穿戴配件,16吋 Acer宏碁 Swift Go 系列,113,Acer Swift Go AI Ultra 7-258V/32G/1T/16吋/黑｛SFG16-74-79T3｝,48900,,
2,筆電｜平板｜穿戴配件,14吋 Acer宏碁 Swift 14 系列,115,Acer Swift 14 Qualcomm X1E-78-100/16G/1T/14.5吋/灰｛SF14-11T-X5F7｝〈觸控〉,29900,,
2,筆電｜平板｜穿戴配件,14吋 Acer宏碁 Swift Air 系列,117,Acer Swift Air Ultra 5-125H/16G/512G/14吋/銀｛SFA14-71M-57TB｝,31900,,
2,筆電｜平板｜穿戴配件,14吋 Acer宏碁 Swift Air 系列,118,Acer Swift Air Ultra 5-125H/32G/512G/14吋/銀｛SFA14-71M-52EM｝,37900,,
2,筆電｜平板｜穿戴配件,14吋 Acer宏碁 Swift Air 系列,119,Acer Swift Air Ultra 7-155H/32G/512G/14吋/粉｛SFA14-71M-72Q2｝,42900,,
2,筆電｜平板｜穿戴配件,14吋 Acer宏碁 Swift Air 系列,120,Acer Swift Air Ultra 7-155H/32G/512G/14吋/銀｛SFA14-71M-791S｝,42900,,
2,筆電｜平板｜穿戴配件,16吋 Acer宏碁 Swift Air 系列,122,Acer Swift Air Ryzen AI 5 330/16G/512G/16吋/銀｛SFA16-61M-R8U8｝【極致輕999克】,33900,,
2,筆電｜平板｜穿戴配件,16吋 Acer宏碁 Swift Air 系列,123,Acer Swift Air Ryzen AI 5 330/16G/1T/16吋/銀｛SFA16-61M-R43W｝【極致輕999克】,37900,,
2,筆電｜平板｜穿戴配件,16吋 Acer宏碁 Swift Air 系列,124,Acer Swift Air Ryzen AI 5 330/16G/512G/16吋/白｛SFA16-61M-R3W0｝,34900,,
2,筆電｜平板｜穿戴配件,16吋 Acer宏碁 Swift Air 系列,125,Acer Swift Air Ryzen AI 7 350/16G/512G/16吋/銀｛SFA16-61M-R1PN｝【極致輕999克】,38900,,
2,筆電｜平板｜穿戴配件,16吋 Acer宏碁 Swift Air 系列,126,Acer Swift Air Ryzen AI 7 350/16G/512G/16吋/白｛SFA16-61M-R7T5｝,38900,,
2,筆電｜平板｜穿戴配件,14吋/16吋 Acer宏碁 Swift Edge 系列 〈頂級超輕量工作生活筆電〉,128,Acer Swift Edge Ultra 7-355/32G/512G/14吋/極光銀｛SFE14-I51-77SW｝,58900,,
2,筆電｜平板｜穿戴配件,15吋 Lenovo IdeaPad Slim 3 系列,133,Lenovo IdeaPad 3 i3-1315U/8G/512G/15.6吋/藍｛82X700LATW｝,15990,,
2,筆電｜平板｜穿戴配件,16吋 Lenovo IdeaPad Slim 3 系列,136,Lenovo IdeaPad 3 Core 5-320/16G/512G/16吋/灰｛83RS001PTW｝,29990,,
2,筆電｜平板｜穿戴配件,16吋 Lenovo IdeaPad Slim 3 系列,137,Lenovo IdeaPad 3 Ultra 5-322/16G/512G/16吋/灰｛83US0050TW｝,32990,,
2,筆電｜平板｜穿戴配件,14吋 Lenovo IdeaPad Pro 5 系列,140,Lenovo IdeaPad Pro 5 Ultra X7-358H/32G/1T/14吋/灰｛83SH000NTW｝,63900,,
2,筆電｜平板｜穿戴配件,14吋 Lenovo Yoga Slim 7 / Yoga Pro 7 系列,143,Lenovo Yoga Slim 7 Ultra 5-325/32G/1T/14吋/貝殼白｛83QK0038TW｝〈觸控〉,63990,,
2,筆電｜平板｜穿戴配件,14吋 Lenovo Yoga Slim 7 / Yoga Pro 7 系列,144,Lenovo Yoga Slim 9 Ultra 7-258V/32G/1T/14吋/綠｛83CX0010TW｝〈觸控〉,64500,,
2,筆電｜平板｜穿戴配件,15吋 Lenovo LOQ 系列,148,Lenovo LOQ R5-7535HS/RTX3050/16G/512G/15.6吋/灰｛83S000A9TW｝,29990,,
2,筆電｜平板｜穿戴配件,15吋 Lenovo LOQ 系列,149,Lenovo LOQ R7-7735HS/RTX4050/16G/512G/15.6吋/灰｛83S000A8TW｝,35900,,
2,筆電｜平板｜穿戴配件,15吋 Lenovo LOQ 系列,150,Lenovo LOQ R7-170/RTX4050/16G/512G/15.6吋/灰｛83S000DNTW｝,35990,,
2,筆電｜平板｜穿戴配件,15吋 Lenovo LOQ 系列,151,Lenovo LOQ R7-250/RTX5060/16G/512G/15.3吋/灰｛83TN004BTW｝,46990,,
2,筆電｜平板｜穿戴配件,15吋 Lenovo LOQ 系列,153,Lenovo LOQ i5-13450HX/RTX3050/16G/512G/15.6吋/灰｛83DV01GJTW｝,33990,,
2,筆電｜平板｜穿戴配件,15吋 Lenovo LOQ 系列,154,Lenovo LOQ i5-13450HX/RTX4050/16G/512G/15.6吋/灰｛83DV01J3TW｝,35990,,
2,筆電｜平板｜穿戴配件,15吋 Lenovo Legion 5 系列,157,Lenovo Legion 5 Ultra 7-356H/RTX5060/32G/1T/15.3吋/黑｛83RW0026TW｝,85990,,
2,筆電｜平板｜穿戴配件,華碩 ASUS 筆電館-全館刷卡分期零利率(3),159,【完美保固】首年一次全機種竊盜/搶奪/強盜，華碩最高提供 80% 購買優惠 2026/12/31止。,1,,
2,筆電｜平板｜穿戴配件,華碩 ASUS 筆電館-全館刷卡分期零利率(3),160,【華碩活動】購買Vivobook/Zenbook/ProArt 系列筆電贈 Google AI 3 個月。2027/8/9止,1,,
2,筆電｜平板｜穿戴配件,華碩 ASUS 筆電館-全館刷卡分期零利率(3),161,華碩 TUF Gaming VP4700 電競後背包 / VP4700 TUF BACKPACK/15_17,1680,,熱賣
2,筆電｜平板｜穿戴配件,華碩 ASUS 筆電館-全館刷卡分期零利率(3),162,華碩 TUF Gaming VP4700 電競後背包 / VP4700 TUF BACKPACK/15_17【筆電合搭價】,1290,,
2,筆電｜平板｜穿戴配件,華碩 ASUS 筆電館-全館刷卡分期零利率(3),163,【華碩家用筆記型電腦】ASUS Premium Care 第三年本地延伸保固服務-實體卡片套件,3000,,
2,筆電｜平板｜穿戴配件,華碩 ASUS 筆電館-全館刷卡分期零利率(3),164,【華碩電競筆記型電腦】ASUS Premium Care 第三年本地延伸保固服務-實體卡片套件,3500,,
2,筆電｜平板｜穿戴配件,華碩 ROG 二十載淬鍊不凡 / ROG SAGA 特展 / 2026 限量特展,166,華碩 ROG OMNI 可動公仔-煥彩白,1099,,熱賣
2,筆電｜平板｜穿戴配件,華碩 ROG 二十載淬鍊不凡 / ROG SAGA 特展 / 2026 限量特展,167,華碩 ROG OMNI 可動公仔-經典OG(紅),1099,,熱賣
2,筆電｜平板｜穿戴配件,華碩 ROG 二十載淬鍊不凡 / ROG SAGA 特展 / 2026 限量特展,168,華碩 ROG SAGA OMNI Edition 20 公仔 黑透金限量版,1299,,
2,筆電｜平板｜穿戴配件,華碩 ROG 二十載淬鍊不凡 / ROG SAGA 特展 / 2026 限量特展,169,華碩 ROG SAGA OMNI Hang Pal 隨身心情公仔(紅),450,,
2,筆電｜平板｜穿戴配件,華碩 ROG 二十載淬鍊不凡 / ROG SAGA 特展 / 2026 限量特展,170,華碩 ROG OMNI 無懼特攻 冒險漫畫,390,,
2,筆電｜平板｜穿戴配件,華碩 ROG 二十載淬鍊不凡 / ROG SAGA 特展 / 2026 限量特展,171,華碩 ROG SLASH 後背包 Edition 20,6490,,
2,筆電｜平板｜穿戴配件,華碩 ROG 二十載淬鍊不凡 / ROG SAGA 特展 / 2026 限量特展,172,華碩 ROG SLASH 20吋登機箱 Edition 20,7790,,
2,筆電｜平板｜穿戴配件,13 吋 華碩 ProArt 系列〈打造全新 AI 體驗、提升工作效率〉,175,華碩 ProArt Ryzen AI MAX+ 395/32G/1T/13吋 黑 ｛HN7306EA-0033K395｝訂/觸控翻轉/附觸控筆,89999,,
2,筆電｜平板｜穿戴配件,14 吋 華碩 Zenbook 系列,177,華碩 Zenbook Qualcomm/16G/512G/14吋 冰岩灰｛UX3407QA-0112G26100 ｝超輕盈,36999,,
2,筆電｜平板｜穿戴配件,14 吋 華碩 Zenbook 系列,178,華碩 Zenbook Qualcomm/16G/1T/14吋 冰岩灰｛UX3407QA-0102G26100｝超輕盈,41999,,
2,筆電｜平板｜穿戴配件,14 吋 華碩 Zenbook 系列,179,華碩 Zenbook Qualcomm/16G/1T/14吋 沙暮金｛UX3407QA-0132D26100｝超輕盈/訂,41999,,
2,筆電｜平板｜穿戴配件,14 吋 華碩 Zenbook 系列,180,華碩 Zenbook Ryzen AI 5-430/16G/512G/14吋 玉石黑｛UM3406GA-0042K430H｝OLED,40999,,
2,筆電｜平板｜穿戴配件,14 吋 華碩 Zenbook 系列,181,華碩 Zenbook Ultra 5-225H/16G/512G/14吋 紳士藍｛UX3405CA-0122B225H｝,39999,,
2,筆電｜平板｜穿戴配件,14 吋 華碩 Zenbook 系列,182,華碩 Zenbook Ultra 5-225H/16G/512G/14吋 白霧銀｛UX3405CA-0182S225H｝,39999,,
2,筆電｜平板｜穿戴配件,14 吋 華碩 Zenbook 系列,183,華碩 Zenbook Ultra 7-255H/16G/512G/14吋 紳士藍｛UX3405CA-0202B255H｝,44999,,
2,筆電｜平板｜穿戴配件,14 吋 華碩 Zenbook 系列,184,華碩 Zenbook Ultra 7-255H/16G/512G/14吋 白霧銀｛UX3405CA-0192S255H｝,44999,,
2,筆電｜平板｜穿戴配件,14 吋 華碩 Zenbook 系列,185,華碩 Zenbook Ultra 7-355/16G/512G/14吋 曜岩灰｛UX5406AA-0082G355｝,57999,,
2,筆電｜平板｜穿戴配件,14 吋 華碩 Zenbook 系列,186,華碩 Zenbook Ultra 7-355/16G/512G/14吋 暖煦白｛UX5406AA-0092W355｝,57999,,
2,筆電｜平板｜穿戴配件,14 吋 華碩 Zenbook 系列,187,華碩 Zenbook Ultra 9-386H/32G/1T/14吋 霧岩灰｛UX5406AA-0042G386H｝32G珍品,76999,,
2,筆電｜平板｜穿戴配件,14 吋 華碩 Zenbook 系列,188,華碩 Zenbook Duo Ultra X7-358H/16G/512G/14吋 灰｛UX8407AA-0083I358H｝雙螢幕觸控,84999,,
2,筆電｜平板｜穿戴配件,14 吋 華碩 Zenbook 系列,190,華碩 Zenbook Duo Ultra X9-388H/32G/1T/14吋 灰｛UX8407AA-0033I388H｝雙螢幕觸控,109999,,熱賣
2,筆電｜平板｜穿戴配件,16 吋 華碩 Zenbook 系列,193,華碩 Vivobook Qualcomm/16G/1T/14吋 鉑金色｛X1407QA-0031D26100｝1TB大容量,29999,,
2,筆電｜平板｜穿戴配件,16 吋 華碩 Zenbook 系列,194,華碩 Vivobook Qualcomm/16G/512G/16吋 午夜藍｛X1607QA-0051B26100｝,34999,,
2,筆電｜平板｜穿戴配件,16 吋 華碩 Zenbook 系列,195,華碩 Vivobook Qualcomm/16G/512G/16吋 夜幕灰｛S3607QA-0042G26100｝,37999,,
2,筆電｜平板｜穿戴配件,16 吋 華碩 Zenbook 系列,197,華碩 Zenbook Qualcomm/16G/512G/16吋 沙暮金｛UX3607QA-0052D26100｝超輕盈,41999,,
2,筆電｜平板｜穿戴配件,16 吋 華碩 Zenbook 系列,198,華碩 Zenbook Qualcomm/16G/512G/16吋 冰岩灰｛UX3607QA-0062G26100｝超輕盈,41999,,
2,筆電｜平板｜穿戴配件,14吋 華碩 Vivobook GO / Vivobook 系列,200,華碩 Vivobook Core 5 120U/8G/512G/14吋 午夜藍｛X1404VA-0381B120U｝,18999,,
2,筆電｜平板｜穿戴配件,14吋 華碩 Vivobook GO / Vivobook 系列,201,華碩 Vivobook Core 5 120U/8G/512G/14吋 幻彩白｛X1404VA-0421W120U｝,18999,,
2,筆電｜平板｜穿戴配件,14吋 華碩 Vivobook GO / Vivobook 系列,202,華碩 Vivobook Ultra 5-325/16G/512G/14吋 鉑金色｛X1407AA-0041D325｝鉑金大方,32999,,
2,筆電｜平板｜穿戴配件,14吋 華碩 Vivobook GO / Vivobook 系列,203,華碩 Vivobook Ultra 5-226V/16G/512G/14吋 迷霧藍｛S5406SA-0068B226V｝超值OLED,34999,,
2,筆電｜平板｜穿戴配件,14吋 華碩 Vivobook GO / Vivobook 系列,204,華碩 Vivobook Ultra 5-226V/16G/512G/14吋 玫瑰金｛S5406SA-0078C226V｝超值OLED,34999,,
2,筆電｜平板｜穿戴配件,14吋 華碩 Vivobook GO / Vivobook 系列,205,華碩 Vivobook Ultra 5-226V/16G/512G/14吋 莓果粉｛S5406SAL-0198F226V｝萌色動人,34999,,熱賣
2,筆電｜平板｜穿戴配件,14吋 華碩 Vivobook GO / Vivobook 系列,207,華碩 Vivobook Ultra 7-256V/16G/512G/14吋 迷霧藍｛S5406SA-0108B256V｝超值OLED,37999,,
2,筆電｜平板｜穿戴配件,15 吋 華碩 VivoBook GO / VivoBook 系列,209,華碩 VivoBook Core 3 100U/8G/512G/15吋 午夜藍｛X1504VA-0611B100U｝文書逸品,17999,,
2,筆電｜平板｜穿戴配件,15 吋 華碩 VivoBook GO / VivoBook 系列,210,華碩 VivoBook R5-150/8G/512G/15吋 午夜藍｛M1502NAQ-0041B150H｝,21999,,熱賣
2,筆電｜平板｜穿戴配件,15 吋 華碩 VivoBook GO / VivoBook 系列,211,華碩 VivoBook R5-150/8G/512G/15吋 蜜誘金｛ M1502NAQ-0091C150H｝,21999,,熱賣
2,筆電｜平板｜穿戴配件,15 吋 華碩 VivoBook GO / VivoBook 系列,212,華碩 VivoBook R7-7840HS/8G/512G/15吋 午夜藍｛M1502XA-0021B7840HS｝,27999,,熱賣
2,筆電｜平板｜穿戴配件,15 吋 華碩 VivoBook GO / VivoBook 系列,213,華碩 VivoBook Core 5 120U/8G/512G/15吋 午夜藍｛X1504VA-0581B120U｝,19999,,
2,筆電｜平板｜穿戴配件,15 吋 華碩 VivoBook GO / VivoBook 系列,214,華碩 VivoBook Core 5 120U/8G/512G/15吋 蜜誘金｛X1504VA-0591C120U｝,19999,,
2,筆電｜平板｜穿戴配件,15 吋 華碩 VivoBook GO / VivoBook 系列,215,華碩 Vivobook Core 5 320/8G/512G/15吋 午夜藍｛X1504MA-0031B320｝,23999,,
2,筆電｜平板｜穿戴配件,15 吋 華碩 VivoBook GO / VivoBook 系列,216,華碩 Vivobook Core 5 320/8G/512G/15吋 蜜誘金｛X1504MA-0061C320｝,23999,,
2,筆電｜平板｜穿戴配件,15 吋 華碩 VivoBook GO / VivoBook 系列,217,華碩 VivoBook Core 7 350/8G/512G/15吋 午夜藍｛X1504MA-0081B350｝,27999,,
2,筆電｜平板｜穿戴配件,16 吋 華碩 Vivobook 系列,219,華碩 Vivobook Ultra 5-325/16G/512G/16吋 午夜藍｛X1607AA-0031B325｝,35999,,
2,筆電｜平板｜穿戴配件,16 吋 華碩 Vivobook 系列,220,華碩 Vivobook Ultra 5-225H/16G/512G/16吋 夜幕灰｛S3607CA-0182G225H｝OLED,35999,,
2,筆電｜平板｜穿戴配件,16 吋 華碩 Vivobook 系列,221,華碩 Vivobook Ultra 5-325/16G/512G/16吋 夜幕灰｛S3607AA-0052G325｝,37999,,
2,筆電｜平板｜穿戴配件,16 吋 華碩 Vivobook 系列,222,華碩 Vivobook Ultra 5-325/16G/512G/16吋 酷玩銀｛S3607AA-0062S325｝,37999,,
2,筆電｜平板｜穿戴配件,16 吋 華碩 Vivobook 系列,223,華碩 Vivobook Ultra 5-325/16G/512G/16吋 瑰蜜粉｛S3607AA-0072C325｝,37999,,
2,筆電｜平板｜穿戴配件,16 吋 華碩 Vivobook 系列,224,華碩 Vivobook Ultra 5-325/16G/512G/16吋 開心果綠｛S3607AA-0082E325｝,37999,,
2,筆電｜平板｜穿戴配件,16 吋 華碩 Vivobook 系列,225,華碩 Vivobook Core 7 350/16G/256G/16吋 夜幕灰｛S5652MA-0072G350｝,39999,,
2,筆電｜平板｜穿戴配件,16 吋 華碩 Vivobook 系列,226,華碩 Vivobook Core 7 350/16G/512G/16吋 夜幕灰｛S5652MA-0052G350｝,41999,,
2,筆電｜平板｜穿戴配件,16 吋 華碩 Vivobook 系列,227,華碩 Vivobook Core 7 350/16G/512G/16吋 酷玩銀｛S5652MA-0062S350｝,41999,,
2,筆電｜平板｜穿戴配件,17 吋 華碩 Vivobook 系列,229,華碩 Vivobook Core 5 120U/8G/512G/17吋 午夜藍｛X1704VA-0101B120U｝,24999,,
2,筆電｜平板｜穿戴配件,18 吋 華碩 Vivobook 系列,231,華碩 Vivobook Ryzen AI 7 445/16G/512G/18吋 藍｛M1807GA-0061B445H｝超大尺寸,40999,,熱賣
2,筆電｜平板｜穿戴配件,14 吋 華碩 TUF Gaming / ROG 電競系列,233,華碩 TUF Ryzen AI 9 465/RTX5060/32G/1T/14吋 御鐵灰｛FA401GM-0021A465H｝,67888,,
2,筆電｜平板｜穿戴配件,14 吋 華碩 TUF Gaming / ROG 電競系列,234,華碩 TUF Ryzen AI 9 465/RTX5060/32G/1T/14吋 月光銀｛FA401GM-0031C465H｝,67888,,
2,筆電｜平板｜穿戴配件,14 吋 華碩 TUF Gaming / ROG 電競系列,235,華碩 ROG Ryzen AI 9 465/RTX5060/32G/2T/14吋 鉑月銀｛GA403GM-0092H465H-NBLO｝,93999,,
2,筆電｜平板｜穿戴配件,14 吋 華碩 TUF Gaming / ROG 電競系列,236,華碩 ROG Ultra 9-386H/RTX5070Ti/64G/2T/14吋 鉑月銀｛GU405AR-0028H386H-NBLO｝,139999,,
2,筆電｜平板｜穿戴配件,15 吋 華碩 TUF Gaming 電競系列,238,華碩 TUF R7-170/RTX3050/16G/512G/15吋 黑｛FA506NCQ-0032B170H｝送螢幕護貼,33999,,熱賣
2,筆電｜平板｜穿戴配件,15 吋 華碩 TUF Gaming 電競系列,239,華碩 TUF R7-8845HS/RTX3050/16G/512G/15吋 黑｛FA506NCG-0162B8845HS｝送螢幕護貼,33999,,
2,筆電｜平板｜穿戴配件,16 吋 華碩 TUF Gaming / ROG / Zephyrus 電競系列,241,華碩 TUF Core 5 210H/RTX4050/16G/512G/16吋 月影灰｛FX607VU-0103A210H｝,39999,,熱賣
2,筆電｜平板｜穿戴配件,16 吋 華碩 TUF Gaming / ROG / Zephyrus 電競系列,243,華碩 TUF Core 5 210H/RTX4050/16G/512G/16吋 灰｛FX607VU-0103A210H｝搭V4700包包,40999,,熱賣
2,筆電｜平板｜穿戴配件,16 吋 華碩 TUF Gaming / ROG / Zephyrus 電競系列,245,華碩 TUF i5-14450HX/RTX5050/16G/512G/16吋 御鐵灰｛FX608JHR-0031A14450HX｝,44999,,
2,筆電｜平板｜穿戴配件,16 吋 華碩 TUF Gaming / ROG / Zephyrus 電競系列,246,華碩 TUF Ryzen AI 7-260/RTX5050/16G/512G/16吋 灰｛FA608UHI-0061A260H｝,43999,,熱賣
2,筆電｜平板｜穿戴配件,16 吋 華碩 TUF Gaming / ROG / Zephyrus 電競系列,248,華碩 TUF Ryzen AI 7-260/RTX5060/16G/512G/16吋 御鐵灰｛FA608UMI-0091A260H｝,47999,,
2,筆電｜平板｜穿戴配件,16 吋 華碩 TUF Gaming / ROG / Zephyrus 電競系列,249,華碩 TUF Ryzen AI 7-260/RTX5060/16G/512G/16吋 月光銀｛FA608UMI-0121C260H｝,46999,,
2,筆電｜平板｜穿戴配件,16 吋 華碩 TUF Gaming / ROG / Zephyrus 電競系列,250,華碩 TUF R9-8940HX/RTX5060/16G/512G/16吋 御鐵灰｛FA608PMR-0041A8940HX｝2K,52999,,熱賣
2,筆電｜平板｜穿戴配件,16 吋 華碩 TUF Gaming / ROG / Zephyrus 電競系列,251,華碩 TUF R9-8940HX/RTX5070/16G/512G/16吋 灰｛FA608PP-0071A8940HX｝好康內洽,57999,,熱賣
2,筆電｜平板｜穿戴配件,16 吋 華碩 TUF Gaming / ROG / Zephyrus 電競系列,252,【直升32G】華碩 TUF R9-8940HX/RTX5070/32G/512G/16吋 御鐵灰｛FA608PP-0071A8940HX｝,65998,,熱賣
2,筆電｜平板｜穿戴配件,16 吋 華碩 TUF Gaming / ROG / Zephyrus 電競系列,253,華碩 ROG R9-8940HX/RTX5060/16G/1T/16吋 幻潮黑｛G614PM-0024C8940HX-NBL｝,65999,,熱賣
2,筆電｜平板｜穿戴配件,16 吋 華碩 TUF Gaming / ROG / Zephyrus 電競系列,254,華碩 ROG R9-8940HX/RTX5060/16G/1T/16吋 幻潮黑｛G614PM-0044C8940HX-NBL｝,65999,,
2,筆電｜平板｜穿戴配件,16 吋 華碩 TUF Gaming / ROG / Zephyrus 電競系列,255,華碩 ROG R9-8940HX/RTX5070Ti/16G/1T/16吋 幻潮黑｛G614PR-0074C8940HX-NBL｝,79999,,
2,筆電｜平板｜穿戴配件,16 吋 華碩 TUF Gaming / ROG / Zephyrus 電競系列,256,華碩 ROG R9-8940HX/RTX5080/16G/1T/16吋 幻潮黑｛G614PW-0034C8940HX-NBL｝,95999,,
2,筆電｜平板｜穿戴配件,16 吋 華碩 TUF Gaming / ROG / Zephyrus 電競系列,257,華碩 ROG Ultra 9-386H/RTX5060/32G/1T/16吋 日蝕灰｛GU606AM-0032I386H-NBLO｝,95999,,
2,筆電｜平板｜穿戴配件,16 吋 華碩 TUF Gaming / ROG / Zephyrus 電競系列,258,華碩 ROG Ultra 9-386H/RTX5060/32G/1T/16吋 鉑月銀｛GU606AM-0022H386H-NBLO｝,95999,,
2,筆電｜平板｜穿戴配件,16 吋 華碩 TUF Gaming / ROG / Zephyrus 電競系列,259,華碩 ROG Ultra 9-386H/RTX5070Ti/64G/1T/16吋 日蝕灰｛GU606AR-0058I386H-NBLO｝,139999,,
2,筆電｜平板｜穿戴配件,16 吋 華碩 TUF Gaming / ROG / Zephyrus 電競系列,260,華碩 ROG Ultra 9-386H/RTX5090/64G/1T/16吋 鉑月銀｛GU606AX-0048H386H-NBLO｝,189999,,
2,筆電｜平板｜穿戴配件,16 吋 華碩 TUF Gaming / ROG / Zephyrus 電競系列,261,華碩 ROG Ultra 9-386H/RTX5090/64G/2T/16吋 星曜灰｛GX651AX-0022B386H-NBLO｝,239999,,
2,筆電｜平板｜穿戴配件,17 吋 華碩 TUF Gaming / ROG 電競系列,264,華碩 TUF Core 5 210H/RTX3050/16G/512G/17吋 月影灰｛FX707VJB-0032A210H｝,35999,,
2,筆電｜平板｜穿戴配件,17 吋 華碩 TUF Gaming / ROG 電競系列,265,華碩 TUF R7-170/RTX4050/16G/512G/17吋 灰｛FA707NUQ-0042A170H｝,38999,,
2,筆電｜平板｜穿戴配件,18 吋 華碩 TUF Gaming / ROG 電競系列,267,華碩 TUF Ryzen AI 7-260/RTX5050/16G/512G/18吋 灰｛FA808UH-0021A260H｝活動內洽,49999,,熱賣
2,筆電｜平板｜穿戴配件,18 吋 華碩 TUF Gaming / ROG 電競系列,269,華碩 TUF Ryzen AI 7-260/RTX5060/16G/1T/18吋 御鐵灰｛FA808UM-0031A260H｝,57999,,熱賣
2,筆電｜平板｜穿戴配件,18 吋 華碩 TUF Gaming / ROG 電競系列,270,華碩 ROG R9-8940HX/RTX5070/16G/1T/18吋 幻潮黑｛G814PP-0064C8940HX-NBL｝,75999,,
2,筆電｜平板｜穿戴配件,18 吋 華碩 TUF Gaming / ROG 電競系列,271,華碩 ROG Ultra 9-290HX/RTX5070/16G/1T/18吋 幻潮黑｛G815LP-0071C290HX-NBL｝,81999,,
2,筆電｜平板｜穿戴配件,18 吋 華碩 TUF Gaming / ROG 電競系列,272,華碩 ROG Ultra 9-290HX/RTX5080/16G/1T/18吋 電光綠｛G815LW-0071G290HX-NBLM｝,119999,,
2,筆電｜平板｜穿戴配件,18 吋 華碩 TUF Gaming / ROG 電競系列,273,華碩 ROG Ultra 9-290HX/RTX5090/64G/1T/18吋 闇夜黑｛G835LXG-0171A290HX-NBLM｝,179999,,
2,筆電｜平板｜穿戴配件,18 吋 華碩 TUF Gaming / ROG 電競系列,274,華碩 ROG Ultra 9-290HX/RTX5090/128G/4T/18吋 闇夜黑｛G835LXG-0081A290HX-NBLM｝,245999,,
2,筆電｜平板｜穿戴配件,戴爾 DELL 筆電館-全館刷卡分期零利率(3),276,即日起～9/28 購買 Dell 指定機種線上登錄送專屬購機好禮，數量有限送完為止，詳見活動頁面~,1,,
2,筆電｜平板｜穿戴配件,14吋 戴爾 DELL Base 系列,278,DELL Base Core 5-120U/8G/512G/14吋 銀河星跡｛DC14250-R1508STW｝,23990,,
2,筆電｜平板｜穿戴配件,14吋 戴爾 DELL Base 系列,279,DELL Base Ryzen AI 7 350/16G/512G/14吋 銀｛DC14255-R1808STW｝,45990,,
2,筆電｜平板｜穿戴配件,14吋 戴爾 DELL Base 系列,280,DELL Base Ultra 5-225U/16G/512G/14吋 銀河星跡｛D14260-R1508STW｝,33990,,
2,筆電｜平板｜穿戴配件,14吋 戴爾 DELL Base 系列,281,DELL Base Ultra 7-255U/32G/1T/14吋 銀河星跡｛D14260-R2708STW｝,60990,,
2,筆電｜平板｜穿戴配件,14吋 戴爾 DELL Base 系列,282,DELL Base Ryzen AI 7 445/32G/1T/14吋 晨霜藍｛DS14265-R1708BTW｝,69990,,
2,筆電｜平板｜穿戴配件,14吋 戴爾 DELL Base 系列,283,DELL Base Ultra 5-322/16G/1T/14吋 晨霜藍｛DS14260-R1508BTW｝,54990,,
2,筆電｜平板｜穿戴配件,15吋 戴爾 DELL Base 系列,286,DELL Base Ultra 7-255H/16G/1T/15.6吋 銀河星跡｛D15260-R2808STW｝,52990,,
2,筆電｜平板｜穿戴配件,16吋 戴爾 DELL Base 系列,289,DELL Base Ultra 5-322/16G/1T/16吋 暮靄藍｛DS16260-R1508BTW｝〈觸控〉▼下殺到 9/30 23:59,64999,66990,價格異動 下殺
2,筆電｜平板｜穿戴配件,14吋 戴爾 DELL Pro 系列,292,DELL Pro R5-PRO 230/8G/512G/14吋 灰｛PC14255-2308G512G｝▼下殺到 9/30 23:59,29999,34990,價格異動 下殺
2,筆電｜平板｜穿戴配件,14吋 戴爾 DELL Pro 系列,293,DELL Pro Ryzen AI 5 PRO 340/16G/512G/14吋 銀｛PC14255-AI516G512G｝,40990,,
2,筆電｜平板｜穿戴配件,14吋 戴爾 DELL Pro 系列,294,DELL Pro Core 5-220U/16G/512G/14吋 灰｛PC14250-C5216G512G｝,37990,,
2,筆電｜平板｜穿戴配件,14吋 戴爾 DELL Pro 系列,295,DELL Pro Ultra 5-235U/16G/512G/14吋 銀｛PC14250-U5216G512G｝,47990,,
2,筆電｜平板｜穿戴配件,14吋 戴爾 DELL Pro 系列,296,DELL Pro Ultra 7-265U/16G/512G/14吋 銀｛PC14250-U7616G512G｝,47990,,
2,筆電｜平板｜穿戴配件,16吋 戴爾 DELL Pro 系列,299,DELL Pro R5-PRO 230/8G/512G/16吋 灰｛PC16255-2308G512G｝▼下殺到 9/30 23:59,28999,34990,價格異動 下殺
2,筆電｜平板｜穿戴配件,16吋 戴爾 DELL Pro 系列,300,DELL Pro Ryzen AI 5 PRO 340/16G/512G/16吋 銀｛PC16255-AI516G512G｝,40990,,
2,筆電｜平板｜穿戴配件,16吋 戴爾 DELL Pro 系列,301,DELL Pro Ultra 5-235U/16G/512G/16吋 銀｛PC16250-U5216G512G｝,47990,,
2,筆電｜平板｜穿戴配件,14吋 戴爾 DELL Pro Plus 系列,304,DELL Pro Plus Ultra 7-268V/32G/1T/14吋 銀｛PB14250-U732G1TB｝,59990,,
2,筆電｜平板｜穿戴配件,14吋 戴爾 DELL Pro Essential 系列,307,DELL Pro Essential Ultra 5-225U/16G/512G/14吋 黑｛PV14260-R1508BTW｝▼下殺到 9/30 23:59,37999,39999,價格異動 下殺
2,筆電｜平板｜穿戴配件,14吋 戴爾 DELL Pro Essential 系列,308,DELL Pro Essential Ultra 7-255U/16G/1T/14吋 黑｛PV14260-R1708BTW｝▼下殺到 9/30 23:59,39999,48990,價格異動 下殺
2,筆電｜平板｜穿戴配件,15吋 戴爾 DELL Pro Essential 系列,311,DELL Pro Essential Ultra 5-225H/16G/512G/15.6吋 黑｛PV15260-R1508BTW｝,37990,,
2,筆電｜平板｜穿戴配件,16吋 戴爾 DELL Alienware 系列,314,DELL Alienware Core 7-240H/RTX5060/16G/1T/16吋 靛藍｛AC16250-R1768QBTW｝,62990,,
2,筆電｜平板｜穿戴配件,16吋 戴爾 DELL Alienware 系列,315,DELL Alienware X Ultra 7-270HX+/RTX5060/16G/1T/16吋 靛藍｛AC16251-R1788BTW｝,94990,,
2,筆電｜平板｜穿戴配件,16吋 戴爾 DELL Alienware 系列,316,DELL Alienware X Ultra 9-290HX+/RTX5070/32G/1T/16吋 靛藍｛AC16251-R1968BTW｝,141990,,
2,筆電｜平板｜穿戴配件,15.6吋 Genuine捷元 系列,320,Genuine捷元 輕巧｛15N｝N100/8G/500G/Win11 Pro 黑 J0076615,11999,,
2,筆電｜平板｜穿戴配件,15.6吋 Genuine捷元 系列,321,Genuine捷元 輕巧可拆卸電池｛15V｝i7-1355U/8G/500G/3年保 黑 J0076616▼下殺到 10/10 23:59,21900,23999,價格異動 下殺
2,筆電｜平板｜穿戴配件,15.6吋 Genuine捷元 系列,322,Genuine捷元｛ZEUS 15H｝i5-13420H/RTX4050/8G/512G/WIN11 PRO/3年保 黑 J0074857,32499,,
2,筆電｜平板｜穿戴配件,15.6吋 Genuine捷元 系列,323,Genuine捷元｛ZEUS 15G｝C7-250H/RTX5070/16G/500G 黑 J0076614,48900,,
2,筆電｜平板｜穿戴配件,16吋 Genuine捷元 系列,326,Genuine捷元｛16AI Pro｝Ultra 5-226V/16G/512G/16吋 灰 J0071818【Non OS】,29999,,
2,筆電｜平板｜穿戴配件,18吋 Genuine捷元 系列,329,Genuine捷元｛ZEUS 18G｝U9-275HX/RTX 5090/32G/P510 2TB/WIN11 PRO 黑 J0074405,155900,,
2,筆電｜平板｜穿戴配件,16吋 技嘉 GIGABYTE AERO X16 AI筆電,332,技嘉 AERO X16 Ryzen AI 7 350/RTX5060/16G/1T/16吋 太空灰｛1VH93TWC94AH｝,56900,,
2,筆電｜平板｜穿戴配件,16吋 技嘉 GIGABYTE AERO X16 AI筆電,333,技嘉 AERO X16 Ryzen AI 7 350/RTX5060/16G/1T/16吋 幻月白｛1VH93TWC94DH｝,56900,,
2,筆電｜平板｜穿戴配件,16吋 技嘉 GIGABYTE AERO X16 AI筆電,334,技嘉 AERO X16 Ryzen AI 7 350/RTX5070/16G/1T/16吋 太空灰｛1WH93TWC94AH｝,65900,,
2,筆電｜平板｜穿戴配件,16吋 技嘉 GIGABYTE AERO X16 AI筆電,335,技嘉 AERO X16 Ryzen AI 7 350/RTX5070/16G/1T/16吋 幻月白｛1WH93TWC94DH｝,65900,,
2,筆電｜平板｜穿戴配件,16吋 技嘉 GIGABYTE AERO X16 AI筆電,336,技嘉 AERO X16 Ryzen AI 9 HX 370/RTX5070/32G/1T/16吋 幻月白｛2WHA3TWC64DH｝,69900,,熱賣
2,筆電｜平板｜穿戴配件,16吋 技嘉 GIGABYTE EAGLE,338,技嘉 EAGLE R5-7533HS/RTX4050/16G/512G/16吋 灰｛9MJR2TWF93SH｝▼下殺到 9/20 23:59,35999,37900,價格異動 下殺
2,筆電｜平板｜穿戴配件,16吋 技嘉 GIGABYTE GAMING A16,340,技嘉 GAMING A16 i5-13420H/RTX5050/16G/512G/16吋 黑｛CTHH3TW893SH｝,36900,,熱賣
2,筆電｜平板｜穿戴配件,16吋 技嘉 GIGABYTE GAMING A16,341,【送1TB】技嘉 GAMING A16 i5-13420H/RTX5050/16G/512G/16吋 黑｛CTHH3TW893SH｝,39900,,熱賣
2,筆電｜平板｜穿戴配件,16吋 技嘉 GIGABYTE GAMING A16,343,技嘉 GAMING A16 i5-13420H/RTX5060/16G/512G/16吋 黑｛CVHH3TW893SH｝,42900,,
2,筆電｜平板｜穿戴配件,16吋 技嘉 GIGABYTE GAMING A16,344,技嘉 GAMING A16 i7-13620H/RTX5070/16G/512G/16吋 黑｛CWHI3TW893SH｝,51900,,
2,筆電｜平板｜穿戴配件,16吋 技嘉 GIGABYTE GAMING A16,345,技嘉 GAMING A16 Ryzen 7 260/RTX5060/16G/512G/16吋 黑｛3VHK3TW893SH｝,48900,,
2,筆電｜平板｜穿戴配件,16吋 技嘉 GIGABYTE GAMING A16,346,【稀有1T版】技嘉 GAMING A16 Ryzen 7 170/RTX5060/16G/1T/16吋 黑｛5VHP3TW894SH｝,41999,,
2,筆電｜平板｜穿戴配件,16 吋 技嘉 AORUS MASTER 16,348,技嘉 AORUS MASTER 16 R9-8940HX/RTX5070Ti/16G/1T/16吋OLED 黑｛8XJJ4TWE94SH｝,78900,,
2,筆電｜平板｜穿戴配件,16 吋 技嘉 AORUS MASTER 16,349,技嘉 AORUS MASTER 16 R9-9955HX3D/RTX5080/32G/1T/16吋OLED 黑｛6YJM5TWE64SH｝,119900,,
2,筆電｜平板｜穿戴配件,16 吋 技嘉 AORUS MASTER 16,350,技嘉 AORUS MASTER 16 R9-9955HX3D/RTX5090/32G/1T/16吋OLED 黑｛6ZJM6TWE64SH｝,152900,,
2,筆電｜平板｜穿戴配件,微星 MSI 筆電館-全館刷卡分期零利率(3),352,【微星活動官網】買 Titan / Raider / Stealth 指定款登錄送MSI 40週年Max電競大禮包,1,,
2,筆電｜平板｜穿戴配件,微星 MSI 筆電館-全館刷卡分期零利率(3),353,【微星活動官網】買 Crosshair / Cyborg 指定款登錄送MSI 40週年 Essential 電競大禮包,1,,
2,筆電｜平板｜穿戴配件,微星 MSI 筆電館-全館刷卡分期零利率(3),354,【微星活動官網】買 Prestige 指定款登錄送MSI第二代USB-C多功能擴充平台,1,,
2,筆電｜平板｜穿戴配件,微星 MSI 筆電館-全館刷卡分期零利率(3),355,【微星活動官網】買 Modern 16S / Modern 14S登錄送M98藍牙滑鼠、MSI配件收納包,1,,
2,筆電｜平板｜穿戴配件,13吋 微星 - 輕薄商務系列 Prestige,357,微星 Prestige 13 Ultra 7-165H/32G/1T/13吋/WIN11 PRO 灰｛A1MG-271TW｝極致輕990g,49900,,
2,筆電｜平板｜穿戴配件,13吋 微星 - 輕薄商務系列 Prestige,358,微星 Prestige 13 Ultra 7-355/32G/1T/13吋/WIN11 PRO 灰｛A3MG-049TW｝極致輕890g,63900,,
2,筆電｜平板｜穿戴配件,14吋 微星 - 商務系列 Modern S / Prestige / Commercial / Venture,360,微星 Commercial 14 i7-13700H/16G/512G/14吋/WIN11 Pro 灰｛A13MG vPro-419TW｝,28900,,
2,筆電｜平板｜穿戴配件,14吋 微星 - 商務系列 Modern S / Prestige / Commercial / Venture,361,微星 Commercial 14 C5-120U/16G/512G/14吋/WIN11 Pro 灰｛B1MXG-1005TW ｝,33900,,
2,筆電｜平板｜穿戴配件,14吋 微星 - 商務系列 Modern S / Prestige / Commercial / Venture,362,微星 Commercial 14 C7-150U/16G/512G/14吋/WIN11 Pro 灰｛B1MXG-1004TW｝,36900,,
2,筆電｜平板｜穿戴配件,14吋 微星 - 商務系列 Modern S / Prestige / Commercial / Venture,363,微星 Modern 14S AI+ Ultra 5-322/16G/512G/14吋 銀｛G3MG-026TW｝,34900,,
2,筆電｜平板｜穿戴配件,14吋 微星 - 商務系列 Modern S / Prestige / Commercial / Venture,364,微星 Prestige 14 AI+ Ultra 7-355/32G/1T/14吋/WIN11 Pro 黑｛D3MG-031TW｝,56000,,
2,筆電｜平板｜穿戴配件,15吋 微星 - 輕薄商務系列 Modern / Venture Pro,366,微星 Modern 15 Core 5-120U/16G/512G/15.6吋 灰｛F1MXG-1039TW｝,25600,,
2,筆電｜平板｜穿戴配件,15吋 微星 - 輕薄商務系列 Modern / Venture Pro,367,微星 Modern 15 Core 5-120U/16G/1T/15.6吋/WIN11 Pro 灰｛F1MXG-1042TW｝,31900,,
2,筆電｜平板｜穿戴配件,15吋 微星 - 輕薄商務系列 Modern / Venture Pro,368,微星 Modern 15 Core 7-150U/16G/1T/15.6吋/WIN11 Pro 灰｛F1MXG-1041TW｝,33900,,
2,筆電｜平板｜穿戴配件,15吋 微星 - 輕薄商務系列 Modern / Venture Pro,369,微星 VenturePro 15 Core 7-240H/16G/512G/RTX5050/15.6吋/WIN11 Pro 灰｛A2RWEG-1246TW｝,52900,,
2,筆電｜平板｜穿戴配件,16吋 微星 - 輕薄商務系列 Prestige / Modern S,371,微星 Modern 16S AI+ Ultra 7-355/16G/1T/16吋 灰｛G3MG-030TW｝,40900,,
2,筆電｜平板｜穿戴配件,16吋 微星 - 輕薄商務系列 Prestige / Modern S,372,微星 Prestige 16 Flip AI+ Ultra X9-388H/32G/1T/16吋 灰｛C3MTG-041TW｝【翻轉觸控】,74900,,
2,筆電｜平板｜穿戴配件,15吋 微星 - 炫彩戰鬥系列 Katana / Cyborg MAX,374,微星 Katana 15 i7-14700HX/RTX5060/16G/1T/15.6吋 黑｛B14WFK-884TW｝,49999,,
2,筆電｜平板｜穿戴配件,15吋 微星 - 炫彩戰鬥系列 Katana / Cyborg MAX,375,微星 Katana 15 i7-14650HX/RTX5060/16G/1T/15.6吋 黑｛B14WGK-1071TW｝,54900,,
2,筆電｜平板｜穿戴配件,15吋 微星 - 炫彩戰鬥系列 Katana / Cyborg MAX,376,微星 Katana 15 i7-14650HX/RTX5070/16G/1T/15.6吋 黑｛B14WGK-1070TW｝,59900,,
2,筆電｜平板｜穿戴配件,15吋 微星 - 炫彩戰鬥系列 Katana / Cyborg MAX,377,微星 Cyborg 15 i5-13420H/RTX4050/8G/512G/15.6吋 黑｛A13VE-2475TW｝(全黑機身),32900,,
2,筆電｜平板｜穿戴配件,15吋 微星 - 炫彩戰鬥系列 Katana / Cyborg MAX,378,微星 Cyborg 15 i5-13420H/RTX5050/8G/512G/15.6吋 黑｛C13WE-200TW｝,34999,,
2,筆電｜平板｜穿戴配件,15吋 微星 - 炫彩戰鬥系列 Katana / Cyborg MAX,379,微星 Cyborg 15 i5-13420H/RTX5050/16G/512G/15.6吋 玩具總動員｛C13WE-423TW｝,59900,,
2,筆電｜平板｜穿戴配件,15吋 微星 - 炫彩戰鬥系列 Katana / Cyborg MAX,380,微星 Cyborg 15 i7-13620H/RTX4050/8G/512G/15.6吋 黑｛A13VE-2468TW｝(全黑機身),33999,,
2,筆電｜平板｜穿戴配件,15吋 微星 - 炫彩戰鬥系列 Katana / Cyborg MAX,381,微星 Cyborg 15 Core 5-210H/RTX5060/16G/512G/15.6吋 黑｛B2RWFKG-891TW｝,38999,,
2,筆電｜平板｜穿戴配件,15吋 微星 - 炫彩戰鬥系列 Katana / Cyborg MAX,382,微星 Cyborg 15 Core 7-240H/RTX3050/16G/512G/15.6吋 黑｛A2RUDX-2095TW｝,33900,,熱賣
2,筆電｜平板｜穿戴配件,15吋 微星 - 炫彩戰鬥系列 Katana / Cyborg MAX,383,微星 Cyborg 15 Core 7-240H/RTX5060/16G/512G/15.6吋 黑｛B2RWFKG-1242TW｝,39999,,
2,筆電｜平板｜穿戴配件,15吋 微星 - 炫彩戰鬥系列 Katana / Cyborg MAX,384,微星 Cyborg 15 MAX i7-13620H/RTX5050/16G/512G/15.6吋 灰｛C13WE-054TW｝,42999,,
2,筆電｜平板｜穿戴配件,15吋 微星 - 炫彩戰鬥系列 Katana / Cyborg MAX,385,微星 Cyborg 15 MAX Core 7-240H/RTX5060/16G/512G/15.6吋 灰｛C2WF-007TW｝,46999,,
2,筆電｜平板｜穿戴配件,15吋 微星 - 炫彩戰鬥系列 Katana / Cyborg MAX,386,微星 Cyborg 15 MAX Core 7-240H/RTX5070/16G/512G/15.6吋 灰｛C2WG-006TW｝,49999,,熱賣
2,筆電｜平板｜穿戴配件,16吋 微星 - 極致龍魂系列 Pulse / Crosshair MAX / Stealth / Raider MAX,388,微星 Pulse A16 AI+ Ryzen AI 7 350/RTX5060/16G/512G/16吋 黑｛C3HWFKG-018TW｝,48400,,
2,筆電｜平板｜穿戴配件,16吋 微星 - 極致龍魂系列 Pulse / Crosshair MAX / Stealth / Raider MAX,389,微星 Crosshair A16 HX R9-8940HX/RTX5060/16G/1T/16吋 黑｛E8WFK-015TW｝,53900,,熱賣
2,筆電｜平板｜穿戴配件,16吋 微星 - 極致龍魂系列 Pulse / Crosshair MAX / Stealth / Raider MAX,391,微星 Crosshair 16 HX i7-14650HX/RTX5060/16G/1T/16吋 黑｛E14WFK-013TW｝,59900,,
2,筆電｜平板｜穿戴配件,16吋 微星 - 極致龍魂系列 Pulse / Crosshair MAX / Stealth / Raider MAX,392,微星 Crosshair 16 HX i9-14900HX/RTX5060/16G/1T/16吋 黑｛E14WFK-014TW｝,64900,,
2,筆電｜平板｜穿戴配件,16吋 微星 - 極致龍魂系列 Pulse / Crosshair MAX / Stealth / Raider MAX,393,微星 Crosshair 16 HX i7-14650HX/RTX5070/16G/1T/16吋 黑｛E14WGK-002TW｝,67900,,
2,筆電｜平板｜穿戴配件,16吋 微星 - 極致龍魂系列 Pulse / Crosshair MAX / Stealth / Raider MAX,394,微星 Crosshair 16 MAX HX Ultra 9-290HX+/RTX5060/16G/512G/16吋 黑｛E2WFK-024TW｝,62900,,熱賣
2,筆電｜平板｜穿戴配件,16吋 微星 - 極致龍魂系列 Pulse / Crosshair MAX / Stealth / Raider MAX,395,微星 Crosshair 16 MAX HX Ultra 9-290HX+/RTX5070/16G/1T/16吋 黑｛E2WGXK-016TW｝,74900,,
2,筆電｜平板｜穿戴配件,16吋 微星 - 極致龍魂系列 Pulse / Crosshair MAX / Stealth / Raider MAX,396,微星 Stealth 16 AI Ultra 7-255H/RTX5070/16G/1T/16吋 黑｛A2HWGG-093TW｝,64900,,
2,筆電｜平板｜穿戴配件,16吋 微星 - 極致龍魂系列 Pulse / Crosshair MAX / Stealth / Raider MAX,397,微星 Stealth 16 AI+ Ultra 9-386H/RTX5060/16G/1T/16吋 黑｛B3WF-005TW｝,85490,,
2,筆電｜平板｜穿戴配件,16吋 微星 - 極致龍魂系列 Pulse / Crosshair MAX / Stealth / Raider MAX,398,微星 Stealth 16 AI+ Ultra 9-386H/RTX5080/32G/1T/16吋 黑｛B3WI-006TW｝,129000,,酷幣5000
2,筆電｜平板｜穿戴配件,16吋 微星 - 極致龍魂系列 Pulse / Crosshair MAX / Stealth / Raider MAX,399,微星 Raider 16 Ultra 9-275HX/RTX5080/16G/1T/16吋 黑｛B2WI-025TW｝,119000,,
2,筆電｜平板｜穿戴配件,16吋 微星 - 極致龍魂系列 Pulse / Crosshair MAX / Stealth / Raider MAX,400,微星 Raider 16 MAX Ultra 9-290HX+/RTX5080/32G/2T/16吋 黑｛B2WI-028TW｝,144900,,熱賣
2,筆電｜平板｜穿戴配件,16吋 微星 - 極致龍魂系列 Pulse / Crosshair MAX / Stealth / Raider MAX,401,微星 Raider 16 MAX Ultra 9-290HX+/RTX5090/32G/2T/16吋 黑｛B2WJ-027TW｝,159900,,熱賣
2,筆電｜平板｜穿戴配件,17 吋 微星 - 巔峰效能系列 Katana / Cyborg / Crosshair,403,微星 Cyborg 17 Core 7-240H/RTX5050/16G/512G/17.3吋 黑｛B2RWEKG-425TW｝,43900,,
2,筆電｜平板｜穿戴配件,17 吋 微星 - 巔峰效能系列 Katana / Cyborg / Crosshair,404,微星 Cyborg 17 Core 7-240H/RTX5060/16G/512G/17.3吋 黑｛B2RWFKG-426TW｝,46900,,
2,筆電｜平板｜穿戴配件,17 吋 微星 - 巔峰效能系列 Katana / Cyborg / Crosshair,405,微星 Crosshair 17 HX AI Ultra 7-255HX/RTX5060/16G/1T/17.3吋 黑｛D2XWFKG-010TW｝,60999,,
2,筆電｜平板｜穿戴配件,18 吋 微星 - 極致炫彩系列 Vector/Crosshair/Stealth/Raider/Titan 電競霸主,407,微星 Crosshair 18 HX AI Ultra 9-275HX/RTX5060/16G/1T/18吋 黑｛A2XWFKG-058TW｝,64999,,
2,筆電｜平板｜穿戴配件,18 吋 微星 - 極致炫彩系列 Vector/Crosshair/Stealth/Raider/Titan 電競霸主,408,微星 Raider A18 HX Ryzen 9-9955HX3D/RTX5090/64G/2T/18吋 黑｛A9WJG-043TW｝,168000,,酷幣8000
2,筆電｜平板｜穿戴配件,18 吋 微星 - 極致炫彩系列 Vector/Crosshair/Stealth/Raider/Titan 電競霸主,409,微星 Titan 18 HX Ultra 9-290HX+/RTX5090/64G/2T/18吋 黑｛A2WJ-1041TW｝,199900,,酷幣3900
2,筆電｜平板｜穿戴配件,18 吋 微星 - 極致炫彩系列 Vector/Crosshair/Stealth/Raider/Titan 電競霸主,410,微星 Titan 18 HX Ultra 9-290HX+/RTX5090/96G/4T/18吋 天龍座｛A2WJ-1215TW｝,229900,,
2,筆電｜平板｜穿戴配件,16吋 LG Gram -榮獲金氏世界紀錄最輕16吋筆電,413,LG Gram Ultra 5-226V/16G/512G/16吋 白｛16Z90TL-G.AS54C2｝,36300,,熱賣
2,筆電｜平板｜穿戴配件,16吋 LG Gram -榮獲金氏世界紀錄最輕16吋筆電,414,LG Gram Ultra 5-226V/16G/512G/16吋 黑｛16Z90TL-G.AS55C2｝,36300,,熱賣
2,筆電｜平板｜穿戴配件,16 吋 LG Gram Pro 最新的處理器，領航著速度的先驅,416,LG Gram Pro Ultra 7-355/32G/1T/16吋 純淨白｛16Z90U-G.AU87C2｝,102500,,
2,筆電｜平板｜穿戴配件,16 吋 LG Gram Pro 最新的處理器，領航著速度的先驅,417,LG Gram Pro Ultra X7-358H/32G/1T/16吋 極光白｛16Z90U-K.AUB7C2｝,111500,,
2,筆電｜平板｜穿戴配件,16 吋 LG Gram Pro 最新的處理器，領航著速度的先驅,418,LG Gram Pro Ultra X7-358H/32G/1T/16吋 星曜黑｛16Z90U-K.AUB8C2｝,111500,,
2,筆電｜平板｜穿戴配件,17 吋 LG Gram 高科技奈米碳鎂通過美國軍規測試,420,LG Gram Pro Ultra 7-355/32G/1T/17吋 曜石黑｛17Z90U-G.AU88C2｝,106500,,
2,筆電｜平板｜穿戴配件,14 吋 HP OmniBook 3,424,HP OmniBook 3 U5-325/16G/512G/14吋 冰川銀｛14-hs0018TU｝,37900,,
2,筆電｜平板｜穿戴配件,16 吋 HP OmniBook 3,426,HP OmniBook 3 C5-120U/16G/512G/16吋 冰川銀｛16-bu0029TU｝,34900,,
2,筆電｜平板｜穿戴配件,17 吋 HP OmniBook 3,428,HP OmniBook 3 AI C5-315/16G/512G/17吋 冰川銀｛17-dg0005TU｝,31900,,
2,筆電｜平板｜穿戴配件,14 吋 HP OmniBook 5 Flip 翻轉觸控筆電,430,HP OmniBook 5 Flip C5-120U/16G/512G/14吋/翻轉觸控 閨蜜粉｛14-fp0043TU｝,32900,,熱賣
2,筆電｜平板｜穿戴配件,14 吋 HP OmniBook 5 Flip 翻轉觸控筆電,431,HP OmniBook 5 Flip C5-120U/16G/512G/14吋/翻轉觸控 冰川銀｛14-fp0044TU｝,32900,,熱賣
2,筆電｜平板｜穿戴配件,14 吋 HP OmniBook 5 Flip 翻轉觸控筆電,432,HP OmniBook 5 Flip C7-150U/16G/1T/14吋/翻轉觸控 匠心銀｛14-fp0042TU｝,37900,,
2,筆電｜平板｜穿戴配件,14 吋 HP OmniBook 5 Flip 翻轉觸控筆電,433,HP OmniBook 5 Flip U5-322/16G/512G/14吋/翻轉觸控 閨蜜粉｛14-km0047TU｝,41900,,
2,筆電｜平板｜穿戴配件,13 吋 HP OmniBook 7系列,435,HP OmniBook 7 Ryzen AI 5 340/16G/1T/13吋 匠心銀｛13-bg1090AU｝,33900,,
2,筆電｜平板｜穿戴配件,14 吋 HP OmniBook X FlipNGAI 翻轉觸控系列,438,HP OmniBook X FlipNGAI U5-325/16G/1T/14吋/翻轉觸控 職人灰｛14-kb0077TU｝,49900,,
2,筆電｜平板｜穿戴配件,14 吋 HP OmniBook UltraNGAI 觸控系列,440,HP OmniBook Ultra AI U7-356H/32G/1T/14吋/觸控螢幕 流星金｛14-KD0024TU｝,69900,,
2,筆電｜平板｜穿戴配件,15吋 HP HyperX OMEN 潮競系列 /Victus 光影系列,442,HP Victus Gaming i5-14450HX/RTX3050/16G/512G/15吋 黑｛15-fa2312TX｝,35999,,
2,筆電｜平板｜穿戴配件,15吋 HP HyperX OMEN 潮競系列 /Victus 光影系列,443,HP HyperX OMEN i7-14650HX/RTX5060/16G/1T/15吋 究極黑｛15-ga0006TX｝,67900,,
2,筆電｜平板｜穿戴配件,14 吋 HP惠普 ZBook Firefly 14 系列〈創意行動達人〉,447,HP ZBook Firefly G11A /R7-PRO 8840HS/8G/512G/14吋 灰｛A8NM6PT｝,35900,,
2,筆電｜平板｜穿戴配件,14 吋 HP惠普 ZBook Firefly 14 系列〈創意行動達人〉,448,【升級延保加價購】HP ZBook Firefly G11A 升級3年保,36899,,
2,筆電｜平板｜穿戴配件,14吋 HP惠普 ZBook 8 G1i/G1a 14 系列,451,HP ZBook 8 G1i 14 /Ultra 7-255U/16G/512G/14吋 灰｛BR6U6PT｝,56900,,
2,筆電｜平板｜穿戴配件,16 吋 HP惠普 ZBook 8 G1i/G1a 14 系列,455,【限量升級】HP ZBook 8｛BR6U6PT｝ 送威剛 16GB記憶體，再升級1+2年延長保,57900,,
2,筆電｜平板｜穿戴配件,筆電周邊,458,3C Pig 第二顆硬碟托架轉接盒+ USB 筆電光碟機(12.7mm)外接盒,390,,
2,筆電｜平板｜穿戴配件,快速充電器,460,｛ASUS ROG AC140-01｝140W GaN四孔充電器 1A3C + C to C 充電線,3390,,
2,筆電｜平板｜穿戴配件,快速充電器,461,Acer 原廠 140W 氮化鎵USB電源充電器/白色 (COT-966),2190,,
2,筆電｜平板｜穿戴配件,快速充電器,462,台達 45W 筆電變壓器(ADP-45VD BB) / 基本5種筆電接頭 / 一年換新(保固),299,,
2,筆電｜平板｜穿戴配件,快速充電器,463,｛台達 Innergie C6 Duo 63W 萬用充電器｝USB-C*2 / 摺疊版 / PD3.0 / QC3.0 / QC4.0,990,,
2,筆電｜平板｜穿戴配件,快速充電器,466,｛Gigastone 33W PD-6330W｝急速雙孔充電器 USB(1A1C) / PD / QC▼下殺到 9/30 23:59,369,399,價格異動 下殺
2,筆電｜平板｜穿戴配件,快速充電器,467,｛Gigastone 33W PD-6330W+CC-7600W｝雙孔充電器 USB(1A1C) + C-C 60W快充線,599,,
2,筆電｜平板｜穿戴配件,快速充電器,468,｛Gigastone PD-7451B｝45W GaN三孔充電器 USB(1A2C) / PD3.0 / QC4+ (黑),549,,
2,筆電｜平板｜穿戴配件,快速充電器,469,｛Gigastone PD-7657B｝65W GaN三孔充電器 USB(1A2C) / PD3.0 / QC4+ (黑),699,,
2,筆電｜平板｜穿戴配件,快速充電器,470,｛Gigastone PD-7650W｝65W GaN三孔充電器 USB(1A2C) / PD3.0 / QC3.0 (白),899,,
2,筆電｜平板｜穿戴配件,快速充電器,471,【組合優惠】｛Gigastone PD-7650W｝65W GaN三孔充電器 +｛Gigastone CC-8800W｝▼下殺到 9/30 23:59,999,1398,價格異動 下殺
2,筆電｜平板｜穿戴配件,快速充電器,472,｛Gigastone PD-7100B+CC-7800B｝100W GaN四孔充電器 1A3C / 含C-C 100W快充線▼下殺到 9/30 23:59,999,1499,價格異動 下殺
2,筆電｜平板｜穿戴配件,快速充電器,473,｛Gigastone PD-130B+CC-100B｝130W GaN四孔充電器 1A3C / 含C-C 100W快充線,1699,,
2,筆電｜平板｜穿戴配件,快速充電器,474,｛Gigastone PD-140B+CC-8801B｝140W GaN四孔充電器 1A3C / 含C-C 240W快充線▼下殺到 9/30 23:59,1500,2499,價格異動 下殺
2,筆電｜平板｜穿戴配件,快速充電器,475,｛Gigastone WP-9330G｝23W 三合一摺疊式磁吸無線充電座▼下殺到 9/30 23:59,1099,1299,價格異動 下殺
2,筆電｜平板｜穿戴配件,快速充電器,476,【組合優惠】｛Gigastone WP-9330G｝+｛Gigastone PD-7451B｝45W GaN三孔充電器▼下殺到 9/30 23:59,1399,1848,價格異動 下殺
2,筆電｜平板｜穿戴配件,快速充電器,477,【兩件優惠】｛Gigastone WP-9330G｝23W 三合一摺疊式磁吸無線充電座【兩件】▼下殺到 9/30 23:59,1899,2598,價格異動 下殺
2,筆電｜平板｜穿戴配件,快速充電器,478,｛Gigastone WP-9340W｝20W 三合一摺疊式磁吸無線充電座▼下殺到 9/30 23:59,1099,1399,價格異動 下殺
2,筆電｜平板｜穿戴配件,快速充電器,479,｛3C Pig GaN-65｝65W GaN三孔充電器 USB(1A2C) / 數位顯示 (黑),599,,
2,筆電｜平板｜穿戴配件,行動電源,482,｛威剛 PC100-14BK｝黑 / 最大20W / USB(2A1C) / 三孔【10000mAh】,429,,
2,筆電｜平板｜穿戴配件,行動電源,483,｛威剛 PBC20-BK｝黑 / 最大15W / USB(2A1C) / 三孔【20000mAh】,599,,
2,筆電｜平板｜穿戴配件,行動電源,484,｛威剛 PR100-BK｝黑 / 最大20W / USB(1A1C) / 雙孔無線【10000mAh】,999,,
2,筆電｜平板｜穿戴配件,行動電源,486,｛Gigastone MP-5000ACB｝黑 / 最大15W / USB(2C) / 手錶【5000mAh】▼下殺到 9/30 23:59,499,599,價格異動 下殺
2,筆電｜平板｜穿戴配件,行動電源,487,【組合優惠】｛Gigastone MP-5000ACB｝黑 + Gigastone｛PD-6330W+CC-7600W｝▼下殺到 9/30 23:59,899,1198,價格異動 下殺
2,筆電｜平板｜穿戴配件,行動電源,488,【兩件優惠】｛Gigastone MP-5000ACB｝【兩件】▼下殺到 9/30 23:59,649,1198,價格異動 下殺
2,筆電｜平板｜穿戴配件,行動電源,489,｛Gigastone MP-5000ACM｝奶茶 / 最大15W / USB(2C) / 手錶【5000mAh】▼下殺到 9/30 23:59,499,599,價格異動 下殺
2,筆電｜平板｜穿戴配件,行動電源,490,【組合優惠】｛Gigastone MP-5000ACM｝奶茶 + Gigastone｛PD-6330W+CC-7600W｝▼下殺到 9/30 23:59,899,1198,價格異動 下殺
2,筆電｜平板｜穿戴配件,行動電源,491,【兩件優惠】｛Gigastone MP-5000ACM｝【兩件】▼下殺到 9/30 23:59,649,1198,價格異動 下殺
2,筆電｜平板｜穿戴配件,行動電源,492,｛Gigastone PB-7113B｝黑 / 最大20W / USB(2A1C) / 三孔【10000mAh】▼下殺到 9/30 23:59,399,499,價格異動 下殺
2,筆電｜平板｜穿戴配件,行動電源,493,｛Gigastone QP-10200B｝最大20W / USB(1A1C) / 無線 / 兩用【10000mAh】,659,,
2,筆電｜平板｜穿戴配件,行動電源,494,【兩件優惠】｛Gigastone QP-10200B｝【兩件】▼下殺到 9/30 23:59,1259,1318,價格異動 下殺
2,筆電｜平板｜穿戴配件,行動電源,495,｛Gigastone QP-10100W｝最大20W / USB(1A1C) / Lightning輸入 無線雙孔【10000mAh】,399,,
2,筆電｜平板｜穿戴配件,行動電源,496,｛Gigastone PD-7656W｝白 /【5000mAh】行動電源 + 65W 快充頭 + 60W磁吸快充線▼下殺到 9/30 23:59,999,1699,價格異動 下殺
3,酷！PC 套裝產線,套裝必搭優惠專區,2,【套裝加購1台限購1】海盜船 Vengeance 16G D4-3200 (CMK16GX4M1E3200C16),4299,,限購
3,酷！PC 套裝產線,套裝必搭優惠專區,3,【套裝加購1台限購1】海盜船 Vengeance 16G D5-6000 (CMK16GX5M1E6000Z36),8500,,限購
3,酷！PC 套裝產線,套裝必搭優惠專區,4,微星 戰略組合包(GK20鍵盤+Versa 300無線滑鼠+GD21鼠墊+Maestro 300耳機)原價5109,2890,,
3,酷！PC 套裝產線,套裝必搭優惠專區,5,【套裝搭購優惠】羅技 G512 機械式鍵盤,1990,,
3,酷！PC 套裝產線,套裝必搭優惠專區,6,【套裝搭購優惠】羅技 G502 X 高效能電競滑鼠,1690,,
3,酷！PC 套裝產線,套裝必搭優惠專區,7,【套裝搭購優惠】羅技 MK200 USB鍵盤滑鼠組,499,,
3,酷！PC 套裝產線,套裝必搭優惠專區,8,【套裝搭購優惠】TP-LINK Archer TX10UB Nano (AX900 / Wi-Fi 6 / Wi-Fi 藍牙5.3 二合一),499,,
3,酷！PC 套裝產線,套裝必搭優惠專區,9,【套裝搭購優惠】TP-LINK Archer TBE400E ( BE6500 / Wi-Fi 7 / 雙天線 / 藍牙5.4 / PCI-E),1190,,
3,酷！PC 套裝產線,套裝必搭優惠專區,10,【套裝搭購優惠】華碩 PCE-BE6500 (BE6500 / Wi-Fi 7 / 雙天線 / 支援三頻＆藍牙5.4 / PCI-E),1399,,
3,酷！PC 套裝產線,套裝必搭優惠專區,11,【套裝搭購優惠】華碩 USB-BE92 Nano (BE6500 / Wi-Fi 7 /三頻 / 隱藏天線 / 三年換新),1499,,
3,酷！PC 套裝產線,地平線六專案酷！PC【布加迪】【邁巴赫】【特斯拉】【麥拉倫】,16,酷！PC【布加迪】R7 9800X3D/B850/32G DDR5/1TB SSD/RTX5060TI/850W電供,56900,,
3,酷！PC 套裝產線,地平線六專案酷！PC【布加迪】【邁巴赫】【特斯拉】【麥拉倫】,17,酷！PC【布加迪】R7 9800X3D/B850/32G DDR5/1TB SSD/RTX5070TI/850W電供,82900,,
3,酷！PC 套裝產線,地平線六專案酷！PC【布加迪】【邁巴赫】【特斯拉】【麥拉倫】,18,酷！PC【邁巴赫】R7 7800X3D/B850/16G DDR5/1TB SSD/RTX5060/650W電供,41900,,
3,酷！PC 套裝產線,地平線六專案酷！PC【布加迪】【邁巴赫】【特斯拉】【麥拉倫】,19,酷！PC【邁巴赫】R7 7800X3D/B850/16G DDR5/1TB SSD/RTX5060TI/650W電供,45400,,
3,酷！PC 套裝產線,地平線六專案酷！PC【布加迪】【邁巴赫】【特斯拉】【麥拉倫】,21,酷！PC【特斯拉】R5 7500F/B850/16G DDR5/1TB SSD/RTX5060/650W電供,34900,,
3,酷！PC 套裝產線,地平線六專案酷！PC【布加迪】【邁巴赫】【特斯拉】【麥拉倫】,22,酷！PC【特斯拉】R7 7700/B850/16G DDR5/1TB SSD/RTX5060/650W電供,37100,,
3,酷！PC 套裝產線,地平線六專案酷！PC【布加迪】【邁巴赫】【特斯拉】【麥拉倫】,23,酷！PC【特斯拉】R5 7500F/B850/16G DDR5/1TB SSD/RTX5060TI/650W電供,38400,,
3,酷！PC 套裝產線,地平線六專案酷！PC【布加迪】【邁巴赫】【特斯拉】【麥拉倫】,24,酷！PC【特斯拉】R7 7700/B850/16G DDR5/1TB SSD/RTX5060TI/650W電供,40600,,
3,酷！PC 套裝產線,地平線六專案酷！PC【布加迪】【邁巴赫】【特斯拉】【麥拉倫】,25,酷！PC【麥拉倫】U5 225F/B860/16G DDR5/1TB SSD/RTX5060/650W電供,34900,,
3,酷！PC 套裝產線,地平線六專案酷！PC【布加迪】【邁巴赫】【特斯拉】【麥拉倫】,26,酷！PC【麥拉倫】U5 225F/B860/16G DDR5/1TB SSD/RTX5060TI/650W電供,38400,,
3,酷！PC 套裝產線,極致美背無極線！酷！PC 背插系列主機,33,酷！PC【賽博Omni】R7 7700/B850/32G DDR5/1TB SSD/RX9060XT/750W電供,52900,,
3,酷！PC 套裝產線,極致美背無極線！酷！PC 背插系列主機,34,酷！PC【賽博Omni】R7 7800X3D/B850/32G DDR5/1TB SSD/RX9060XT/750W電供,56200,,
3,酷！PC 套裝產線,極致美背無極線！酷！PC 背插系列主機,35,酷！PC【賽博Omni】R7 9800X3D/B850/32G DDR5/1TB SSD/RX9060XT/750W電供,61200,,
3,酷！PC 套裝產線,極致美背無極線！酷！PC 背插系列主機,36,酷！PC【賽博Omni】R7 7700/B850/32G DDR5/1TB SSD/RX9070XT/750W電供,63900,,
3,酷！PC 套裝產線,極致美背無極線！酷！PC 背插系列主機,37,酷！PC【賽博Omni】R7 7800X3D/B850/32G DDR5/1TB SSD/RX9070XT/750W電供,67200,,
3,酷！PC 套裝產線,極致美背無極線！酷！PC 背插系列主機,38,酷！PC【賽博Omni】R7 9800X3D/B850/32G DDR5/1TB SSD/RX9070XT/750W電供,72200,,
3,酷！PC 套裝產線,極致美背無極線！酷！PC 背插系列主機,39,酷！PC【戰鬥Omni】R7 7700/B850/32G DDR5/1TB SSD/RTX5060/750W電供,52900,,
3,酷！PC 套裝產線,極致美背無極線！酷！PC 背插系列主機,40,酷！PC【戰鬥Omni】R7 7800X3D/B850/32G DDR5/1TB SSD/RTX5060/750W電供,56200,,
3,酷！PC 套裝產線,極致美背無極線！酷！PC 背插系列主機,41,酷！PC【戰鬥Omni】R7 9800X3D/B850/32G DDR5/1TB SSD/RTX5060/750W電供,61200,,
3,酷！PC 套裝產線,極致美背無極線！酷！PC 背插系列主機,43,酷！PC【摩斯拉】R7 7700/B850/32G DDR5/1TB SSD/RTX5060/650W電供,43900,,
3,酷！PC 套裝產線,極致美背無極線！酷！PC 背插系列主機,44,酷！PC【摩斯拉】R7 7800X3D/B850/32G DDR5/1TB SSD/RTX5060/650W電供,47200,,
3,酷！PC 套裝產線,極致美背無極線！酷！PC 背插系列主機,45,酷！PC【摩斯拉】R7 9800X3D/B850/32G DDR5/1TB SSD/RTX5060/650W電供,52200,,
3,酷！PC 套裝產線,極致美背無極線！酷！PC 背插系列主機,46,酷！PC【摩斯拉】R7 7700/B850/32G DDR5/1TB SSD/RTX5060TI/650W電供,53500,,
3,酷！PC 套裝產線,極致美背無極線！酷！PC 背插系列主機,47,酷！PC【摩斯拉】R7 7800X3D/B850/32G DDR5/1TB SSD/RTX5060TI/650W電供,56800,,
3,酷！PC 套裝產線,極致美背無極線！酷！PC 背插系列主機,48,酷！PC【摩斯拉】R7 9800X3D/B850/32G DDR5/1TB SSD/RTX5060TI/650W電供,61800,,
3,酷！PC 套裝產線,極致美背無極線！酷！PC 背插系列主機,50,酷！PC【魅力四射】R7 7700/B850/32G DDR5/1TB SSD/RTX5060TI/750W電供,55900,,
3,酷！PC 套裝產線,極致美背無極線！酷！PC 背插系列主機,51,酷！PC【魅力四射】R7 7800X3D/B850/32G DDR5/1TB SSD/RTX5060TI/750W電供,59200,59300,價格異動 下殺
3,酷！PC 套裝產線,極致美背無極線！酷！PC 背插系列主機,52,酷！PC【魅力四射】R7 9700X/B850/32G DDR5/1TB SSD/RTX5060TI/750W電供,59200,59300,價格異動 下殺
3,酷！PC 套裝產線,極致美背無極線！酷！PC 背插系列主機,53,酷！PC【魅力四射】R7 9800X3D/B850/32G DDR5/1TB SSD/RTX5060TI/750W電供,64200,64700,價格異動 下殺
3,酷！PC 套裝產線,極致美背無極線！酷！PC 背插系列主機,54,酷！PC【魅力四射】R7 7700/B850/32G DDR5/1TB SSD/RTX5070/750W電供,65900,,
3,酷！PC 套裝產線,極致美背無極線！酷！PC 背插系列主機,55,酷！PC【魅力四射】R7 7800X3D/B850/32G DDR5/1TB SSD/RTX5070/750W電供,69200,,
3,酷！PC 套裝產線,極致美背無極線！酷！PC 背插系列主機,56,酷！PC【魅力四射】R7 9700X/B850/32G DDR5/1TB SSD/RTX5070/750W電供,69200,,
3,酷！PC 套裝產線,極致美背無極線！酷！PC 背插系列主機,57,酷！PC【魅力四射】R7 9800X3D/B850/32G DDR5/1TB SSD/RTX5070/750W電供,74200,,
3,酷！PC 套裝產線,極致美背無極線！酷！PC 背插系列主機,58,酷！PC【魅力無窮】R7 7700/B850/32G DDR5/1TB SSD/RX9060XT/750W電供,54900,,
3,酷！PC 套裝產線,極致美背無極線！酷！PC 背插系列主機,59,酷！PC【魅力無窮】R7 7800X3D/B850/32G DDR5/1TB SSD/RX9060XT/750W電供,58200,58300,價格異動 下殺
3,酷！PC 套裝產線,極致美背無極線！酷！PC 背插系列主機,60,酷！PC【魅力無窮】R7 9700X/B850/32G DDR5/1TB SSD/RX9060XT/750W電供,58200,58300,價格異動 下殺
3,酷！PC 套裝產線,極致美背無極線！酷！PC 背插系列主機,61,酷！PC【魅力無窮】R7 9800X3D/B850/32G DDR5/1TB SSD/RX9060XT/750W電供,63200,63700,價格異動 下殺
3,酷！PC 套裝產線,極致美背無極線！酷！PC 背插系列主機,62,酷！PC【魅力無窮】R7 7700/B850/32G DDR5/1TB SSD/RX9070/750W電供,62400,,
3,酷！PC 套裝產線,極致美背無極線！酷！PC 背插系列主機,63,酷！PC【魅力無窮】R7 7800X3D/B850/32G DDR5/1TB SSD/RX9070/750W電供,65700,,
3,酷！PC 套裝產線,極致美背無極線！酷！PC 背插系列主機,64,酷！PC【魅力無窮】R7 9700X/B850/32G DDR5/1TB SSD/RX9070/750W電供,65700,,
3,酷！PC 套裝產線,極致美背無極線！酷！PC 背插系列主機,65,酷！PC【魅力無窮】R7 9800X3D/B850/32G DDR5/1TB SSD/RX9070/750W電供,70700,,
3,酷！PC 套裝產線,酷！PC × 靜音專案系列特仕機,69,酷！PC【偵查兵】R7 9800X3D/X870/32G DDR5/1TB SSD/RTX5060/850W電供,52900,,
3,酷！PC 套裝產線,酷！PC × 靜音專案系列特仕機,70,酷！PC【偵查兵】R7 9800X3D/X870/32G DDR5/1TB SSD/RTX5070/850W電供,67900,,
3,酷！PC 套裝產線,酷！PC × 靜音專案系列特仕機,71,酷！PC【狙擊手】Ultra 7 270K Plus/Z890/32G DDR5/1TB SSD/RTX5060/850W電供,50900,,
3,酷！PC 套裝產線,酷！PC × 靜音專案系列特仕機,72,酷！PC【狙擊手】Ultra 7 270K Plus/Z890/32G DDR5/1TB SSD/RTX5070/850W電供,65900,,
3,酷！PC 套裝產線,酷！PC × ITX專案系列小主機,75,酷！PC【外燃機-蒸氣版】R5 7500F/B650/16G DDR5/1TB SSD/RX7650/850W電供,32900,,
3,酷！PC 套裝產線,酷！PC × ITX專案系列小主機,76,酷！PC【外燃機-動力版】R7 7700/B650/32G DDR5/1TB SSD/RTX5060/850W電供,44900,,
3,酷！PC 套裝產線,酷！PC × ITX專案系列小主機,77,酷！PC【外燃機-高壓版】R7 7700/B650/32G DDR5/1TB SSD/RTX5070/850W電供,57900,,
3,酷！PC 套裝產線,酷！PC × ITX專案系列小主機,78,酷！PC【內燃機-二行程】U5 225F/B860/16G DDR5/1TB SSD/RX7650/850W電供,32900,,
3,酷！PC 套裝產線,酷！PC × ITX專案系列小主機,79,酷！PC【內燃機-四行程】U5 250K/B860/32G DDR5/1TB SSD/RTX5060/850W電供,47100,,
3,酷！PC 套裝產線,酷！PC × ITX專案系列小主機,80,酷！PC【內燃機-噴射版】U7 270K/B860/32G DDR5/1TB SSD/RTX5070/850W電供,64900,,
3,酷！PC 套裝產線,華碩 × 酷！PC 精選套裝主機【預載最新 Windows 11！所有驅動一次到位，開機即用】,85,酷！PC【領航員】R5 7500F/B650/32G DDR5/1TB SSD/RX9070XT 16G/原廠機殼/750W電供,52900,,
3,酷！PC 套裝產線,華碩 × 酷！PC 精選套裝主機【預載最新 Windows 11！所有驅動一次到位，開機即用】,86,酷！PC【領航員】R7 7700/B650/32G DDR5/1TB SSD/RX9060XT 16G/原廠機殼/750W電供,41900,,
3,酷！PC 套裝產線,華碩 × 酷！PC 精選套裝主機【預載最新 Windows 11！所有驅動一次到位，開機即用】,87,酷！PC【領航員】R7 7700/B650/32G DDR5/1TB SSD/RX9070XT 16G/原廠機殼/750W電供,54900,,
3,酷！PC 套裝產線,華碩 × 酷！PC 精選套裝主機【預載最新 Windows 11！所有驅動一次到位，開機即用】,88,酷！PC【黑豹】 Ultra 5 225/B860/16G DDR5/512G SSD/原廠機殼/650W原廠電供,18500,,
3,酷！PC 套裝產線,華碩 × 酷！PC 精選套裝主機【預載最新 Windows 11！所有驅動一次到位，開機即用】,89,酷！PC【黑豹】 Ultra 5 225/B860/16G DDR5/512G/RTX5060/原廠機殼/650W原廠電供,33500,,
3,酷！PC 套裝產線,華碩 × 酷！PC 精選套裝主機【預載最新 Windows 11！所有驅動一次到位，開機即用】,90,酷！PC【浮空島】R7 9800X3D/X870/32G DDR5/1TB/RTX5070Ti/原廠機殼/850W原廠電供,87900,,
3,酷！PC 套裝產線,華碩 × 酷！PC 精選套裝主機【預載最新 Windows 11！所有驅動一次到位，開機即用】,91,酷！PC【觀星台】R7 7700/X870/32G DDR5/1TB/RTX5060Ti 16G/750W電供,52900,,
3,酷！PC 套裝產線,華碩 × 酷！PC 精選套裝主機【預載最新 Windows 11！所有驅動一次到位，開機即用】,92,酷！PC【飛行石】Ultra 5 250K/Z890/32G DDR5/1TB/RTX5060Ti 16G/750W電供,57100,,
3,酷！PC 套裝產線,華碩 × 酷！PC 精選套裝主機【預載最新 Windows 11！所有驅動一次到位，開機即用】,93,酷！PC【張遼】R5 5600X/B550/16G DDR4/1TB SSD/RTX5060/750W電供,29900,,
3,酷！PC 套裝產線,華碩 × 酷！PC 精選套裝主機【預載最新 Windows 11！所有驅動一次到位，開機即用】,94,酷！PC【小喬】R5 7500F/B850/16G DDR5/1TB SSD/RTX5060/原廠機殼/650W電供,36900,,
3,酷！PC 套裝產線,華碩 × 酷！PC 精選套裝主機【預載最新 Windows 11！所有驅動一次到位，開機即用】,95,酷！PC【小喬】R7 7700/B850/16G DDR5/1TB SSD/RTX5060/原廠機殼/650W電供,39300,,
3,酷！PC 套裝產線,華碩 × 酷！PC 精選套裝主機【預載最新 Windows 11！所有驅動一次到位，開機即用】,96,酷！PC【小喬】R5 7500F/B850/16G DDR5/1TB SSD/RTX5060TI 16G/原廠機殼/650W電供,46900,,
3,酷！PC 套裝產線,華碩 × 酷！PC 精選套裝主機【預載最新 Windows 11！所有驅動一次到位，開機即用】,97,酷！PC【小喬】R7 7700/B850/16G DDR5/1TB SSD/RTX5060TI 16G/原廠機殼/650W電供,49300,,
3,酷！PC 套裝產線,華碩 × 酷！PC 精選套裝主機【預載最新 Windows 11！所有驅動一次到位，開機即用】,98,酷！PC【大喬】U5 225F/B860/16G DDR5/1TB SSD/RTX5060/原廠機殼/650W電供,36900,,
3,酷！PC 套裝產線,華碩 × 酷！PC 精選套裝主機【預載最新 Windows 11！所有驅動一次到位，開機即用】,99,酷！PC【大喬】U5 225F/B860/16G DDR5/1TB SSD/RTX5060TI 16G/原廠機殼/650W電供,47900,,
3,酷！PC 套裝產線,華碩 × 酷！PC 精選套裝主機【預載最新 Windows 11！所有驅動一次到位，開機即用】,100,酷！PC【許褚】R5 9600X/B850/16G DDR5/1TB SSD/RTX5060/原廠機殼/750W電供,39900,,
3,酷！PC 套裝產線,華碩 × 酷！PC 精選套裝主機【預載最新 Windows 11！所有驅動一次到位，開機即用】,101,酷！PC【許褚】R7 7800X3D/B850/16G DDR5/1TB SSD/RTX5060/原廠機殼/750W電供,41900,,
3,酷！PC 套裝產線,華碩 × 酷！PC 精選套裝主機【預載最新 Windows 11！所有驅動一次到位，開機即用】,102,酷！PC【許褚】R7 9800X3D/B850/16G DDR5/1TB SSD/RTX5060/原廠機殼/750W電供,47900,,
3,酷！PC 套裝產線,華碩 × 酷！PC 精選套裝主機【預載最新 Windows 11！所有驅動一次到位，開機即用】,103,酷！PC【許褚】R5 9600X/B850/16G DDR5/1TB SSD/RTX5060TI 16G/原廠機殼/750W電供,49900,,
3,酷！PC 套裝產線,華碩 × 酷！PC 精選套裝主機【預載最新 Windows 11！所有驅動一次到位，開機即用】,104,酷！PC【許褚】R7 7800X3D/B850/16G DDR5/1TB SSD/RTX5060TI 16G/原廠機殼/750W電供,51900,,
3,酷！PC 套裝產線,華碩 × 酷！PC 精選套裝主機【預載最新 Windows 11！所有驅動一次到位，開機即用】,105,酷！PC【許褚】R7 9800X3D/B850/16G DDR5/1TB SSD/RTX5060TI 16G/原廠機殼/750W電供,57900,,
3,酷！PC 套裝產線,華碩 × 酷！PC 精選套裝主機【預載最新 Windows 11！所有驅動一次到位，開機即用】,106,酷！PC【典韋】U5 250KF Plus/B860/16G DDR5/1TB SSD/RTX5060/原廠機殼/750W電供,39900,,
3,酷！PC 套裝產線,華碩 × 酷！PC 精選套裝主機【預載最新 Windows 11！所有驅動一次到位，開機即用】,107,酷！PC【典韋】U5 250KF Plus/B860/16G DDR5/1TB SSD/RTX5060TI 16G/原廠機殼/750W電供,49900,,
3,酷！PC 套裝產線,華碩 × 酷！PC 精選套裝主機【預載最新 Windows 11！所有驅動一次到位，開機即用】,108,華碩【R5管理者】R5 3400G / A520 / 8G DDR4 / 512G SSD,9990,,
3,酷！PC 套裝產線,華碩 × 酷！PC 精選套裝主機【預載最新 Windows 11！所有驅動一次到位，開機即用】,109,華碩【I5管理者】I5-12400 / H610 / 8G DDR4 / 512G SSD,13900,,
3,酷！PC 套裝產線,華碩 × 酷！PC 精選套裝主機【預載最新 Windows 11！所有驅動一次到位，開機即用】,110,酷！PC【守望者】Ultra 5 225/H810/16G DDR5/512GB SSD/650W電供,16900,,
3,酷！PC 套裝產線,技嘉 × 酷！PC 精選套裝主機【預載最新 Windows 11！所有驅動一次到位，開機即用】,115,酷！PC【屠龍刀】U5 250KF Plus/B860/16G DDR5/1TB SSD/RTX5060/850W電供,42900,,
3,酷！PC 套裝產線,技嘉 × 酷！PC 精選套裝主機【預載最新 Windows 11！所有驅動一次到位，開機即用】,116,酷！PC【屠龍刀】U5 250KF Plus/B860/16G DDR5/1TB SSD/RTX5070/850W電供,56900,,
3,酷！PC 套裝產線,技嘉 × 酷！PC 精選套裝主機【預載最新 Windows 11！所有驅動一次到位，開機即用】,117,酷！PC【屠龍刀】U7 270K Plus/B860/16G DDR5/1TB SSD/RTX5060/850W電供,46900,,
3,酷！PC 套裝產線,技嘉 × 酷！PC 精選套裝主機【預載最新 Windows 11！所有驅動一次到位，開機即用】,118,酷！PC【屠龍刀】U7 270K Plus/B860/16G DDR5/1TB SSD/RTX5070/850W電供,60900,,
3,酷！PC 套裝產線,技嘉 × 酷！PC 精選套裝主機【預載最新 Windows 11！所有驅動一次到位，開機即用】,119,酷！PC【倚天劍】R7 7700/B850/16G DDR5/1TB SSD/RTX5060/850W電供,41900,,
3,酷！PC 套裝產線,技嘉 × 酷！PC 精選套裝主機【預載最新 Windows 11！所有驅動一次到位，開機即用】,120,酷！PC【倚天劍】R7 7700/B850/16G DDR5/1TB SSD/RTX5070/850W電供,55900,,
3,酷！PC 套裝產線,技嘉 × 酷！PC 精選套裝主機【預載最新 Windows 11！所有驅動一次到位，開機即用】,121,酷！PC【倚天劍】R7 7800X3D/B850/16G DDR5/1TB SSD/RTX5060/850W電供,44900,,
3,酷！PC 套裝產線,技嘉 × 酷！PC 精選套裝主機【預載最新 Windows 11！所有驅動一次到位，開機即用】,122,酷！PC【倚天劍】R7 7800X3D/B850/16G DDR5/1TB SSD/RTX5070/850W電供,58900,,
3,酷！PC 套裝產線,技嘉 × 酷！PC 精選套裝主機【預載最新 Windows 11！所有驅動一次到位，開機即用】,123,酷！PC【倚天劍】R7 9800X3D/B850/16G DDR5/1TB SSD/RTX5060/850W電供,49900,,
3,酷！PC 套裝產線,技嘉 × 酷！PC 精選套裝主機【預載最新 Windows 11！所有驅動一次到位，開機即用】,124,酷！PC【倚天劍】R7 9800X3D/B850/16G DDR5/1TB SSD/RTX5070/850W電供,63900,,
3,酷！PC 套裝產線,技嘉 × 酷！PC 精選套裝主機【預載最新 Windows 11！所有驅動一次到位，開機即用】,127,酷！PC【混沌幻獸】- 黑色 R5 7500F/B650/16G DDR5/1TB/RTX5060/650W電供,33900,,
3,酷！PC 套裝產線,技嘉 × 酷！PC 精選套裝主機【預載最新 Windows 11！所有驅動一次到位，開機即用】,128,酷！PC【混沌幻獸】- 白色 R5 7500F/B650/16G DDR5/1TB/RTX5060/650W電供,33900,,
3,酷！PC 套裝產線,技嘉 × 酷！PC 精選套裝主機【預載最新 Windows 11！所有驅動一次到位，開機即用】,129,酷！PC【聖光幻獸】- 黑色 R7 7700/B650/16G DDR5/1TB/RTX5060TI/650W電供,41900,,
3,酷！PC 套裝產線,技嘉 × 酷！PC 精選套裝主機【預載最新 Windows 11！所有驅動一次到位，開機即用】,130,酷！PC【聖光幻獸】- 白色 R7 7700/B650/16G DDR5/1TB/RTX5060TI/650W電供,41900,,
3,酷！PC 套裝產線,技嘉 × 酷！PC 精選套裝主機【預載最新 Windows 11！所有驅動一次到位，開機即用】,131,酷！PC【電競PARTY】R7 7800X3D/B850/32G DDR5/1TB SSD/RTX5070/750W電供,63900,,
3,酷！PC 套裝產線,技嘉 × 酷！PC 精選套裝主機【預載最新 Windows 11！所有驅動一次到位，開機即用】,132,酷！PC【電競PARTY】R7 7800X3D/B850/32G DDR5/1TB SSD/RX9070/750W電供,58900,,
3,酷！PC 套裝產線,技嘉 × 酷！PC 精選套裝主機【預載最新 Windows 11！所有驅動一次到位，開機即用】,133,酷！PC【電競PARTY】R7 9800X3D/B850/32G DDR5/1TB SSD/RTX5070/750W電供,69800,,
3,酷！PC 套裝產線,技嘉 × 酷！PC 精選套裝主機【預載最新 Windows 11！所有驅動一次到位，開機即用】,134,酷！PC【電競PARTY】R7 9800X3D/B850/32G DDR5/1TB SSD/RX9070/750W電供,64800,,
3,酷！PC 套裝產線,技嘉 × 酷！PC 精選套裝主機【預載最新 Windows 11！所有驅動一次到位，開機即用】,135,酷！PC【狂歡PARTY】R7 7700/B850/16G DDR5/1TB SSD/RTX5060/650W電供,39900,,
3,酷！PC 套裝產線,技嘉 × 酷！PC 精選套裝主機【預載最新 Windows 11！所有驅動一次到位，開機即用】,136,酷！PC【狂歡PARTY】R7 7700/B850/16G DDR5/1TB SSD/RX9060/650W電供,41900,,
3,酷！PC 套裝產線,技嘉 × 酷！PC 精選套裝主機【預載最新 Windows 11！所有驅動一次到位，開機即用】,137,酷！PC【夏日PARTY】U5 250KF/B860/16G DDR5/1TB SSD/RTX5060/650W電供,39900,,
3,酷！PC 套裝產線,技嘉 × 酷！PC 精選套裝主機【預載最新 Windows 11！所有驅動一次到位，開機即用】,138,酷！PC【夏日PARTY】U5 250KF/B860/16G DDR5/1TB SSD/RX9060/650W電供,42900,,
3,酷！PC 套裝產線,技嘉 × 酷！PC 精選套裝主機【預載最新 Windows 11！所有驅動一次到位，開機即用】,139,酷！PC【狂熱PARTY】R7 9800X3D/X870/24G DDR5/1TB SSD/RTX5070TI/850W電供,85900,,
3,酷！PC 套裝產線,技嘉 × 酷！PC 精選套裝主機【預載最新 Windows 11！所有驅動一次到位，開機即用】,140,酷！PC【狂熱PARTY】R7 9800X3D/X870/24G DDR5/1TB SSD/RTX5080/850W電供,93900,,
3,酷！PC 套裝產線,技嘉 × 酷！PC 精選套裝主機【預載最新 Windows 11！所有驅動一次到位，開機即用】,141,酷！PC【狂熱PARTY】R7 9800X3D/X870/24G DDR5/1TB SSD/RX9070GRE/850W電供,59900,,
3,酷！PC 套裝產線,技嘉 × 酷！PC 精選套裝主機【預載最新 Windows 11！所有驅動一次到位，開機即用】,142,酷！PC【狂熱PARTY】R7 9800X3D/X870/24G DDR5/1TB SSD/RX9070XT/850W電供,68400,,
3,酷！PC 套裝產線,技嘉 × 酷！PC 精選套裝主機【預載最新 Windows 11！所有驅動一次到位，開機即用】,143,酷！PC【豪華PARTY】U7 270K/Z890/24G DDR5/1TB SSD/RTX5070TI/850W電供,85900,,
3,酷！PC 套裝產線,技嘉 × 酷！PC 精選套裝主機【預載最新 Windows 11！所有驅動一次到位，開機即用】,144,酷！PC【豪華PARTY】U7 270K/Z890/24G DDR5/1TB SSD/RTX5080/850W電供,93900,,
3,酷！PC 套裝產線,技嘉 × 酷！PC 精選套裝主機【預載最新 Windows 11！所有驅動一次到位，開機即用】,145,酷！PC【豪華PARTY】U7 270K/Z890/24G DDR5/1TB SSD/RX9070GRE/850W電供,59900,,
3,酷！PC 套裝產線,技嘉 × 酷！PC 精選套裝主機【預載最新 Windows 11！所有驅動一次到位，開機即用】,146,酷！PC【豪華PARTY】U7 270K/Z890/24G DDR5/1TB SSD/RX9070XT/850W電供,68400,,
3,酷！PC 套裝產線,技嘉 × 酷！PC 精選套裝主機【預載最新 Windows 11！所有驅動一次到位，開機即用】,149,酷！PC【鬼武者-天雷劍】R7 7800X3D/X870/32G DDR5/1TB SSD/RTX5070/750W電供,72900,,
3,酷！PC 套裝產線,技嘉 × 酷！PC 精選套裝主機【預載最新 Windows 11！所有驅動一次到位，開機即用】,150,酷！PC【鬼武者-天雷劍】R7 9800X3D/X870/32G DDR5/1TB SSD/RTX5070/750W電供,77900,,
3,酷！PC 套裝產線,技嘉 × 酷！PC 精選套裝主機【預載最新 Windows 11！所有驅動一次到位，開機即用】,151,酷！PC【鬼武者-疾風刀】U7 270K Plus/Z890/32G DDR5/1TB SSD/RX9060XT/750W電供,58900,,
3,酷！PC 套裝產線,技嘉 × 酷！PC 精選套裝主機【預載最新 Windows 11！所有驅動一次到位，開機即用】,152,酷！PC【鬼武者-疾風刀】U7 270K Plus/Z890/32G DDR5/1TB SSD/RX9070/750W電供,66900,,
3,酷！PC 套裝產線,技嘉 × 酷！PC 精選套裝主機【預載最新 Windows 11！所有驅動一次到位，開機即用】,153,酷！PC【鬼武者-雷斬刀】R5 7500F/B850/16G DDR5/1TB SSD/RTX5060/750W電供,35900,,
3,酷！PC 套裝產線,技嘉 × 酷！PC 精選套裝主機【預載最新 Windows 11！所有驅動一次到位，開機即用】,154,酷！PC【鬼武者-雷斬刀】R7 7700/B850/16G DDR5/1TB SSD/RTX5060/750W電供,37900,,
3,酷！PC 套裝產線,技嘉 × 酷！PC 精選套裝主機【預載最新 Windows 11！所有驅動一次到位，開機即用】,155,酷！PC【鬼武者-地烈斬】U5 225F/B860/16G DDR5/1TB SSD/RX9060XT/750W電供,35900,,
3,酷！PC 套裝產線,微星 × 酷！PC 精選套裝主機【預載最新 Windows 11！所有驅動一次到位，開機即用】,160,酷！PC【智多星】Ultra 5 225/H810/16G/512GB SSD/原廠機殼/500W原廠電供,16490,,
3,酷！PC 套裝產線,微星 × 酷！PC 精選套裝主機【預載最新 Windows 11！所有驅動一次到位，開機即用】,161,酷！PC【凱薩】Ultra 5 225F/B860/16G/1TB SSD/RTX5060/原廠機殼/650W電供,33900,,
3,酷！PC 套裝產線,微星 × 酷！PC 精選套裝主機【預載最新 Windows 11！所有驅動一次到位，開機即用】,162,酷！PC【亞瑟】R7 7700/B650/16G/1TB SSD/RTX5060/原廠機殼/650W電供,36900,,
3,酷！PC 套裝產線,微星 × 酷！PC 精選套裝主機【預載最新 Windows 11！所有驅動一次到位，開機即用】,163,[直播VIP]酷！PC【直播遊俠】R7 9800X3D/X870/32G/1TB/RTX5080/原廠機殼/850W金牌電供,93900,,
3,酷！PC 套裝產線,微星 × 酷！PC 精選套裝主機【預載最新 Windows 11！所有驅動一次到位，開機即用】,164,[直播VIP]酷！PC【直播叛客】U7 270K/Z890/32G/1TB/RTX5080/原廠機殼/850W金牌電供,92900,,
3,酷！PC 套裝產線,微星 × 酷！PC 精選套裝主機【預載最新 Windows 11！所有驅動一次到位，開機即用】,165,[直播VIP]酷！PC【直播君主】R7 9800X3D/B850/32G/1TB/RTX5070TI/原廠機殼/850W白金電供,87900,,
3,酷！PC 套裝產線,微星 × 酷！PC 精選套裝主機【預載最新 Windows 11！所有驅動一次到位，開機即用】,167,酷！PC【山獸神】Ultra 5 250K/B860/16G/1TB/RTX5060/原廠機殼/650W電供,38900,,
3,酷！PC 套裝產線,微星 × 酷！PC 精選套裝主機【預載最新 Windows 11！所有驅動一次到位，開機即用】,168,酷！PC【山獸神】Ultra 5 250K/B860/16G/1TB/RTX5060TI 8G/原廠機殼/650W電供,41900,,
3,酷！PC 套裝產線,微星 × 酷！PC 精選套裝主機【預載最新 Windows 11！所有驅動一次到位，開機即用】,169,酷！PC【山獸神】Ultra 5 250K/B860/16G/1TB/RTX5060TI 16G/原廠機殼/650W電供,48500,,
3,酷！PC 套裝產線,微星 × 酷！PC 精選套裝主機【預載最新 Windows 11！所有驅動一次到位，開機即用】,170,酷！PC【王蟲】R5/9600X/B650/16G/1TB/RTX5060/原廠機殼/650W電供,37900,,
3,酷！PC 套裝產線,微星 × 酷！PC 精選套裝主機【預載最新 Windows 11！所有驅動一次到位，開機即用】,171,酷！PC【王蟲】R5/9600X/B650/16G/1TB/RTX5060TI 8G/原廠機殼/650W電供,40900,,
3,酷！PC 套裝產線,微星 × 酷！PC 精選套裝主機【預載最新 Windows 11！所有驅動一次到位，開機即用】,172,酷！PC【王蟲】R5/9600X/B650/16G/1TB/RTX5060TI 16G/原廠機殼/650W電供,47500,,
4,處理器 CPU,Intel Core Ultra 200S系列1851 腳位【內建 NPU 支援 AI】,2,｛Intel Core Ultra 5 225F｝【10核】3.3G(↑4.9G) /20M /無內顯【代理盒裝】,4880,,
4,處理器 CPU,Intel Core Ultra 200S系列1851 腳位【內建 NPU 支援 AI】,3,｛Intel Core Ultra 5 225｝【10核】3.3G(↑4.9G) /20M /內顯Xe-core【代理盒裝】,5800,,
4,處理器 CPU,Intel Core Ultra 200S系列1851 腳位【內建 NPU 支援 AI】,4,｛Intel Core Ultra 5 225｝【10核】3.3G(↑4.9G) /20M /內顯Xe-core【代理盒裝】~組裝價~,5280,,組裝價
4,處理器 CPU,Intel Core Ultra 200S系列1851 腳位【內建 NPU 支援 AI】,5,｛Intel Core Ultra 5 245KF｝【14核】4.2G(↑5.2G) /24M /無內顯 /無風扇【代理盒裝】,6300,,
4,處理器 CPU,Intel Core Ultra 200S系列1851 腳位【內建 NPU 支援 AI】,6,｛Intel Core Ultra 5 250KF Plus｝【18核】4.2G(↑5.3G) /30M /無內顯 /無風扇【代理盒裝】,7990,,
4,處理器 CPU,Intel Core Ultra 200S系列1851 腳位【內建 NPU 支援 AI】,7,｛Intel Core Ultra 5 250K Plus｝【18核】4.2G(↑5.3G) /30M /內顯Xe-core /無風扇【代理盒裝】,8250,,熱賣
4,處理器 CPU,Intel Core Ultra 200S系列1851 腳位【內建 NPU 支援 AI】,8,｛Intel Core Ultra 7 265K｝【20核】3.9G(↑5.4G) /30M /內顯Xe-core /無風扇【代理盒裝】,10300,,
4,處理器 CPU,Intel Core Ultra 200S系列1851 腳位【內建 NPU 支援 AI】,9,｛Intel Core Ultra 7 270K Plus｝【24核】3.7G(↑5.4G) /36M /內顯Xe-core /無風扇【代理盒裝】,12200,,熱賣
4,處理器 CPU,Intel Core Ultra 200S系列1851 腳位【內建 NPU 支援 AI】,10,｛Intel Core Ultra 9 285K｝【24核】3.7G(↑5.7G) /36M /內顯Xe-core /無風扇【代理盒裝】,21500,,
4,處理器 CPU,Intel Raptor Lake-s 14代1700 腳位,12,｛Intel i3-14100｝【4核/8緒】3.5GHz(↑4.7GHz) /12M /UHD730 /60W 【代理盒裝】,4800,,
4,處理器 CPU,Intel Raptor Lake-s 14代1700 腳位,13,｛Intel i5-14400F｝【10核/16緒】2.5GHz(↑4.7G) /20M /無內顯 /65W 【代理盒裝】,6250,,
4,處理器 CPU,Intel Raptor Lake-s 14代1700 腳位,14,｛Intel i5-14400｝【10核/16緒】2.5GHz(↑4.7G) /20M /UHD730 /65W 【代理盒裝】,7250,,熱賣
4,處理器 CPU,Intel Raptor Lake-s 14代1700 腳位,15,｛Intel i7-14700｝【20核/28緒】2.1GHz(↑5.4G) /33M /UHD770 /65W 【代理盒裝】,11800,,
4,處理器 CPU,Intel Alder Lake-s 12代1700 腳位,17,｛Intel i5-12400｝【6核/12緒】2.5G(↑4.4G) /18M /UHD730 /65w 【代理盒裝】,6100,,
4,處理器 CPU,Intel Sapphire Rapids Xeon W 4677腳位 『適W790主板』,19,｛Intel Xeon W7-3465X｝【28核/56緒】2.50GHz(↑4.8GHz) /75M /300W【代理盒裝】,101600,,
4,處理器 CPU,AMD AM4 腳位,21,｛AMD R5 3400G｝代理盒裝【4核/8緒】3.7G(↑4.2G)65W /12nm /代理商三年保 /含內顯,2099,,
4,處理器 CPU,AMD AM4 腳位,22,｛AMD R5 5600X MPK｝(含風扇)【6核/12緒】3.7G(↑4.6G)代理商三年保,4790,,熱賣
4,處理器 CPU,AMD AM4 腳位,23,｛AMD R7 5800X3D｝十週年紀念版 AM4輝煌十載【8核/16緒】3.4G(↑4.5G)105W/7nm,11790,,熱賣
4,處理器 CPU,AMD AM5 7000系列,25,｛AMD R5 7500F MPK｝(含風扇)【6核/12緒】3.7G(↑5.0G)代理商三年保,4790,,熱賣
4,處理器 CPU,AMD AM5 7000系列,26,[搭板專案 ]｛AMD R5 7500F MPK｝(含風扇)【6核/12緒】3.7G(↑5.0G)搭主機板省300,4490,,熱賣 搭板專案
4,處理器 CPU,AMD AM5 7000系列,27,｛AMD R7 7700 MPK｝(代理含風扇)【8核/16緒】3.8G(↑5.3G)65W /具內顯 /代理商三年保,7190,,熱賣
4,處理器 CPU,AMD AM5 7000系列,28,[搭板專案]｛AMD R7 7700 MPK｝(代理含風扇【8核/16緒】3.8G(↑5.3G)搭主機板省450,6740,,熱賣 搭板專案
4,處理器 CPU,AMD AM5 7000系列,29,｛AMD R7 7800X3D Tray盤｝【8核/16緒】4.2G(↑5.0G)96M/120W/具內顯三年保,9990,,熱賣
4,處理器 CPU,AMD AM5 8000系列,31,｛AMD R5 8400F盒｝【6核/12緒】4.2G(↑4.7G)65W,4950,,酷幣200
4,處理器 CPU,AMD AM5 8000系列,32,｛AMD R5 8400F盒｝【6核/12緒】4.2G(↑4.7G)65W【任搭主機板】,4450,,搭板專案 酷幣200
4,處理器 CPU,AMD AM5 8000系列,33,｛AMD R5 8500G盒｝【6核/12緒】3.5G(↑5.0G)65W /RDNA 3內顯 /新4奈米技術 /最低45W,5090,,
4,處理器 CPU,AMD AM5 8000系列,34,｛AMD R5 8600G盒｝【6核/12緒】4.3G(↑5.0G)65W /RDNA 3內顯 /內建NPU支持AI,6450,,
4,處理器 CPU,AMD AM5 9000系列,36,｛AMD R5 9600X｝代理盒裝【6核/12緒】3.9G(↑5.4G)65W /具RDNA內顯,7950,,
4,處理器 CPU,AMD AM5 9000系列,37,[搭板專案 ]｛AMD R5 9600X｝代理盒裝【6核/12緒】3.9G(↑5.4G)任搭主機板現省1200,6750,,熱賣 搭板專案
4,處理器 CPU,AMD AM5 9000系列,38,｛AMD R7 9700X｝代理盒裝【8核/16緒】3.8G(↑5.5G)65W /具RDNA內顯,11450,,
4,處理器 CPU,AMD AM5 9000系列,39,[搭板專案 ]｛AMD R7 9700X｝代理盒裝【8核/16緒】3.8G(↑5.5G)任搭主機板現省1500,9950,,熱賣 搭板專案
4,處理器 CPU,AMD AM5 9000系列,40,｛AMD R9 9900X｝代理盒裝【12核/24緒】4.4G(↑5.6G)120W /具內顯,13900,,
4,處理器 CPU,AMD AM5 9000系列,41,｛AMD R9 9950X｝代理盒裝【16核/32緒】4.3G(↑5.7G)170W /具內顯,19500,,
4,處理器 CPU,AMD AM5 9000系列,43,｛AMD R7 9800X3D｝代理盒裝【8核/16緒】4.7G(↑5.2G)120W /96M /具RDNA內顯,15900,,
4,處理器 CPU,AMD AM5 9000系列,44,[搭板專案 ]｛AMD R7 9800X3D｝代理盒【8核/16緒】4.7G(↑5.2G)任搭主機板現省900,15000,,熱賣 搭板專案
4,處理器 CPU,AMD AM5 9000系列,45,｛AMD R7 9850X3D｝代理盒裝【8核/16緒】4.7G(↑5.6G)120W/96M/具內顯,16000,,
4,處理器 CPU,AMD AM5 9000系列,46,｛AMD R9 9900X3D｝代理盒裝【12核/24緒】4.4G(↑5.5G)120W /具內顯,19750,,
4,處理器 CPU,AMD AM5 9000系列,47,｛AMD R9 9950X3D｝代理盒裝【16核/32緒】4.3G(↑5.7G)170W /具內顯,22200,,
4,處理器 CPU,AMD AM5 9000系列,48,｛AMD R9 9950X3D2｝雙3D-V-Cache技術【16核/32緒】4.3G(↑5.6G)200W /具內顯,31000,,
4,處理器 CPU,AMD Ryzen Threadripper TRX50系列 (不含散熱器),50,｛AMD Ryzen TR 9960X盒｝【24核/48緒】4.2G(↑5.4G)350W /128M /4nm,51960,,
4,處理器 CPU,AMD Ryzen Threadripper TRX50系列 (不含散熱器),51,｛AMD Ryzen TR 9970X盒｝【32核/64緒】4.0G(↑5.4G)350W /128M /4nm,86550,,
4,處理器 CPU,AMD Ryzen Threadripper TRX50系列 (不含散熱器),52,｛AMD Ryzen TR 9980X盒｝【64核/128緒】3.2G(↑5.4G)350W /256M /4nm,173550,,
4,處理器 CPU,AMD Ryzen Threadripper WRX90系列 (不含散熱器),54,｛AMD Ryzen TR PRO 9955WX盒｝【16核/32緒】4.5G(↑5.4G)350W /64M /4nm,56750,,
4,處理器 CPU,AMD Ryzen Threadripper WRX90系列 (不含散熱器),55,｛AMD Ryzen TR PRO 9965WX盒｝【24核/48緒】4.2G(↑5.4G)350W /128M /4nm,99950,,
4,處理器 CPU,AMD Ryzen Threadripper WRX90系列 (不含散熱器),56,｛AMD Ryzen TR PRO 9975WX盒｝【32核/64緒】4.0G(↑5.4G)350W /128M /4nm,143250,,
4,處理器 CPU,AMD Ryzen Threadripper WRX90系列 (不含散熱器),57,｛AMD Ryzen TR PRO 9985WX盒｝【64核/128緒】3.2G(↑5.4G)350W /256M /4nm,276850,,
4,處理器 CPU,AMD Ryzen Threadripper WRX90系列 (不含散熱器),58,｛AMD Ryzen TR PRO 9995WX盒｝【96核/192緒】2.5G(↑5.4G)350W /384M /4nm,392000,,
5,主機板 MB,Intel W680 工作站級 (1700腳位/DDR5),2,｛華碩 PRO WS W680M-ACE SE｝M-ATX/雙2.5G+LAN 1G *支援BMC遠端管理,13990,,任搭折290
5,主機板 MB,Intel W680 工作站級 (1700腳位/DDR5),3,｛華碩 PRO WS W680-ACE｝/ATX/1A1H1P/雙2.5G/註四年 穩定.可靠性高,10990,,任搭折290
5,主機板 MB,Intel W680 工作站級 (1700腳位/DDR5),4,｛華碩 PRO WS W680-ACE IPMI｝/ATX/1A1H1P/雙2.5G/註四年附華碩IPMI擴展卡,14990,,任搭折290
5,主機板 MB,Intel Z890/W880工作站級(1851腳位/DDR5),6,｛華碩 PRO WS Z890-ACE SE｝/ATX/M10G+2.5G+R 1G/16+2+1+2相/BMC遠端管理,18990,,任搭折290
5,主機板 MB,Intel Z890/W880工作站級(1851腳位/DDR5),7,｛華碩 PRO WS W880-ACE SE｝/ATX/雙2.5G+LAN 1G/8+1+2+2相.支援VPRO,17990,,任搭折290
5,主機板 MB,Intel W790 伺服器級 (4677腳位/DDR5),9,｛華碩 Pro WS W790-ACE｝CEB/8*DDR5/10G+2.5G/註四年/IPMI遠程管理,32990,,任搭折290
5,主機板 MB,Intel W790 伺服器級 (4677腳位/DDR5),10,｛華碩 Pro WS W790E-SAGE SE｝EEB/8*DDR5/雙10G+LAN 1G/14+1+1功率級,44900,,
5,主機板 MB,Intel W890 工作站級 (4710-2腳位/DDR5),12,｛華碩 Pro WS W890-SAGE｝CEB/LAN 10G+2.5G/註四年/12+2+2+1+2相 *客訂,32990,,任搭折400
5,主機板 MB,Intel W890 工作站級 (4710-2腳位/DDR5),13,｛華碩 Pro WS W890E-SAGE SE｝EEB/雙10G+LAN 1G/註四年/16+2+2+1+2相*客訂,44900,,任搭折500
5,主機板 MB,Intel H610 / 1700腳位(DDR5)-12~14代皆支援,15,｛華碩 PRIME H610I-PLUS-CSM｝Mini-ITX/Intel 1G/註四年/5+1+1相 [DDR5],3590,,任搭折90
5,主機板 MB,Intel H610 / 1700腳位(DDR5)-12~14代皆支援,16,｛華碩 PRIME H610M-E-CSM｝M-ATX/LAN 1G/註四年/8相/2DIMM [DDR5],2490,,任搭折90
5,主機板 MB,Intel H610 / 1700腳位(DDR5)-12~14代皆支援,17,｛華碩 PRIME H610M-F｝M-ATX/LAN 1G/註四年/3+1+1相/2DIMM [DDR5],2690,,任搭折90
5,主機板 MB,Intel H610 / 1700腳位(DDR5)-12~14代皆支援,18,裝機價｛華碩 PRIME H610M-F｝M-ATX/LAN 1G/註四年/3+1+1相/2DIMM [DDR5],1990,,裝機價 任搭折90
5,主機板 MB,Intel H610 / 1700腳位(DDR5)-12~14代皆支援,19,｛華碩 PRIME H610M-K-CSM｝M-ATX/LAN 1G/註四年/8相電源/2DIMM [DDR5],2990,,任搭折90
5,主機板 MB,Intel H610 / 1700腳位(DDR5)-12~14代皆支援,20,裝機價｛華碩 PRIME H610M-K-CSM｝M-ATX/LAN 1G/註四年/8相電源/2DIMM [DDR5],2290,,熱賣 裝機價 任搭折90
5,主機板 MB,Intel H610 / 1700腳位(DDR5)-12~14代皆支援,21,｛微星 PRO H610M-S｝M-ATX/LAN 1G/註四年/5相電源/2DIMM [DDR5],1990,,任搭折100
5,主機板 MB,Intel H610 / 1700腳位(DDR5)-12~14代皆支援,22,｛微星 PRO H610M-E｝M-ATX/LAN 1G/註四年/8相電源/2DIMM/6+1+1相,2290,,任搭折90
5,主機板 MB,Intel H610 / 1700腳位(DDR5)-12~14代皆支援,23,｛華擎 H610M-H2/M.2 D5｝M-ATX/LAN 1G/註四年/2DIMM/3+1+1相,1990,,任搭折90
5,主機板 MB,Intel H610 / 1700腳位(DDR4)-12~14代皆支援,25,｛華碩 PRIME H610M-F D4 R2.0-CSM｝M-ATX/LAN 1G/註四年/2DIMM/5相,2790,,任搭折100
5,主機板 MB,Intel H610 / 1700腳位(DDR4)-12~14代皆支援,26,裝機價｛華碩 PRIME H610M-F D4 R2.0-CSM｝M-ATX/LAN 1G/註四年/2DIMM/5相,2190,,熱賣 裝機價
5,主機板 MB,Intel H610 / 1700腳位(DDR4)-12~14代皆支援,27,｛華碩 PRIME H610M-K D4-CSM｝M-ATX/1A1H/LAN 1G/註四年/2DIMM/6+1+1相,2990,,
5,主機板 MB,Intel H610 / 1700腳位(DDR4)-12~14代皆支援,28,裝機價｛華碩 PRIME H610M-K D4-CSM｝M-ATX/1A1H/R 1G/2DIMM/6+1+1相,2390,,熱賣 裝機價
5,主機板 MB,Intel H610 / 1700腳位(DDR4)-12~14代皆支援,29,｛華碩 PRIME H610I-PLUS D4-CSM｝Mini-ITX/1A1H1P/LAN 1G/2DIMM/5+1+1相,3590,,任搭折190
5,主機板 MB,Intel H610 / 1700腳位(DDR4)-12~14代皆支援,30,｛技嘉 H610M K DDR4｝M-ATX/1H/LAN 1G/註四年/2DIMM/5相,2790,,任搭折300
5,主機板 MB,Intel H610 / 1700腳位(DDR4)-12~14代皆支援,31,｛技嘉 H610M H V2 DDR4｝M-ATX/1A1H/LAN 1G/註四年/2DIMM/6+1+1相,2990,,任搭折190
5,主機板 MB,Intel H610 / 1700腳位(DDR4)-12~14代皆支援,32,｛技嘉 H610M S2H V2 DDR4｝M-ATX/LAN 1G/註四年/2DIMM/6+1+1相 *尾盤,2790,,任搭折90
5,主機板 MB,Intel H610 / 1700腳位(DDR4)-12~14代皆支援,33,｛微星 PRO H610M-S DDR4｝M-ATX/1H/LAN 1G/註四年/2DIMM/5相,1990,,熱賣 任搭折90
5,主機板 MB,Intel H610 / 1700腳位(DDR4)-12~14代皆支援,34,｛微星 PRO H610M-E DDR4｝M-ATX/LAN 1G/註四年/2DIMM/6+1+1相,2290,,
5,主機板 MB,Intel H610 / 1700腳位(DDR4)-12~14代皆支援,35,｛華擎 H610M-H2/M.2｝M-ATX/LAN 1G/四年保/3+1+1相,1990,,任搭折90
5,主機板 MB,Intel H610 / 1700腳位(DDR4)-12~14代皆支援,36,｛華擎 H610M COMBO II｝M-ATX/支援D4&D5記憶體/LAN 1G/三年保/6+1+1相,2290,,
5,主機板 MB,Intel B760 / 1700腳位(DDR4)-12~14代皆支援,38,｛華碩 B760M-AYW WIFI D4｝M-ATX/2.5G+無線/註五年/2DIMM/8相 *保固升級,3990,,任搭折90
5,主機板 MB,Intel B760 / 1700腳位(DDR4)-12~14代皆支援,39,｛華碩 PRIME B760M-F D4-CSM｝M-ATX/LAN 1G/註四年/2DIMM/8相,3090,,任搭折90
5,主機板 MB,Intel B760 / 1700腳位(DDR4)-12~14代皆支援,40,裝機價｛華碩 PRIME B760M-F D4-CSM｝M-ATX/LAN 1G/註四年/2DIMM/8相,2790,,熱賣 裝機價
5,主機板 MB,Intel B760 / 1700腳位(DDR4)-12~14代皆支援,41,｛華碩 PRIME B760M-K D4-CSM｝M-ATX/2.5G/註四年/2DIMM/8相,3190,,
5,主機板 MB,Intel B760 / 1700腳位(DDR4)-12~14代皆支援,42,｛華碩 PRIME B760M-A D4-CSM｝M-ATX/2.5G/註四年/8相,3790,,任搭折90
5,主機板 MB,Intel B760 / 1700腳位(DDR4)-12~14代皆支援,43,｛華碩 PRIME B760M-A WIFI D4-CSM｝M-ATX/2.5G+無線/註四年/10相,4490,,任搭折90
5,主機板 MB,Intel B760 / 1700腳位(DDR4)-12~14代皆支援,44,｛華碩 TUF GAMING B760M-E D4｝M-ATX/2.5G/註五年/10+1相 *活動到9/30,4290,,
5,主機板 MB,Intel B760 / 1700腳位(DDR4)-12~14代皆支援,45,｛華碩 TUF GAMING B760M-PLUS WIFI D4｝M-ATX/2.5G+無線/註五年/12+1相,5490,,任搭折190
5,主機板 MB,Intel B760 / 1700腳位(DDR4)-12~14代皆支援,46,｛華碩 TUF GAMING B760-PLUS WIFI D4｝/ATX/2.5G+無線/註五年/12+1相,5990,,任搭折100
5,主機板 MB,Intel B760 / 1700腳位(DDR4)-12~14代皆支援,47,｛技嘉 B760M K V2 DDR4｝M-ATX/LAN 1G/註四年保/2DIMM/4+1+1相,2790,,任搭折300
5,主機板 MB,Intel B760 / 1700腳位(DDR4)-12~14代皆支援,48,｛技嘉 B760M H DDR4｝M-ATX/LAN 1G/註四年保/2DIMM/6+1+1相,3090,,
5,主機板 MB,Intel B760 / 1700腳位(DDR4)-12~14代皆支援,49,｛技嘉 B760M GAMING PLUS WIFI DDR4｝M-ATX/2.5G+無線/註五年/4+1+1相,3990,,熱賣 任搭折400
5,主機板 MB,Intel B760 / 1700腳位(DDR4)-12~14代皆支援,50,｛微星 PRO B760M-E DDR4｝M-ATX/LAN 1G/註四年/2DIMM/6+1+1相,2590,,熱賣
5,主機板 MB,Intel B760 / 1700腳位(DDR4)-12~14代皆支援,51,｛微星 PRO B760M-B DDR4｝M-ATX/2.5G/註四年/2DIMM/6+1相,2790,,任搭折90
5,主機板 MB,Intel B760 / 1700腳位(DDR4)-12~14代皆支援,52,｛微星 PRO B760M-P DDR4｝M-ATX/LAN 1G/註四年/4DIMM/8相,3190,,
5,主機板 MB,Intel B760 / 1700腳位(DDR4)-12~14代皆支援,53,｛微星 B760M BOMBER DDR4｝M-ATX/2.5G/註四年/2DIMM/8相,2890,,任搭折100
5,主機板 MB,Intel B760 / 1700腳位(DDR4)-12~14代皆支援,54,｛微星 B760M BOMBER WIFI DDR4｝M-ATX/2.5G+無線/註四年/2DIMM/6+1+1相,3590,,任搭折100
5,主機板 MB,Intel B760 / 1700腳位(DDR4)-12~14代皆支援,55,｛華擎 B760M-HDV/M.2 D4｝M-ATX/LAN 1G/註四年/5+1+1相,2390,,任搭折90
5,主機板 MB,Intel B760 / 1700腳位(DDR5)-12~14代皆支援,57,｛華碩 B760M-AYW WIFI｝M-ATX/2.5G+無線/註五年/2DIMM/8相 *保固升級,3090,,
5,主機板 MB,Intel B760 / 1700腳位(DDR5)-12~14代皆支援,58,｛華碩 PRIME B760M-F-CSM｝M-ATX/LAN 1G/註四年/2DIMM/8相,2990,,任搭折90
5,主機板 MB,Intel B760 / 1700腳位(DDR5)-12~14代皆支援,59,裝機價｛華碩 PRIME B760M-F-CSM｝M-ATX/LAN 1G/註四年/2DIMM/8相,2590,,裝機價
5,主機板 MB,Intel B760 / 1700腳位(DDR5)-12~14代皆支援,60,｛華碩 PRIME B760M-K-CSM｝M-ATX/2.5G/註四年/2DIMM/8相,2990,,任搭折90
5,主機板 MB,Intel B760 / 1700腳位(DDR5)-12~14代皆支援,61,｛華碩 PRIME B760M-A-CSM｝M-ATX/2.5G/註四年/8相,3190,,
5,主機板 MB,Intel B760 / 1700腳位(DDR5)-12~14代皆支援,62,｛華碩 PRIME B760M-A WIFI-CSM｝M-ATX/2.5G+無線/註四年/10相,3990,,
5,主機板 MB,Intel B760 / 1700腳位(DDR5)-12~14代皆支援,63,｛華碩 TUF GAMING B760M-PLUS WIFI II｝M-ATX/2.5G+無線/12+1相,4490,,
5,主機板 MB,Intel B760 / 1700腳位(DDR5)-12~14代皆支援,64,｛華碩 TUF GAMING B760-PLUS WIFI｝/ATX/2.5G+無線/註五年/12+1相,4590,,
5,主機板 MB,Intel B760 / 1700腳位(DDR5)-12~14代皆支援,65,｛技嘉 B760M E｝M-ATX/GE LAN/註四年保/2DIMM/6+1+1相,2990,,任搭折90
5,主機板 MB,Intel B760 / 1700腳位(DDR5)-12~14代皆支援,66,｛技嘉 B760M H V2｝M-ATX/LAN 1G/註四年/2DIMM/5+1+1相,2990,,任搭折400
5,主機板 MB,Intel B760 / 1700腳位(DDR5)-12~14代皆支援,67,｛技嘉 B760M DS3H GEN5｝M-ATX/2.5G/註四年保/6+2+1相,3990,,任搭折100
5,主機板 MB,Intel B760 / 1700腳位(DDR5)-12~14代皆支援,68,｛技嘉 B760M DS3H WIFI6E GEN5｝M-ATX/2.5G+無線/註四年保/6+2+1相,4490,,任搭折500
5,主機板 MB,Intel B760 / 1700腳位(DDR5)-12~14代皆支援,69,｛技嘉 B760M DS3H AX｝M-ATX/2.5G+無線/註四年保/6+2相 *尾盤,3690,,熱賣 任搭折100
5,主機板 MB,Intel B760 / 1700腳位(DDR5)-12~14代皆支援,70,｛技嘉 B760M GAMING WIFI6 PLUS GEN5｝M-ATX/2.5G+無線/註五年/6+2+1相,3690,,任搭折200
5,主機板 MB,Intel B760 / 1700腳位(DDR5)-12~14代皆支援,71,｛技嘉 B760M GAMING X WIFI6E GEN5｝M-ATX/2.5G+無線/註五年/8+1+1相,4990,,任搭折500
5,主機板 MB,Intel B760 / 1700腳位(DDR5)-12~14代皆支援,72,｛技嘉 B760M AORUS ELITE AX｝M-ATX/2.5G+無線/註五年/12+1+1相,5290,,任搭折500
5,主機板 MB,Intel B760 / 1700腳位(DDR5)-12~14代皆支援,73,｛技嘉 B760M AORUS ELITE WIFI6E-P GEN5｝雕妹/M-ATX/2.5G+無線/12+1+1相,5990,,熱賣 任搭折500
5,主機板 MB,Intel B760 / 1700腳位(DDR5)-12~14代皆支援,74,｛微星 PRO B760M-E｝M-ATX/LAN 1G/註四年/2DIMM/6+1+1相,2690,,任搭折100
5,主機板 MB,Intel B760 / 1700腳位(DDR5)-12~14代皆支援,75,｛微星 PRO B760M-B｝M-ATX/2.5G/註四年/2DIMM/6+1相,2790,,
5,主機板 MB,Intel B760 / 1700腳位(DDR5)-12~14代皆支援,76,｛微星 PRO B760M-P｝M-ATX/LAN 1G/註四年/4DIMM/8相,3190,,任搭折100
5,主機板 MB,Intel B760 / 1700腳位(DDR5)-12~14代皆支援,77,｛微星 PRO B760M-A WIFI｝M-ATX/2.5G+無線/註四年/14相,3890,,
5,主機板 MB,Intel B760 / 1700腳位(DDR5)-12~14代皆支援,78,｛微星 B760M BOMBER｝M-ATX/2.5G/註四年/2DIMM/8相,2890,,
5,主機板 MB,Intel B760 / 1700腳位(DDR5)-12~14代皆支援,79,｛微星 B760M BOMBER WIFI｝M-ATX/2.5G+無線/註四年/2DIMM/6+1+1相,3490,,
5,主機板 MB,Intel B760 / 1700腳位(DDR5)-12~14代皆支援,80,｛微星 B760M GAMING WIFI｝M-ATX/2.5G+無線/註五年/2DIMM/6+1相,3690,,
5,主機板 MB,Intel B760 / 1700腳位(DDR5)-12~14代皆支援,81,｛微星 B760M GAMING PLUS WIFI｝M-ATX/2.5G+無線/註五年/12+1+1相,4090,,任搭折100
5,主機板 MB,Intel B760 / 1700腳位(DDR5)-12~14代皆支援,82,｛微星 B760 GAMING PLUS WIFI｝/ATX/2.5G+無線/註五年/12+1+1相,4290,,任搭折200
5,主機板 MB,Intel B760 / 1700腳位(DDR5)-12~14代皆支援,83,｛華擎 B760M-HDV/M.2｝M-ATX/2.5G/註四年/7+1+1相,2390,,
5,主機板 MB,Intel B760 / 1700腳位(DDR5)-12~14代皆支援,84,｛華擎 B760M PG LIGHTNING｝M-ATX/2.5G/註五年/7+1+1相,3890,,
5,主機板 MB,Intel B760 / 1700腳位(DDR5)-12~14代皆支援,85,｛華擎 B760M Steel Legend WiFi｝M-ATX/2.5G+無線/12+1+1相.支援eDP,4190,,
5,主機板 MB,Intel Z790 / 1700腳位(DDR4)-12~14代皆支援,87,｛華碩 PRIME Z790-P D4-CSM｝/ATX/2.5G/註四年/14+1相,6490,,任搭折190
5,主機板 MB,Intel Z790 / 1700腳位(DDR5)-12~14代皆支援,89,｛華碩 PRIME Z790-P WIFI-CSM｝/ATX/2.5G+無線/註四年/14+1相,6490,,
5,主機板 MB,Intel Z790 / 1700腳位(DDR5)-12~14代皆支援,90,｛微星 PRO Z790-P WIFI｝/ATX/2.5G+無線/註四年/14+1+1相,5590,,
5,主機板 MB,Intel H810 / 1851腳位(DDR5),92,｛華碩 PRIME H810M-K-CSM｝M-ATX/LAN 1G/註四年/2DIMM/6+1+1+1相,3090,,任搭折100
5,主機板 MB,Intel H810 / 1851腳位(DDR5),93,｛華碩 PRIME H810M-E-CSM｝M-ATX/LAN 1G/註四年/2DIMM/6+1+1+1相,3190,,
5,主機板 MB,Intel H810 / 1851腳位(DDR5),94,｛技嘉 H810M K GEN5｝M-ATX/LAN 1G/註四年/2DIMM/3+1+2相,2990,,
5,主機板 MB,Intel H810 / 1851腳位(DDR5),95,｛技嘉 H810M H｝M-ATX/LAN 1G/註四年/2DIMM/4+1+2相,3190,,任搭折100
5,主機板 MB,Intel H810 / 1851腳位(DDR5),96,｛技嘉 H810M H GEN5｝M-ATX/LAN 1G/註四年/2DIMM/4+1+2相,3190,,任搭折100
5,主機板 MB,Intel H810 / 1851腳位(DDR5),97,｛微星 PRO H810M-E｝M-ATX/2.5G/註四年/2DIMM/4+1+1+1相,2890,,任搭折90
5,主機板 MB,Intel H810 / 1851腳位(DDR5),98,｛微星 PRO H810M-B｝M-ATX/2.5G/註四年/2DIMM/6+1+1+1相,3290,,任搭折100
5,主機板 MB,Intel H810 / 1851腳位(DDR5),99,｛微星 PRO H810M-B WIFI6E｝M-ATX/2.5G+無線/註四年/2DIMM/6+1+1+1相,3590,,
5,主機板 MB,Intel H810 / 1851腳位(DDR5),100,｛微星 H810M GAMING WIFI6E｝M-ATX/2.5G+Wi-Fi 6E/註四年/2DIMM/6+1+1+1相,3890,,任搭折90
5,主機板 MB,Intel H810 / 1851腳位(DDR5),101,｛華擎 H810M-H｝M-ATX/LAN 1G/註四年/2DIMM/6+1+1+1+1相,2290,,
5,主機板 MB,Intel H810 / 1851腳位(DDR5),102,｛華擎 H810M-X WIFI｝M-ATX/2.5G+無線/註四年/2DIMM/6+1+1+1+1相 *尾盤,2690,,
5,主機板 MB,Intel B860 / 1851腳位(DDR5),105,｛華碩 B860M-E-CSM｝M-ATX/2.5G/註四年/2DIMM/6+1+1+1相 *活動到9/30,3390,,
5,主機板 MB,Intel B860 / 1851腳位(DDR5),106,｛華碩 B860M AYW GAMING WIFI｝M-ATX/2.5G+無線/註五年/2DIMM/6+1+1+1相/獨家,3990,,熱賣
5,主機板 MB,Intel B860 / 1851腳位(DDR5),107,｛華碩 PRIME B860M-K-CSM｝M-ATX/2.5G/註四年/2DIMM/6+1+1+1相,3990,,任搭折90
5,主機板 MB,Intel B860 / 1851腳位(DDR5),108,｛華碩 PRIME B860M-A-CSM｝M-ATX/2.5G/註四年/7+1+1+1相,4690,,
5,主機板 MB,Intel B860 / 1851腳位(DDR5),109,｛華碩 PRIME B860M-A WIFI-CSM｝M-ATX/2.5G+無線/註四年/7+1+1+1相 *活動到9/30,5090,,
5,主機板 MB,Intel B860 / 1851腳位(DDR5),110,｛華碩 B860M MAX GAMING AX｝M-ATX/2.5G+無線/註五年/6+1+1+1相 *活動到9/30,4990,,任搭折100
5,主機板 MB,Intel B860 / 1851腳位(DDR5),111,｛華碩 TUF GAMING B860M-PLUS WIFI｝M-ATX/2.5G+Wi-Fi7/註五年/12+1+2+1相,6490,,
5,主機板 MB,Intel B860 / 1851腳位(DDR5),112,｛華碩 TUF GAMING B860-PLUS WIFI｝/ATX/2.5G+Wi-Fi7/註五年/12+1+2+1相,6990,,任搭折100
5,主機板 MB,Intel B860 / 1851腳位(DDR5),113,｛華碩 ROG STRIX B860-G GAMING WIFI｝M-ATX/2.5G+Wi-Fi7/14+1+2+1相*9/30止,6990,,
5,主機板 MB,Intel B860 / 1851腳位(DDR5),114,｛華碩 ROG STRIX B860-A GAMING WIFI S｝吹雪/ATX/2.5G+Wi-Fi7/14+1+2+1相,7690,,
5,主機板 MB,Intel B860 / 1851腳位(DDR5),115,｛華碩 ROG STRIX B860-F GAMING WIFI｝/ATX/2.5G+Wi-Fi7/16+1+2+1相*活動到9/30,8490,,任搭折190
5,主機板 MB,Intel B860 / 1851腳位(DDR5),116,｛技嘉 B860M H｝M-ATX/2.5G/註四年/2DIMM/4+1+2相,3590,,
5,主機板 MB,Intel B860 / 1851腳位(DDR5),117,｛技嘉 B860M EAGLE V2｝M-ATX/2.5G/註四年/2DIMM/6+1+2相,3990,,任搭折500
5,主機板 MB,Intel B860 / 1851腳位(DDR5),118,｛技嘉 B860M GAMING WIFI6｝M-ATX/2.5G+無線/註五年/8+1+2相,4990,,任搭折500
5,主機板 MB,Intel B860 / 1851腳位(DDR5),119,｛技嘉 B860M GAMING X WIFI6E｝M-ATX/2.5G+無線/註五年/8+1+2相,5390,,任搭折500
5,主機板 MB,Intel B860 / 1851腳位(DDR5),120,｛技嘉 B860M AORUS ELITE WIFI6E｝M-ATX/2.5G+無線/註五年/12+1+2相*獨家,6490,,熱賣 任搭折500
5,主機板 MB,Intel B860 / 1851腳位(DDR5),121,｛技嘉 B860M AORUS ELITE WIFI6E ICE｝冰魄白 M-ATX/2.5G+無線/12+1+2相*獨家,6490,,熱賣 任搭折500
5,主機板 MB,Intel B860 / 1851腳位(DDR5),122,｛技嘉 B860 EAGLE WIFI6E｝/ATX/2.5G+無線/註四年/12+1+2相,6490,,任搭折500
5,主機板 MB,Intel B860 / 1851腳位(DDR5),123,｛技嘉 B860 GAMING X WIFI6E｝/ATX/2.5G+無線/註五年/12+1+2相,6790,,任搭折500
5,主機板 MB,Intel B860 / 1851腳位(DDR5),124,｛技嘉 B860 AORUS ELITE WIFI7 ICE｝/ATX/2.5G+Wi-Fi7/註五年/12+1+2相,7990,,任搭折500
5,主機板 MB,Intel B860 / 1851腳位(DDR5),125,｛微星 MPG B860I EDGE TI WIFI｝Mini-ITX/Intel 5G+Wi-Fi7/註五年/8+1+1+1相,6490,,任搭折190
5,主機板 MB,Intel B860 / 1851腳位(DDR5),126,｛微星 PRO B860M-E｝M-ATX/5G/註四年/2DIMM/6+1+1+1相,3390,,
5,主機板 MB,Intel B860 / 1851腳位(DDR5),127,｛微星 PRO B860M-X｝M-ATX/5G/註四年/2DIMM/8+2+1相.獨家,3690,,熱賣
5,主機板 MB,Intel B860 / 1851腳位(DDR5),128,｛微星 PRO B860M-B｝M-ATX/5G/註四年/2DIMM/6+1+1+1相 *尾盤,3690,,
5,主機板 MB,Intel B860 / 1851腳位(DDR5),129,｛微星 PRO B860M-B WIFI｝M-ATX/5G+Wi-Fi7/註四年/2DIMM/6+1+1+1相,4490,,任搭折90
5,主機板 MB,Intel B860 / 1851腳位(DDR5),130,｛微星 B860M GAMING WIFI｝M-ATX/2.5G+Wi-Fi7/註五年/8+1+1+1相,4690,,任搭折90
5,主機板 MB,Intel B860 / 1851腳位(DDR5),131,｛微星 B860M GAMING PLUS WIFI｝M-ATX/Intel 5G+Wi-Fi7/註五年/12+1+1+1相,6190,,任搭折190
5,主機板 MB,Intel B860 / 1851腳位(DDR5),132,｛微星 MAG B860M MORTAR WIFI｝M-ATX/Intel 5G+Wi-Fi7/註五年/12+1+1+1相,6690,,任搭折190
5,主機板 MB,Intel B860 / 1851腳位(DDR5),133,｛微星 PRO B860-P｝/ATX/5G/註四年/12+1+1+1相,5090,,任搭折190
5,主機板 MB,Intel B860 / 1851腳位(DDR5),134,｛微星 PRO B860-P WIFI｝/ATX/5G/註四年/12+1+1+1相,5590,,任搭折190
5,主機板 MB,Intel B860 / 1851腳位(DDR5),135,｛微星 B860 GAMING PLUS WIFI｝/ATX/Intel 5G+Wi-Fi7/註五年/12+1+1+1相,6590,,任搭折190
5,主機板 MB,Intel B860 / 1851腳位(DDR5),136,｛微星 MAG B860 TOMAHAWK WIFI｝/ATX/Intel 5G+Wi-Fi7/註五年/12+1+1+1相,6990,,熱賣 任搭折500
5,主機板 MB,Intel B860 / 1851腳位(DDR5),137,｛華擎 B860I WiFi｝Mini-ITX/2.5G+無線/註五年/8+1+1相,4990,,任搭折90
5,主機板 MB,Intel B860 / 1851腳位(DDR5),138,｛華擎 B860M-H2｝M-ATX/LAN 1G/註四年/2DIMM/5+1+1+1+1相,2990,,
5,主機板 MB,Intel B860 / 1851腳位(DDR5),139,｛華擎 B860M Rock WiFi｝M-ATX/2.5G+無線/註五年/2DIMM/5+1+1+1+1相,4190,,
5,主機板 MB,Intel B860 / 1851腳位(DDR5),140,｛華擎 B860M LiveMixer WiFi｝M-ATX/2.5G+無線/註五年/10+1+1+1相,4690,,
5,主機板 MB,Intel B860 / 1851腳位(DDR5),141,｛華擎 B860M-X WiFi｝M-ATX/2.5G+無線/註五年/2DIMM/7+1+1+1+1相,4990,,任搭折100
5,主機板 MB,Intel B860 / 1851腳位(DDR5),142,｛華擎 B860M Pro RS WiFi｝M-ATX/2.5G+無線/註五年/10+1+1+1+1相,5990,,任搭折100
5,主機板 MB,Intel B860 / 1851腳位(DDR5),143,｛華擎 B860M Steel Legend WiFi｝M-ATX/2.5G+無線/註五年/12+1+1+1相,5490,,任搭折90
5,主機板 MB,Intel B860 / 1851腳位(DDR5),144,｛華擎 B860 Rock WiFi 7｝/ATX/2.5G+Wi-Fi7/註五年/8+1+1+1+1相,4390,,
5,主機板 MB,Intel B860 / 1851腳位(DDR5),145,｛華擎 B860 Steel Legend WiFi｝/ATX/2.5G+無線/註五年/14+1+1+1相,8290,,任搭折190
5,主機板 MB,Intel Z890 / 1851腳位(DDR5),148,｛華碩 Z890 MAX GAMING WIFI7｝/ATX/2.5G+Wi-Fi7/12+1+2+1相 *活動到9/30,6990,,
5,主機板 MB,Intel Z890 / 1851腳位(DDR5),149,｛華碩 PRIME Z890-P WIFI-CSM｝/ATX/2.5G+Wi-Fi7/註四年/14+1+2相 *活動到9/30,7490,,
5,主機板 MB,Intel Z890 / 1851腳位(DDR5),150,｛華碩 Z890 AYW GAMING WIFI W｝/ATX/2.5G+無線/註五年/白色/12+1+2相.獨家,8990,,熱賣
5,主機板 MB,Intel Z890 / 1851腳位(DDR5),151,｛華碩 ROG STRIX Z890-A GAMING WIFI｝/ATX/2.5G+Wi-Fi7/銀白版/16+1+2相,12990,,任搭折100
5,主機板 MB,Intel Z890 / 1851腳位(DDR5),152,｛華碩 ROG STRIX Z890-F GAMING WIFI｝/ATX/2.5G+Wi-Fi7/16+1+2相,14990,,任搭折100
5,主機板 MB,Intel Z890 / 1851腳位(DDR5),153,｛華碩 ProArt Z890-CREATOR WIFI｝/ATX/Marvell10G+2.5G+Wi-Fi7/16+1+2相,15990,,任搭折100
5,主機板 MB,Intel Z890 / 1851腳位(DDR5),154,｛華碩 ROG MAXIMUS Z890 HERO｝/ATX/5G+2.5G+Wi-Fi7/22+1+2+2相,20990,,熱賣 任搭折100
5,主機板 MB,Intel Z890 / 1851腳位(DDR5),155,｛技嘉 Z890I AORUS ULTRA｝Mini-ITX/2.5G+Wi-Fi7+註五年/8+1+2相,11990,,任搭折1000
5,主機板 MB,Intel Z890 / 1851腳位(DDR5),156,｛技嘉 Z890M GAMING X｝M-ATX/2.5G/註五年/8+1+2相,6890,,任搭折1000
5,主機板 MB,Intel Z890 / 1851腳位(DDR5),157,｛技嘉 Z890M FORCE DUO X WIFI7｝M-ATX/5G+Wi-Fi7/註五年/12+1+2相,7990,,任搭折1000
5,主機板 MB,Intel Z890 / 1851腳位(DDR5),158,｛技嘉 Z890 UD WIFI6E｝/ATX/2.5G+無線/註四年/14+1+2相,6990,,任搭折100
5,主機板 MB,Intel Z890 / 1851腳位(DDR5),159,｛技嘉 Z890 EAGLE WIFI7｝/ATX/2.5G+Wi-Fi7/註四年/14+1+2相 *售完為止,7990,,任搭折1000
5,主機板 MB,Intel Z890 / 1851腳位(DDR5),160,｛技嘉 Z890 EAGLE WIFI7 PLUS｝/ATX/2.5G+Wi-Fi7/註四年/14+1+2相,8290,,任搭折190
5,主機板 MB,Intel Z890 / 1851腳位(DDR5),161,｛技嘉 Z890 GAMING X WIFI7｝/ATX/2.5G+Wi-Fi7/註五年/16+1+2相,9290,,任搭折1000
5,主機板 MB,Intel Z890 / 1851腳位(DDR5),162,｛技嘉 Z890 AORUS ELITE WIFI7｝/ATX/2.5G+Wi-Fi7/註五年/16+1+2相,9990,,
5,主機板 MB,Intel Z890 / 1851腳位(DDR5),163,｛技嘉 Z890 AORUS ELITE WIFI7 PLUS｝/ATX/5G+2.5G+Wi-Fi7/註五年/16+1+2相,9990,,任搭折1000
5,主機板 MB,Intel Z890 / 1851腳位(DDR5),164,｛技嘉 Z890 AORUS ELITE WIFI7 ICE｝冰魄白/ATX/2.5G+Wi-Fi7/16+1+2相-獨家,9490,,熱賣 任搭折1000
5,主機板 MB,Intel Z890 / 1851腳位(DDR5),165,｛技嘉 Z890 AORUS ELITE DUO X｝/ATX/5G+Wi-Fi7/註五年/2DIMM/16+1+2相.XMP Booster,11490,,任搭折1000
5,主機板 MB,Intel Z890 / 1851腳位(DDR5),166,｛技嘉 Z890 AORUS PRO ICE｝冰魄白/ATX/5G+Wi-Fi7/註五年/16+1+2相,12990,,任搭折1000
5,主機板 MB,Intel Z890 / 1851腳位(DDR5),167,｛技嘉 Z890 AERO G｝/ATX/2*2.5G+Wi-Fi7/註五年/16+1+2相,12990,,任搭折1000
5,主機板 MB,Intel Z890 / 1851腳位(DDR5),168,｛技嘉 Z890 AORUS MASTER｝/ATX/10G+Wi-Fi7/註五年/18+1+2相,17990,,任搭折1000
5,主機板 MB,Intel Z890 / 1851腳位(DDR5),169,｛技嘉 Z890 AORUS XTREME AI TOP(E-ATX/2*10G+Wi-Fi7/22+1+2相,33900,,任搭折1000
5,主機板 MB,Intel Z890 / 1851腳位(DDR5),170,｛微星 MPG Z890I EDGE TI WIFI｝Mini-ITX/Killer 5G+Wi-Fi7/註五年/10+1+1+1相,11590,,任搭折290
5,主機板 MB,Intel Z890 / 1851腳位(DDR5),171,｛微星 PRO Z890-S WIFI｝/ATX/2.5G+Wi-Fi7/註四年/12+1+1+1相,7490,,任搭折190
5,主機板 MB,Intel Z890 / 1851腳位(DDR5),172,｛微星 PRO Z890-S WIFI WHITE｝/ATX/2.5G+Wi-Fi7/雪白版/12+1+1+1相,7490,,熱賣 任搭折190
5,主機板 MB,Intel Z890 / 1851腳位(DDR5),173,｛微星 PRO Z890-S WIFI PZ｝背插/ATX/2.5G+Wi-Fi7/銀/12+1+1+1相,7990,,任搭折190
5,主機板 MB,Intel Z890 / 1851腳位(DDR5),174,｛微星 PRO Z890-P WIFI｝/ATX/5G+Wi-Fi7/註四年/14+1+1+1相,8490,,任搭折190
5,主機板 MB,Intel Z890 / 1851腳位(DDR5),175,｛微星 PRO Z890-A WIFI｝/ATX/5G+Wi-Fi7/註四年/16+1+1+1相,8990,,任搭折190
5,主機板 MB,Intel Z890 / 1851腳位(DDR5),176,｛微星 Z890 GAMING PLUS WIFI｝/ATX/Killer 5G+Wi-Fi7/註五年/14+1+1+1相,9990,,任搭折290
5,主機板 MB,Intel Z890 / 1851腳位(DDR5),177,｛微星 MAG Z890 TOMAHAWK WIFI｝/ATX/Killer 5G+Wi-Fi7/16+1+1+1相*獨家,10990,,任搭折290
5,主機板 MB,Intel Z890 / 1851腳位(DDR5),178,｛微星 MPG Z890 EDGE TI WIFI｝/ATX/Killer 5G+Wi-Fi7/註五年/16+1+1+1相,13490,,任搭折290
5,主機板 MB,Intel Z890 / 1851腳位(DDR5),179,｛微星 MPG Z890 CARBON WIFI｝/ATX/Killer5G+Intel2.5G+Wi-Fi7/註五年/20+1+1+1相,15990,,任搭折290
5,主機板 MB,Intel Z890 / 1851腳位(DDR5),180,｛微星 MEG Z890 UNIFY-X｝/ATX/Killer5G+Wi-Fi7/註五年/20+2+1+1相,18990,,任搭折290
5,主機板 MB,Intel Z890 / 1851腳位(DDR5),181,[加購] 9/15前 買微星 Z890 UNIFY-X+加購威剛 32GB DDR5-5600 CL46(售價$14999)只要~,11990,,熱賣
5,主機板 MB,Intel Z890 / 1851腳位(DDR5),182,｛微星 MEG Z890 ACE｝/ATX/10G+Wi-Fi7/註五年/24+2+1+1相,19990,,任搭折100
5,主機板 MB,Intel Z890 / 1851腳位(DDR5),183,[加購] 9/15前 買微星 Z890 ACE+加購威剛 32GB DDR5-5600 CL46(售價$14999)只要~,11990,,熱賣
5,主機板 MB,Intel Z890 / 1851腳位(DDR5),184,｛微星 MEG Z890 GODLIKE｝E-ATX/10G+Killer 5G+Wi-Fi7/註五年/26+2+1相,35990,,任搭折300
5,主機板 MB,Intel Z890 / 1851腳位(DDR5),185,｛華擎 Z890I Nova WiFi｝Mini-ITX/5G+Wi-Fi7/註五年/12+1+1+1+1相,11890,,任搭折100
5,主機板 MB,Intel Z890 / 1851腳位(DDR5),186,｛華擎 Z890M Riptide WiFi｝M-ATX/Killer 2.5G+無線/註五年/16+1+1相,7990,,任搭折100
5,主機板 MB,Intel Z890 / 1851腳位(DDR5),187,｛華擎 Z890 Pro-A WiFi｝/ATX/2.5G+無線/註五年/16+1+1相,5990,,任搭折100
5,主機板 MB,Intel Z890 / 1851腳位(DDR5),188,｛華擎 Z890 Nova WiFi｝/ATX/5G+Killer 2.5G+Wi-Fi7/註五年/20+1+2相,12990,,任搭折100
5,主機板 MB,Intel Z890 / 1851腳位(DDR5),189,｛華擎 Z890 Taichi Lite｝/ATX/5G+Dragon 2.5G+Wi-Fi7/註五年/20+1+2相,13990,,
5,主機板 MB,Intel Z890 / 1851腳位(DDR5),190,｛華擎 Z890 Taichi｝/ATX/5G+Dragon 2.5G+Wi-Fi7/註五年/20+1+2相,14990,,任搭折100
5,主機板 MB,Intel H110 & H310 / 1151腳位(DDR4),192,｛華碩 H110M-K｝M-ATX/1A1D/U3/LAN 1G/全固/註四年/D-SUB+DVI輸出,2990,,
5,主機板 MB,Intel H110 & H310 / 1151腳位(DDR4),193,｛華碩 PRIME H310M-K｝M-ATX/1A1D/LAN 1G/註四年D-SUB+DVI輸出,2990,,
5,主機板 MB,AMD A520 / AM4腳位(DDR4),195,｛華碩 PRIME A520M-K/CSM｝M-ATX/1A1H/LAN 1G/註四年/D-SUB+HDMI輸出/6相,2090,,熱賣 任搭折50
5,主機板 MB,AMD A520 / AM4腳位(DDR4),196,｛技嘉 A520M K V2｝M-ATX/1A1H/LAN 1G/註四年/2DIMM/D-SUB+HDMI輸出/6+1相,2090,,
5,主機板 MB,AMD A520 / AM4腳位(DDR4),197,｛技嘉 A520M H ARGB｝M-ATX/LAN 1G/註四年/2DIMM/HDMI+Display輸出/6+1相,2090,,
5,主機板 MB,AMD A520 / AM4腳位(DDR4),198,｛微星 A520M-A PRO｝M-ATX/1D1H/LAN 1G/註四年/2DIMM/DVI+HDMI輸出/6相,1990,,
5,主機板 MB,AMD A520 / AM4腳位(DDR4),199,｛華擎 A520M-ITX/ac｝Mini-ITX/1H1P/LAN 1G/ac+BT/註四年/HDMI+Display輸出/8相,3390,,
5,主機板 MB,AMD A520 / AM4腳位(DDR4),200,｛華擎 A520M-HVS｝M-ATX/1A1H/Realtek LAN/註四年/D-SUB+HDMI輸出/6相,1650,,
5,主機板 MB,AMD B550 / AM4腳位(DDR4),202,｛華碩 PRIME B550M-K ARGB-CSM｝M-ATX/LAN 1G/2DIMM/註四年/4+2相,2690,,
5,主機板 MB,AMD B550 / AM4腳位(DDR4),203,裝機價｛華碩 PRIME B550M-K ARGB-CSM｝M-ATX/LAN 1G/2DIMM/註四年/4+2相,2490,,熱賣 裝機價
5,主機板 MB,AMD B550 / AM4腳位(DDR4),204,｛華碩 PRIME B550M-K/CSM｝M-ATX/LAN 1G/註四年/4DIMM/4+2相,2790,,
5,主機板 MB,AMD B550 / AM4腳位(DDR4),205,｛華碩 PRIME B550M-K WIFI｝M-ATX/LAN 1G+Wi-Fi 6/註四年/2DIMM/4+2相,2890,,任搭折100
5,主機板 MB,AMD B550 / AM4腳位(DDR4),206,[合購優惠] 華碩 PRIME B550M-K WIFI + AMD R5 5600X MPK【6核/12緒】,7380,,
5,主機板 MB,AMD B550 / AM4腳位(DDR4),207,｛華碩 TUF GAMING B550M-PLUS｝M-ATX/1H1P/2.5G/註五年/8+2相,3390,,任搭折100
5,主機板 MB,AMD B550 / AM4腳位(DDR4),208,｛華碩 TUF GAMING B550M-PLUS WIFI II｝M-ATX/R 2.5G+Wi-Fi 6/註五年/8+2相,3790,,任搭折100
5,主機板 MB,AMD B550 / AM4腳位(DDR4),209,｛技嘉 B550M H ARGB｝M-ATX/LAN 1G/註四年/2DIMM/4+2相,2490,,任搭折100
5,主機板 MB,AMD B550 / AM4腳位(DDR4),210,｛技嘉 B550M K｝M-ATX/1H1P/LAN 1G/註四年/4DIMM/4+2相,2690,,熱賣
5,主機板 MB,AMD B550 / AM4腳位(DDR4),211,｛技嘉 B550M AORUS ELITE｝M-ATX/1D1H/LAN 1G/註五年/5+3相,2990,,
5,主機板 MB,AMD B550 / AM4腳位(DDR4),212,｛技嘉 B550M GAMING X WIFI6｝M-ATX/LAN 1G+無線/註五年/5+3相,3690,,任搭折190
5,主機板 MB,AMD B550 / AM4腳位(DDR4),213,｛微星 B550M-A PRO｝M-ATX/1D1H/LAN 1G/註四年/2DIMM/4+2相*尾盤,2390,,
5,主機板 MB,AMD B550 / AM4腳位(DDR4),214,｛微星 PRO B550M-B｝M-ATX/LAN 1G/註四年/2DIMM/4+2相,2690,,任搭折190
5,主機板 MB,AMD B550 / AM4腳位(DDR4),215,｛微星 PRO B550M-P｝M-ATX/LAN 1G/註四年/4DIMM/4+2+1相,2790,,
5,主機板 MB,AMD B550 / AM4腳位(DDR4),216,｛微星 PRO B550M-P WIFI6E｝M-ATX/LAN 1G+無線/註四年/4DIMM/4+2+1相,3090,,
5,主機板 MB,AMD B550 / AM4腳位(DDR4),217,｛微星 B550M PRO-VDH WIFI｝M-ATX/Realtek LAN+ac/註四年/4+2+1相,3390,,
5,主機板 MB,AMD B550 / AM4腳位(DDR4),218,｛微星 B550M GAMING PLUS WIFI6E｝M-ATX/LAN 1G+無線/註五年/4+2+1相,3990,,
5,主機板 MB,AMD B550 / AM4腳位(DDR4),219,｛華擎 B550M-ITX/ac｝ITX/1H1P/LAN 1G/ac+BT/註四年/8相,3990,,任搭折100
5,主機板 MB,AMD A620 / AM5腳位(DDR5),221,｛華擎 A620AI WiFi｝Mini-ITX/2.5G+無線/2DIMM/HDMI輸出/8+2+1相,4790,,
5,主機板 MB,AMD A620 / AM5腳位(DDR5),222,｛華擎 A620AM-HVS｝M-ATX/LAN 1G/註四年/2DIMM/D-SUB+HDMI輸出/4+1+1相,2590,,
5,主機板 MB,AMD B650E & B650 / AM5腳位(DDR5),224,｛華碩 PRIME B650M-F-CSM｝M-ATX/LAN 1G/註四年/2DIMM/9相,3090,,任搭折100
5,主機板 MB,AMD B650E & B650 / AM5腳位(DDR5),225,裝機價｛華碩 PRIME B650M-F-CSM｝M-ATX/LAN 1G/註四年/2DIMM/9相,2790,,裝機價 任搭折100
5,主機板 MB,AMD B650E & B650 / AM5腳位(DDR5),226,｛華碩 PRIME B650M-R-CSM｝M-ATX/Realtek 2.5G/註四年/2DIMM/8+1相,3090,,
5,主機板 MB,AMD B650E & B650 / AM5腳位(DDR5),227,｛華碩 TUF GAMING B650M-E WIFI｝M-ATX/2.5G+無線/註五年/8+2+1相*活動到9/30,4290,,
5,主機板 MB,AMD B650E & B650 / AM5腳位(DDR5),228,｛華碩 TUF GAMING B650M-PLUS｝M-ATX/2.5G/註五年/12+2+2相 獨家*活動到9/30,4390,,熱賣
5,主機板 MB,AMD B650E & B650 / AM5腳位(DDR5),229,｛華碩 TUF GAMING B650M-PLUS WIFI｝M-ATX/2.5G+無線/註五年/12+2+2相,4690,,
5,主機板 MB,AMD B650E & B650 / AM5腳位(DDR5),230,｛華碩 TUF GAMING B650-E WIFI｝/ATX/2.5G+無線/註五年/8+2+2相*活動到9/30,4690,,
5,主機板 MB,AMD B650E & B650 / AM5腳位(DDR5),231,｛華碩 TUF GAMING B650-PLUS WIFI｝/ATX/2.5G+無線/12+2相*活動到9/30,4990,,任搭折100
5,主機板 MB,AMD B650E & B650 / AM5腳位(DDR5),232,｛華碩 ROG STRIX B650-A GAMING WIFI｝/ATX/Intel2.5G+無線/12+2+1相,5490,,
5,主機板 MB,AMD B650E & B650 / AM5腳位(DDR5),233,｛技嘉 B650M H｝M-ATX/LAN 1G/註四年/2DIMM/5+2+2相,2990,,
5,主機板 MB,AMD B650E & B650 / AM5腳位(DDR5),234,｛技嘉 B650EM FORCE WIFI6E｝M-ATX/2.5G+無線/註五年/8+2+2相,4490,,熱賣 任搭折90
5,主機板 MB,AMD B650E & B650 / AM5腳位(DDR5),235,｛技嘉 B650E EAGLE WIFI6E｝/ATX/2.5G+無線/註四年/8+2+2相,4990,,任搭折100
5,主機板 MB,AMD B650E & B650 / AM5腳位(DDR5),236,｛微星 MPG B650I EDGE WIFI｝Mini-ITX/2.5G+無線/註五年/8+2+1相,4990,,
5,主機板 MB,AMD B650E & B650 / AM5腳位(DDR5),237,｛微星 PRO B650M-B｝M-ATX/2.5G/註四年/2DIMM/6+2+1相,2690,,
5,主機板 MB,AMD B650E & B650 / AM5腳位(DDR5),238,｛微星 B650M BOMBER WIFI｝M-ATX/R2.5G+無線/註五年/2DIMM/6+2+1相,3690,,
5,主機板 MB,AMD B650E & B650 / AM5腳位(DDR5),239,｛微星 B650M GAMING WIFI｝M-ATX/R2.5G+無線/註五年/2DIMM/6+2+1相,3790,,
5,主機板 MB,AMD B650E & B650 / AM5腳位(DDR5),240,｛微星 B650M GAMING PLUS WIFI｝M-ATX/2.5G+無線/註五年/10+2+1相,4390,,
5,主機板 MB,AMD B650E & B650 / AM5腳位(DDR5),241,｛微星 PRO B650-S WIFI｝/ATX/LAN2.5G+AMD 無線/註五年)12+2+1相,4290,,
5,主機板 MB,AMD B650E & B650 / AM5腳位(DDR5),242,｛華擎 B650M-H/M.2+｝M-ATX/LAN 1G+無線/註四年/2DIMM/6+1+1相,2790,,
5,主機板 MB,AMD B650E & B650 / AM5腳位(DDR5),243,｛華擎 B650M PG Lightning WiFi｝M-ATX/2.5G+無線/註四年/6+2+1相,3690,,
5,主機板 MB,AMD B650E & B650 / AM5腳位(DDR5),244,｛華擎 B650M Pro X3D WIFI｝M-ATX/2.5G+無線/註五年/8+2+1相,4290,,
5,主機板 MB,AMD B840 / AM5腳位(DDR5),246,｛技嘉 B840M H｝M-ATX/LAN 1G/註四年/2DIMM/5+2+2相,3190,,
5,主機板 MB,AMD B840 / AM5腳位(DDR5),247,｛微星 PRO B840-P WIFI｝/ATX/2.5G+Wi-Fi7/註四年/7+2+1相,4590,,
5,主機板 MB,AMD B840 / AM5腳位(DDR5),248,｛微星 B840 GAMING PLUS WIFI｝/ATX/2.5G+Wi-Fi7/註五年/7+2+1相,4990,,
5,主機板 MB,AMD B840 / AM5腳位(DDR5),249,｛華擎 B840M-HVS｝M-ATX/LAN 1G/註四年保/2DIMM/4+1+1相,2690,,
5,主機板 MB,AMD B850 / AM5腳位(DDR5),251,｛華碩 ROG STRIX B850-I GAMING WIFI7 W｝ITX/2.5G+Wi-Fi7/註五年/白/10+2+1相,9990,,任搭折190
5,主機板 MB,AMD B850 / AM5腳位(DDR5),252,｛華碩 PRIME B850M-K-CSM｝M-ATX/2.5G/註四年保/2DIMM/8+2+1相,3890,,任搭折100
5,主機板 MB,AMD B850 / AM5腳位(DDR5),253,｛華碩 B850M AYW GAMING WIFI｝M-ATX/2.5G+無線/註五年/8+2+1相 *活動到9/30,4490,,
5,主機板 MB,AMD B850 / AM5腳位(DDR5),254,｛華碩 TUF GAMING B850M-PLUS II｝M-ATX/2.5G/註五年/14+2+1相 *活動到9/30,5490,,
5,主機板 MB,AMD B850 / AM5腳位(DDR5),255,｛華碩 TUF GAMING B850M-PLUS WIFI7｝M-ATX/2.5G+Wi-Fi7/註五年/14+2+1相,6990,,
5,主機板 MB,AMD B850 / AM5腳位(DDR5),256,｛華碩 TUF GAMING B850M-PLUS WIFI7 W｝M-ATX/2.5G+Wi-Fi7/14+2+1相/白,7090,,任搭折100
5,主機板 MB,AMD B850 / AM5腳位(DDR5),257,｛華碩 B850 MAX GAMING WIFI W｝/ATX/2.5G+無線/註五年/銀白.獨家/8+2+1相,5490,,
5,主機板 MB,AMD B850 / AM5腳位(DDR5),258,｛華碩 TUF GAMING B850-PLUS WIFI｝/ATX/2.5G+Wi-Fi7/註五年/14+2+1相,7490,,任搭折190
5,主機板 MB,AMD B850 / AM5腳位(DDR5),259,｛華碩 TUF GAMING B850-BTF WIFI W｝背插/ATX/2.5G+Wi-Fi7/註五年/14+2+1相/白,8290,,熱賣
5,主機板 MB,AMD B850 / AM5腳位(DDR5),260,｛華碩 TUF GAMING B850-PRO WIFI7 W NEO｝/ATX/2.5G+Wi-Fi7/白/14+2+1相,7990,,
5,主機板 MB,AMD B850 / AM5腳位(DDR5),261,｛華碩 ProArt B850-CREATOR WIFI NEO｝/ATX/雙5G+Wi-Fi7/註五年/14+2+1相,9490,,
5,主機板 MB,AMD B850 / AM5腳位(DDR5),262,｛華碩 ROG STRIX B850-G GAMING WIFI｝白 M-ATX/2.5G+Wi-Fi7/14+2+1相,6990,,
5,主機板 MB,AMD B850 / AM5腳位(DDR5),263,｛華碩 ROG STRIX B850-A GAMING WIFI7 S NEO｝吹雪/ATX/5G+Wi-Fi7/14+2+2相,8490,,
5,主機板 MB,AMD B850 / AM5腳位(DDR5),264,任搭U｛華碩 ROG STRIX B850-A GAMING WIFI7 S NEO｝吹雪/ATX/14+2+2相,7990,,搭板專案
5,主機板 MB,AMD B850 / AM5腳位(DDR5),265,｛華碩 ROG STRIX B850-F GAMING WIFI7 NEO｝/ATX/5G+Wi-Fi7/註五年/16+2+2相,9990,,任搭折190
5,主機板 MB,AMD B850 / AM5腳位(DDR5),266,【開學慶】9/30前 買技嘉 B850系列主板 加購 UD750GM PG5 V2金牌電源(原價3390),2390,,
5,主機板 MB,AMD B850 / AM5腳位(DDR5),267,｛技嘉 B850M DS3H ICE｝M-ATX/2.5G/4DIMM/雪白/註四年/8+2+2相,3690,,任搭折190
5,主機板 MB,AMD B850 / AM5腳位(DDR5),268,｛技嘉 B850M FORCE WIFI6E V2｝M-ATX/2.5G+無線/註五年/8+2+2相,4990,,熱賣 任搭折90
5,主機板 MB,AMD B850 / AM5腳位(DDR5),269,｛技嘉 B850 EAGLE WIFI6E｝/ATX/1G+無線/註四年/8+2+2相,6490,,任搭折190
5,主機板 MB,AMD B850 / AM5腳位(DDR5),270,｛技嘉 B850M GAMING X WIFI6E｝M-ATX/2.5G+無線/註五年/10+2+2相,6490,,任搭折190
5,主機板 MB,AMD B850 / AM5腳位(DDR5),271,｛技嘉 B850 GAMING X WIFI6E｝/ATX/2.5G+無線/註五年/12+2+2相,7490,,任搭折190
5,主機板 MB,AMD B850 / AM5腳位(DDR5),272,｛技嘉 B850M AORUS STEALTH ICE｝背插/M-ATX/5G+Wi-Fi7/註五年/8+2+2相/白,5990,,
5,主機板 MB,AMD B850 / AM5腳位(DDR5),273,｛技嘉 B850M AORUS ELITE WIFI6E ICE｝白 M-ATX/2.5G+無線/12+2+2相,6790,,任搭折190
5,主機板 MB,AMD B850 / AM5腳位(DDR5),274,｛技嘉 B850M AORUS ELITE WIFI7 ICE-P｝雕妹 M-ATX/2.5G+Wi-Fi7/12+2+2相*獨家,6490,,熱賣 任搭折190
5,主機板 MB,AMD B850 / AM5腳位(DDR5),275,｛技嘉 B850 AORUS ELITE WIFI7｝/ATX/2.5G+Wi-Fi7/註五年/14+2+2相,7990,,任搭折190
5,主機板 MB,AMD B850 / AM5腳位(DDR5),276,｛技嘉 B850 AORUS ELITE WIFI7 ICE｝冰魄白 ATX/2.5G+Wi-Fi7/註五年/14+2+2相,7990,,任搭折190
5,主機板 MB,AMD B850 / AM5腳位(DDR5),277,｛技嘉 B850 AORUS STEALTH｝背插/ATX/5G+Wi-Fi7/註五年/14+2+2相,7990,,任搭折190
5,主機板 MB,AMD B850 / AM5腳位(DDR5),278,｛技嘉 B850 AORUS STEALTH ICE｝背插/ATX/5G+Wi-Fi7/白/註五年/白/14+2+2相,8290,,熱賣 任搭折190
5,主機板 MB,AMD B850 / AM5腳位(DDR5),279,｛技嘉 B850 AORUS ELITE-P ICE｝雕妹 ATX/5G+Wi-Fi7/16+2+2相,8490,,任搭折190
5,主機板 MB,AMD B850 / AM5腳位(DDR5),280,｛微星 MPG B850I EDGE TI WIFI｝Mini-ITX/5G+Wi-Fi7/註五年/8+2+1相,8990,,任搭折100
5,主機板 MB,AMD B850 / AM5腳位(DDR5),281,｛微星 PRO B850M-G｝M-ATX/5G/註四年/2DIMM/7+2+1相,3790,,
5,主機板 MB,AMD B850 / AM5腳位(DDR5),282,｛微星 PRO B850M-P WIFI｝M-ATX/5G+Wi-Fi7/註四年/7+2+1相,4690,,任搭折100
5,主機板 MB,AMD B850 / AM5腳位(DDR5),283,｛微星 PRO B850M-A WIFI｝M-ATX/5G+Wi-Fi7/註四年/8+2+1相,5390,,任搭折100
5,主機板 MB,AMD B850 / AM5腳位(DDR5),284,｛微星 PRO B850M-A WIFI PZ｝背插/M-ATX/5G+Wi-Fi7/註四年/8+2+1相,5390,,任搭折100
5,主機板 MB,AMD B850 / AM5腳位(DDR5),285,｛微星 B850M GAMING WIFI6E｝M-ATX/2.5G+無線/註五年/7+2+1相,4590,,任搭折100
5,主機板 MB,AMD B850 / AM5腳位(DDR5),286,｛微星 B850M GAMING PLUS WIFI6E｝M-ATX/2.5G+無線/註五年/10+2+1相,5390,,任搭折100
5,主機板 MB,AMD B850 / AM5腳位(DDR5),287,｛微星 B850M GAMING PLUS WIFI｝M-ATX/5G+Wi-Fi7/註五年/8+2+1相,5590,,任搭折100
5,主機板 MB,AMD B850 / AM5腳位(DDR5),288,｛微星 MAG B850M MORTAR｝M-ATX/5G/註五年/12+2+1相 *送 AX210NGW WI-FI6E 網卡,6490,,熱賣
5,主機板 MB,AMD B850 / AM5腳位(DDR5),289,｛微星 MAG B850M MORTAR WIFI｝M-ATX/5G+Wi-Fi7/註五年/12+2+1相,6790,,
5,主機板 MB,AMD B850 / AM5腳位(DDR5),290,｛微星 B850MPOWER｝M-ATX/5G+Wi-Fi7/註五年/2DIMM/12+2+1相-超頻玩家設計,7690,,任搭折100
5,主機板 MB,AMD B850 / AM5腳位(DDR5),291,｛微星 PRO B850-P WIFI｝/ATX/5G+Wi-Fi7/註四年/12+2+1相,5990,,任搭折90
5,主機板 MB,AMD B850 / AM5腳位(DDR5),292,｛微星 B850 GAMING PLUS WIFI｝/ATX/5G+Wi-Fi7/註五年/12+2+1相,5990,,任搭折90
5,主機板 MB,AMD B850 / AM5腳位(DDR5),293,｛微星 B850 GAMING PLUS WIFI PZ｝背插/ATX/5G+Wi-Fi7/註五年/12+2+1相/白,6490,,任搭折90
5,主機板 MB,AMD B850 / AM5腳位(DDR5),294,｛微星 MAG B850 GAMING PLUS MAX WIFI｝/ATX/5G+Wi-Fi7/註五年/12+2+1相,6490,,
5,主機板 MB,AMD B850 / AM5腳位(DDR5),295,｛微星 MPG B850 EDGE TI WIFI｝/ATX/5G+Wi-Fi7/雪白版/14+2+1相,8690,,任搭折190
5,主機板 MB,AMD B850 / AM5腳位(DDR5),297,｛華擎 B850I LIGHTNING WIFI｝Mini-ITX/Killer2.5G+無線/註五年/10+1+1相,6990,,任搭折190
5,主機板 MB,AMD B850 / AM5腳位(DDR5),298,｛華擎 B850M-X｝M-ATX/2.5G/註五年/2DIMM/6+1+1相,3590,,任搭折100
5,主機板 MB,AMD B850 / AM5腳位(DDR5),299,｛華擎 B850M-X WIFI｝M-ATX/2.5G+無線/註五年/2DIMM/6+1+1相,3790,,任搭折100
5,主機板 MB,AMD B850 / AM5腳位(DDR5),300,｛華擎 B850M Pro-A｝M-ATX/2.5G/註四年/8+2+1相,3990,,任搭折100
5,主機板 MB,AMD B850 / AM5腳位(DDR5),301,｛華擎 B850M Pro-A WiFi｝M-ATX/2.5G+無線/註四年/8+2+1相,4190,,任搭折100
5,主機板 MB,AMD B850 / AM5腳位(DDR5),302,｛華擎 B850M Pro RS｝M-ATX/2.5G/註五年/8+2+1相,4590,,任搭折100
5,主機板 MB,AMD B850 / AM5腳位(DDR5),303,｛華擎 B850M Pro RS WiFi｝M-ATX/2.5G+無線/註五年/8+2+1相,4590,,任搭折100
5,主機板 MB,AMD B850 / AM5腳位(DDR5),304,｛華擎 B850M Pro RS WiFi White｝M-ATX/2.5G+無線/註五年/8+2+1相/白,4990,,任搭折100
5,主機板 MB,AMD B850 / AM5腳位(DDR5),305,｛華擎 B850M Challenger WiFi｝M-ATX/2.5G+Wi-Fi7/註五年/8+1+1相,4990,,任搭折100
5,主機板 MB,AMD B850 / AM5腳位(DDR5),306,｛華擎 B850M Challenger WiFi White｝M-ATX/2.5G+Wi-Fi7/註五年/8+1+1相/白,4990,,任搭折100
5,主機板 MB,AMD B850 / AM5腳位(DDR5),307,｛華擎 B850M Riptide WiFi｝M-ATX/2.5G+Wi-Fi7/註五年/12+2+1相,5690,,
5,主機板 MB,AMD B850 / AM5腳位(DDR5),308,｛華擎 B850 Rock WiFi 7｝/ATX/2.5G+Wi-Fi7/註五年/9+2+1相,4990,,
5,主機板 MB,AMD B850 / AM5腳位(DDR5),309,｛華擎 B850 Challenger WiFi｝/ATX/2.5G+Wi-Fi7/註五年/12+2+1相,5790,,任搭折100
5,主機板 MB,AMD B850 / AM5腳位(DDR5),310,｛華擎 B850 Challenger WiFi White｝/ATX/2.5G+Wi-Fi7/註五年/12+2+1相/白,5790,,任搭折100
5,主機板 MB,AMD B850 / AM5腳位(DDR5),311,｛華擎 B850 Pro-A｝/ATX/2.5G/註五年/14+2+1相,5990,,任搭折100
5,主機板 MB,AMD B850 / AM5腳位(DDR5),312,｛華擎 B850 Pro RS｝/ATX/2.5G/註五年/14+2+1相,6490,,
5,主機板 MB,AMD X870E & X870 / AM5腳位(DDR5),314,｛華碩 ROG STRIX X870-I GAMING WIFI｝Mini-ITX/2.5G+Wi-Fi7/註五年/10+2+1相,13990,,任搭折190
5,主機板 MB,AMD X870E & X870 / AM5腳位(DDR5),315,｛華碩 PRIME X870-P WIFI-CSM｝/ATX/2.5G+Wi-Fi7/註四年/14+2+1相,7590,,任搭折190
5,主機板 MB,AMD X870E & X870 / AM5腳位(DDR5),316,｛華碩 X870 AYW GAMING WIFI W｝/ATX/2.5G+無線/註五年/12+2+1相/白 *9/30止,7490,,任搭折190
5,主機板 MB,AMD X870E & X870 / AM5腳位(DDR5),317,｛華碩 X870 MAX GAMING WIFI7 W｝/ATX/2.5G+Wi-Fi7/註五年/12+2+1相/白,7990,,任搭折190
5,主機板 MB,AMD X870E & X870 / AM5腳位(DDR5),318,｛華碩 TUF GAMING X870-PLUS WIFI｝/ATX/2.5G+Wi-Fi7/註五年/16+2+1相,9990,,任搭折190
5,主機板 MB,AMD X870E & X870 / AM5腳位(DDR5),319,｛華碩 TUF GAMING X870-PRO WIFI7 W NEO｝/ATX/5G+Wi-Fi7/16+2+1相/白,10490,,任搭折190
5,主機板 MB,AMD X870E & X870 / AM5腳位(DDR5),320,｛華碩 ProArt X870E-CREATOR WIFI｝/ATX/10G+2.5G+Wi-Fi7/16+2+2相,17990,,任搭折190
5,主機板 MB,AMD X870E & X870 / AM5腳位(DDR5),321,｛華碩 ROG STRIX X870E-A GAMING WIFI7 NEO｝/ATX/5G+Wi-Fi7/註五年/白/16+2+2相,14990,,任搭折190
5,主機板 MB,AMD X870E & X870 / AM5腳位(DDR5),322,｛華碩 ROG STRIX X870E-E GAMING WIFI｝/ATX/5G+Wi-Fi7/註五年/18+2+2相,16990,,任搭折190
5,主機板 MB,AMD X870E & X870 / AM5腳位(DDR5),323,｛華碩 ROG STRIX X870E-E GAMING WIFI7 NEO｝/ATX/5G+Wi-Fi7/註五年/18+2+2相,18990,,任搭折190
5,主機板 MB,AMD X870E & X870 / AM5腳位(DDR5),324,｛華碩 ROG CROSSHAIR X870E HERO｝/ATX/5G+2.5G+Wi-Fi7/18+2+2相,20990,,任搭折290
5,主機板 MB,AMD X870E & X870 / AM5腳位(DDR5),325,｛華碩 ROG CROSSHAIR X870E HERO BTF｝背插/ATX/5G+2.5G+Wi-Fi7/18+2+2相,20990,,任搭折290
5,主機板 MB,AMD X870E & X870 / AM5腳位(DDR5),326,｛華碩 ROG CROSSHAIR X870E DARK HERO｝/ATX/10G+5G+Wi-Fi7/20+2+2相,23000,,任搭折290
5,主機板 MB,AMD X870E & X870 / AM5腳位(DDR5),327,｛華碩 ROG CROSSHAIR X870E APEX｝/ATX/5G+Wi-Fi7/註五年/2DIMM/18+2+2相,23990,,任搭折290
5,主機板 MB,AMD X870E & X870 / AM5腳位(DDR5),329,｛華碩 ROG CROSSHAIR X870E EXTREME｝E-ATX/5G+10G+Wi-Fi7/20+2+2相,36990,,任搭折390
5,主機板 MB,AMD X870E & X870 / AM5腳位(DDR5),330,【開學慶】9/30前 買技嘉 X870系列主板 加購 UD850GM PG5 V2金牌電源(原價3890),2390,,
5,主機板 MB,AMD X870E & X870 / AM5腳位(DDR5),331,｛技嘉 X870 EAGLE WIFI7｝/ATX/2.5G+Wi-Fi7/註四年/14+2+2相,7490,,
5,主機板 MB,AMD X870E & X870 / AM5腳位(DDR5),332,｛技嘉 X870 GAMING X WIFI7｝/ATX/2.5G+Wi-Fi7/註五年/16+2+2相,9490,,任搭折190
5,主機板 MB,AMD X870E & X870 / AM5腳位(DDR5),333,｛技嘉 X870I AORUS PRO ICE｝Mini-ITX/2.5G+Wi-Fi7/8+2+1相,9990,,
5,主機板 MB,AMD X870E & X870 / AM5腳位(DDR5),334,｛技嘉 X870 AORUS ELITE WIFI7｝/ATX/2.5G+Wi-Fi7/16+2+2相,10890,,任搭折190
5,主機板 MB,AMD X870E & X870 / AM5腳位(DDR5),335,｛技嘉 X870 AORUS ELITE WIFI7 ICE｝/ATX/2.5G+Wi-Fi 7/獨家-冰魄白/16+2+2相,10890,,熱賣 任搭折190
5,主機板 MB,AMD X870E & X870 / AM5腳位(DDR5),336,｛技嘉 X870 AORUS STEALTH｝背插/ATX/5G+Wi-Fi7/註五年/16+2+2相,11490,,任搭折190
5,主機板 MB,AMD X870E & X870 / AM5腳位(DDR5),337,｛技嘉 X870 AORUS STEALTH ICE｝背插/ATX/5G+Wi-Fi7/註五年/16+2+2相,11490,,任搭折190
5,主機板 MB,AMD X870E & X870 / AM5腳位(DDR5),338,"【開學慶】9/1~9/30 買技嘉 X870""E"" 系列主板 送 EAGLE 360水冷(黑or白)(市價2490)",1,,
5,主機板 MB,AMD X870E & X870 / AM5腳位(DDR5),339,｛技嘉 X870E AORUS PRO｝/ATX/2.5G+Wi-Fi7/註五年/16+2+2相,11990,,任搭折190
5,主機板 MB,AMD X870E & X870 / AM5腳位(DDR5),340,｛技嘉 X870E AORUS PRO ICE｝冰魄白/ATX/2.5G+Wi-Fi7/註五年/16+2+2相 *尾盤,12990,,任搭折190
5,主機板 MB,AMD X870E & X870 / AM5腳位(DDR5),341,｛技嘉 X870E AERO X3D WOOD｝木質美學/ATX/雙5G+Wi-Fi7/註五年/16+2+2相/白,13990,,任搭折190
5,主機板 MB,AMD X870E & X870 / AM5腳位(DDR5),342,｛技嘉 X870E AERO X3D DARK WOOD｝木質美學/ATX/雙5G+Wi-Fi7/註五年/16+2+2相,13990,,任搭折190
5,主機板 MB,AMD X870E & X870 / AM5腳位(DDR5),343,｛技嘉 X870E AORUS PRO X3D ICE｝冰魄白/ATX/5G+Wi-Fi7/註五年/18+2+2相,13990,,任搭折190
5,主機板 MB,AMD X870E & X870 / AM5腳位(DDR5),344,｛技嘉 X870E AORUS MASTER｝/ATX/5G+Wi-Fi7/註五年/16+2+2相,19490,,熱賣
5,主機板 MB,AMD X870E & X870 / AM5腳位(DDR5),345,｛技嘉 X870E AORUS MASTER X3D ICE｝/ATX/5G+10G+Wi-Fi7/18+2+2相(X3D優化),20990,,任搭折190
5,主機板 MB,AMD X870E & X870 / AM5腳位(DDR5),346,｛技嘉 X870E AORUS XTREME X3D AI TOP｝E-ATX/雙10G+Wi-Fi7/24+2+2相,34990,,任搭折190
5,主機板 MB,AMD X870E & X870 / AM5腳位(DDR5),347,｛技嘉 X870 AORUS TACHYON ICE｝E-ATX/5G+Wi-Fi7/註五年/18+2+2相,19990,,任搭折190
5,主機板 MB,AMD X870E & X870 / AM5腳位(DDR5),348,｛技嘉 X870 AORUS INFINITY｝E-ATX/5G+Wi-Fi7/註五年/18+2+2相,24990,,任搭折190
5,主機板 MB,AMD X870E & X870 / AM5腳位(DDR5),349,｛微星 MPG X870I EDGE TI EVO WIFI｝Mini-ITX/5G+Wi-Fi7/註五年/8+2+1相,12990,,任搭折190
5,主機板 MB,AMD X870E & X870 / AM5腳位(DDR5),350,｛微星 PRO X870-P WIFI｝/ATX/5G+Wi-Fi7/註四年/14+2+1相 *尾盤,7590,,
5,主機板 MB,AMD X870E & X870 / AM5腳位(DDR5),351,｛微星 PRO X870E-S EVO WIFI｝/ATX/5G+Wi-Fi7/註四年/12+2+1相,8190,,任搭折190
5,主機板 MB,AMD X870E & X870 / AM5腳位(DDR5),352,｛微星 PRO X870E-P WIFI｝/ATX/5G+Wi-Fi7/註四年/14+2+1相,8690,,任搭折190
5,主機板 MB,AMD X870E & X870 / AM5腳位(DDR5),353,｛微星 X870 GAMING PLUS WIFI｝/ATX/5G+Wi-Fi7/註五年/14+2+1相,8690,,
5,主機板 MB,AMD X870E & X870 / AM5腳位(DDR5),354,｛微星 MAG X870E GAMING MAX WIFI｝/ATX/5G+Wi-Fi7/註五年/12+2+1相,9290,,任搭折290
5,主機板 MB,AMD X870E & X870 / AM5腳位(DDR5),355,｛微星 X870E GAMING PLUS WIFI｝/ATX/5G+Wi-Fi7/註五年/14+2+1相,9290,,任搭折290
5,主機板 MB,AMD X870E & X870 / AM5腳位(DDR5),356,｛微星 MAG X870E TOMAHAWK WIFI｝/ATX/5G+Wi-Fi7/14+2+1相,11990,,任搭折290
5,主機板 MB,AMD X870E & X870 / AM5腳位(DDR5),357,｛微星 MAG X870E TOMAHAWK MAX WIFI PZ｝背插/ATX/5G+Wi-Fi7/14+2+1相,12490,,任搭折290
5,主機板 MB,AMD X870E & X870 / AM5腳位(DDR5),358,｛微星 MPG X870E EDGE TI WIFI｝/ATX/5G+Wi-Fi7/註五年/14+2+1相銀白,12490,,任搭折290
5,主機板 MB,AMD X870E & X870 / AM5腳位(DDR5),359,｛微星 MPG X870E CARBON WIFI｝/ATX/5G+2.5G+Wi-Fi7/18+2+1相,15490,,任搭折390
5,主機板 MB,AMD X870E & X870 / AM5腳位(DDR5),360,｛微星 MPG X870E CARBON MAX WIFI｝/ATX/5G+2.5G+Wi-Fi7/18+2+1相,16490,,任搭折390
5,主機板 MB,AMD X870E & X870 / AM5腳位(DDR5),361,｛微星 MEG X870E UNIFY-X MAX｝/ATX/5G+Wi-Fi7/註五年/18+2+1相,19990,,任搭折390
5,主機板 MB,AMD X870E & X870 / AM5腳位(DDR5),362,｛微星 MEG X870E ACE MAX｝/ATX/10G+5G+Wi-Fi7/註五年/18+2+1相,20990,,任搭折390
5,主機板 MB,AMD X870E & X870 / AM5腳位(DDR5),363,｛微星 MEG X870E GODLIKE MAX｝E-ATX/10G+5G+Wi-Fi7/註五年/24+2+1相,36990,,任搭折490
5,主機板 MB,AMD X870E & X870 / AM5腳位(DDR5),364,｛華擎 X870 Pro RS｝/ATX/Dragon 2.5G/註五年/14+2+1相 *送拉鍊收納包,5790,,
5,主機板 MB,AMD X870E & X870 / AM5腳位(DDR5),365,｛華擎 X870 Pro RS WiFi｝/ATX/Dragon 2.5G+Wi-Fi7/註五年/14+2+1相*送拉鍊收納包,5990,,
5,主機板 MB,AMD X870E & X870 / AM5腳位(DDR5),366,｛華擎 X870 Steel Legend WiFi｝/ATX/2.5G+Wi-Fi7/註五年/14+2+1相*送拉鍊收納包,6990,,
5,主機板 MB,AMD X870E & X870 / AM5腳位(DDR5),367,｛華擎 X870 Challenger WiFi White｝白/ATX/2.5G+Wi-Fi7/註五年/16+2+1相*送收納包,7190,,
5,主機板 MB,AMD X870E & X870 / AM5腳位(DDR5),368,｛華擎 X870E Challenger WiFi White｝白/ATX/5G+Wi-Fi7/註五年/20+2+1相*送收納包,9490,,
5,主機板 MB,AMD X870E & X870 / AM5腳位(DDR5),369,｛華擎 X870 Nova WiFi｝/ATX/5G+Wi-Fi7/註五年/20+2+1相*送拉鍊收納包,9990,,
5,主機板 MB,AMD X870E & X870 / AM5腳位(DDR5),370,｛華擎 X870 Taichi Creator｝/ATX/10G+5G+Wi-Fi7/註五年/18+2+1相 *送拉鍊收納包,11990,,任搭折100
5,主機板 MB,AMD X870E & X870 / AM5腳位(DDR5),371,｛華擎 X870E Taichi｝EATX/5G+Wi-Fi7/註五年/24+2+1相 *送拉鍊收納包,14990,,任搭折290
5,主機板 MB,AMD X870E & X870 / AM5腳位(DDR5),372,｛華擎 X870E Taichi OCF｝/ATX/5G+Wi-Fi7/註五年/22+2+1相 *送拉鍊收納包,18990,,
5,主機板 MB,AMD B850 工作站級 (AM5腳位/DDR5),374,｛華碩 PRO WS B850M-ACE SE｝M-ATX/Realtek10G+2.5G/註四年/8+2+1相,13990,,任搭折290
5,主機板 MB,AMD B850 工作站級 (AM5腳位/DDR5),375,｛技嘉 B850 AI TOP｝/ATX/2*10GE+Wi-Fi7/註五年/16+2+2相,12990,,
5,主機板 MB,AMD TRX50 / Socket sTR5,377,｛華碩 PRO WS TRX50-SAGE WIFI A｝CEB/10G+2.5G+Wi-Fi7/註四年,28900,,任搭折290
5,主機板 MB,AMD TRX50 / Socket sTR5,378,｛華碩 PRO WS TRX50-SAGE WIFI｝CEB/10G+2.5G+Wi-Fi7/註四年 36相,31990,,任搭折290
5,主機板 MB,AMD TRX50 / Socket sTR5,379,｛技嘉 TRX50 AI TOP-2B｝E-ATX/雙10G+Wi-Fi7/註五年/16+8+4相,29990,,任搭折290
5,主機板 MB,AMD TRX50 / Socket sTR5,380,｛華擎 TRX50 WS｝E-ATX/10G+2.5G+無線/註五年/18+3+3 電源相,22990,,任搭折300
5,主機板 MB,AMD WRX90 / Socket sTR5,383,｛華碩 PRO WS WRX90E-SAGE SE｝EEB/2*Intel 10G+LAN 1G/註四年/8DIMM,44990,,任搭折500
5,主機板 MB,AMD WRX90 / Socket sTR5,384,｛華擎 WRX90 WS EVO｝EEB/2*Intel 10G/註五年/8DIMM/18+3+3 電源相,38990,,任搭折500
6,記憶體 RAM,桌上型記憶體 DDR5 單條,2,｛UMAX 單條32GB DDR5-4800｝/CL40,13500,,
6,記憶體 RAM,桌上型記憶體 DDR5 單條,3,｛UMAX 單條8GB DDR5-5600｝/CL46,3990,,
6,記憶體 RAM,桌上型記憶體 DDR5 單條,4,｛UMAX 單條16GB DDR5-5600｝/CL46,7300,,熱賣
6,記憶體 RAM,桌上型記憶體 DDR5 單條,5,｛UMAX 單條32GB DDR5-5600｝/CL46,14500,,熱賣
6,記憶體 RAM,桌上型記憶體 DDR5 單條,6,威剛 單條8GB DDR5-5600/CL46｛AD5U56008G-S｝,4199,,
6,記憶體 RAM,桌上型記憶體 DDR5 單條,7,威剛 單條16GB DDR5-4000/CL32｛AD5U400016G-S｝,5999,,熱賣
6,記憶體 RAM,桌上型記憶體 DDR5 單條,8,威剛 單條16GB DDR5-4800/CL40｛AD5U480016G-S｝,6999,,
6,記憶體 RAM,桌上型記憶體 DDR5 單條,9,威剛 單條16GB DDR5-5600/CL46｛AD5U560016G-S｝,7999,,
6,記憶體 RAM,桌上型記憶體 DDR5 單條,10,威剛 單條16GB DDR5-5600/CL36 Lance 黑｛AX5U5600C3616G-CLABK｝少量,8199,,
6,記憶體 RAM,桌上型記憶體 DDR5 單條,11,威剛 單條16GB DDR5-5600/CL46 LancerBlade矮 黑｛AX5U5600C4616G-SLABBK｝,8199,,
6,記憶體 RAM,桌上型記憶體 DDR5 單條,12,威剛 單條16GB DDR5-6000/CL48 LancerBlade矮 黑｛AX5U6000C4816G-SLABBK｝,8399,,
6,記憶體 RAM,桌上型記憶體 DDR5 單條,13,威剛 單條32GB DDR5-5600/CL46｛AD5U560032G-S｝,14999,,熱賣
6,記憶體 RAM,桌上型記憶體 DDR5 單條,14,｛金士頓 單條16GB DDR5-5600｝/CL46,7999,,
6,記憶體 RAM,桌上型記憶體 DDR5 單條,15,｛金士頓 單條32GB DDR5-5600｝/CL46,15500,,
6,記憶體 RAM,桌上型記憶體 DDR5 單條,16,｛金士頓 單條8GB DDR5-5600｝(CL36) FURY Beast (獸獵者),4990,,
6,記憶體 RAM,桌上型記憶體 DDR5 單條,17,｛金士頓 單條16GB DDR5-5600｝(CL36) FURY Beast (獸獵者),8300,,
6,記憶體 RAM,桌上型記憶體 DDR5 單條,18,｛金士頓 單條16GB DDR5-6000｝(CL30) FURY Beast Black (獸獵者),9300,,
6,記憶體 RAM,桌上型記憶體 DDR5 單條,19,｛KLEVV(科賦) 單條16GB DDR5-5600｝/CL46,6250,,
6,記憶體 RAM,桌上型記憶體 DDR5 單條,20,｛美光 Micron Crucial 單條32GB DDR5 5600｝/CL46 (原生顆粒),13999,,
6,記憶體 RAM,桌上型記憶體 DDR5 單條,21,｛T-CREATE EXPERT 引領者 24G DDR5-6000｝/CL28 黑,9999,,
6,記憶體 RAM,桌上型記憶體 DDR5 單條,22,｛T-CREATE EXPERT 引領者 24G DDR5-6000｝/CL28 白,9999,,
6,記憶體 RAM,桌上型記憶體 DDR5 雙通道,24,｛UMAX 16GB(雙通8GB*2) DDR5 4800｝/CL40 含散熱片,8200,,
6,記憶體 RAM,桌上型記憶體 DDR5 雙通道,25,｛UMAX 32GB(雙通16GB*2) DDR5 4800｝/CL40 含散熱片,14500,,
6,記憶體 RAM,桌上型記憶體 DDR5 雙通道,26,｛UMAX 16GB(雙通8GB*2) DDR5 5600｝/CL46 含散熱片,8200,,
6,記憶體 RAM,桌上型記憶體 DDR5 雙通道,27,｛UMAX 32GB(雙通16GB*2) DDR5 5600｝/CL46 含散熱片,14500,,
6,記憶體 RAM,桌上型記憶體 DDR5 雙通道,28,｛UMAX 64GB(雙通32GB*2) DDR5 6000｝/CL30 含散熱片,29999,,
6,記憶體 RAM,桌上型記憶體 DDR5 雙通道,29,威剛 32G(雙通16G*2)D5-5600/CL46 LancerBlade矮 黑｛AX5U5600C4616G-DTLABBK｝,16399,,熱賣
6,記憶體 RAM,桌上型記憶體 DDR5 雙通道,30,威剛 32G(雙通16G*2)D5-5600/CL46 LancerBlade矮 白｛AX5U5600C4616G-DTLABWH｝,16399,,熱賣
6,記憶體 RAM,桌上型記憶體 DDR5 雙通道,31,威剛 32G(雙通16G*2)D5-6000/CL48 LancerBlade矮 黑｛AX5U6000C4816G-DTLABBK｝,17299,,熱賣
6,記憶體 RAM,桌上型記憶體 DDR5 雙通道,32,威剛 32G(雙通16G*2)D5-6000/CL48 LancerBlade矮 白｛AX5U6000C4816G-DTLABWH｝,17299,,熱賣
6,記憶體 RAM,桌上型記憶體 DDR5 雙通道,33,威剛 32G(雙通16G*2)D5-6000/CL36 LancerBlade矮 黑｛AX5U6000C3616G-DTLABBK｝,17799,,
6,記憶體 RAM,桌上型記憶體 DDR5 雙通道,34,威剛 32G(雙通16G*2)D5-6000/CL36 LancerBlade矮 黑｛AX5U6000C3616G-DTLABBK｝~組裝價~,15999,,組裝價
6,記憶體 RAM,桌上型記憶體 DDR5 雙通道,35,威剛 32G(雙通16G*2)D5-6000/CL36 LancerBlade矮 白｛AX5U6000C3616G-DTLABWH｝,17799,,
6,記憶體 RAM,桌上型記憶體 DDR5 雙通道,36,威剛 32G(雙通16G*2)D5-6000/CL30 LancerBlade矮 黑｛AX5U6000C3016G-DTLABBK｝,18799,,熱賣
6,記憶體 RAM,桌上型記憶體 DDR5 雙通道,37,威剛 32G(雙通16G*2)D5-6000/CL30 LancerBlade矮 白｛AX5U6000C3016G-DTLABWH｝,18799,,熱賣
6,記憶體 RAM,桌上型記憶體 DDR5 雙通道,38,威剛 32G(雙通16G*2)D5-6000/CL28 LancerBlade矮 白｛AX5U6000C2816G-DTLABWH｝少量,15799,,
6,記憶體 RAM,桌上型記憶體 DDR5 雙通道,39,威剛 32G(雙通16G*2)D5-6000/CL36 LancerBlade矮RGB黑｛AX5U6000C3616G-DTLABRBK｝,18099,,
6,記憶體 RAM,桌上型記憶體 DDR5 雙通道,40,威剛 32G(雙通16G*2)D5-6000/CL36 LancerBlade矮RGB白｛AX5U6000C3616G-DTLABRWH｝,18099,,
6,記憶體 RAM,桌上型記憶體 DDR5 雙通道,41,威剛 32G(雙通16G*2)D5-6000/CL30 LancerBlade矮RGB黑｛AX5U6000C3016G-DTLABRBK｝,19099,,
6,記憶體 RAM,桌上型記憶體 DDR5 雙通道,42,威剛 32G(雙通16G*2)D5-6000/CL30 LancerBlade矮RGB白｛AX5U6000C3016G-DTLABRWH｝,19099,,
6,記憶體 RAM,桌上型記憶體 DDR5 雙通道,43,威剛 32G(雙通16G*2)D5-6000/CL30 Lancer白｛AX5U6000C3016G-DCLAWH｝,19099,,
6,記憶體 RAM,桌上型記憶體 DDR5 雙通道,44,威剛 32G(雙通16G*2)D5-6000/CL30 Lancer白｛AX5U6000C3016G-DCLAWH｝~組裝價,15299,,組裝價
6,記憶體 RAM,桌上型記憶體 DDR5 雙通道,45,威剛 32G(雙通16G*2)D5-6000/CL30 Lancer RGB黑｛AX5U6000C3016G-DCLARBK｝,19399,,
6,記憶體 RAM,桌上型記憶體 DDR5 雙通道,46,威剛 32G(雙通16G*2)D5-6000/CL30 Lancer RGB白｛AX5U6000C3016G-DCLARWH｝,19399,,
6,記憶體 RAM,桌上型記憶體 DDR5 雙通道,47,威剛 32G(雙通16G*2)D5-6000/CL28 Lancer RGB黑｛AX5U6000C2816G-DCLARBK｝,17499,,
6,記憶體 RAM,桌上型記憶體 DDR5 雙通道,48,威剛 32G(雙通16G*2)D5-6400/CL32 LancerBlade矮 黑｛AX5U6400C3216G-DTLABBK｝,16999,,
6,記憶體 RAM,桌上型記憶體 DDR5 雙通道,49,威剛 64G(雙通32G*2)D5-5600/CL46 LancerBlade矮 黑｛AX5U5600C4632G-DTLABBK｝,31999,,
6,記憶體 RAM,桌上型記憶體 DDR5 雙通道,50,威剛 64G(雙通32G*2)D5-6000/CL30 LancerBlade矮 黑｛AX5U6000C3032G-DTLABBK｝,37599,,熱賣
6,記憶體 RAM,桌上型記憶體 DDR5 雙通道,51,威剛 64G(雙通32G*2)D5-6000/CL30 LancerBlade矮 白｛AX5U6000C3032G-DTLABWH｝,37599,,熱賣
6,記憶體 RAM,桌上型記憶體 DDR5 雙通道,52,威剛 64G(雙通32G*2)D5-6000/CL30 LancerBlade矮RGB黑｛AX5U6000C3032G-DTLABRBK｝,38199,,
6,記憶體 RAM,桌上型記憶體 DDR5 雙通道,53,威剛 64G(雙通32G*2)D5-6000/CL30 LancerBlade矮RGB白｛AX5U6000C3032G-DTLABRWH｝,38199,,
6,記憶體 RAM,桌上型記憶體 DDR5 雙通道,54,威剛 64G(雙通32G*2)D5-6000/CL30 Lancer黑｛AX5U6000C3032G-DCLABK｝,38199,,
6,記憶體 RAM,桌上型記憶體 DDR5 雙通道,55,威剛 64G(雙通32G*2)D5-6000/CL30 Lancer白｛AX5U6000C3032G-DCLAWH｝,38199,,
6,記憶體 RAM,桌上型記憶體 DDR5 雙通道,56,威剛 64G(雙通32G*2)D5-6000/CL30 Lancer RGB黑｛AX5U6000C3032G-DCLARBK｝,38799,,
6,記憶體 RAM,桌上型記憶體 DDR5 雙通道,57,威剛 64G(雙通32G*2)D5-6000/CL30 Lancer RGB白｛AX5U6000C3032G-DCLARWH｝,38799,,
6,記憶體 RAM,桌上型記憶體 DDR5 雙通道,58,｛Biwin 佰維 Black Opal HX100 48GB(雙通24GBx2) DDR5-6000｝CL28 黑,21490,,
6,記憶體 RAM,桌上型記憶體 DDR5 雙通道,59,｛Biwin 佰維 Black Opal DW100 RGB 32GB(雙通16GBx2) DDR5-6000｝CL28 黑,15990,,
6,記憶體 RAM,桌上型記憶體 DDR5 雙通道,60,｛Biwin 佰維 Black Opal DW100 RGB 48GB(雙通24GBx2) DDR5-6000｝CL28 黑,21890,,
6,記憶體 RAM,桌上型記憶體 DDR5 雙通道,61,｛Biwin 佰維 Black Opal DW100 RGB 48GB(雙通24GBx2) DDR5-6000｝CL28 白,21800,,
6,記憶體 RAM,桌上型記憶體 DDR5 雙通道,62,｛Origin code Vortex RGB 32GB(雙通16GBx2) DDR5-6200｝(CL26)銀(獨立風扇),18690,,
6,記憶體 RAM,桌上型記憶體 DDR5 雙通道,63,｛Origin code Vortex RGB 48GB(雙通24GBx2) DDR5-6000｝(CL26)銀(獨立風扇),28490,,熱賣
6,記憶體 RAM,桌上型記憶體 DDR5 雙通道,64,｛KLEVV(科賦)32GB(雙通道16GB*2)DDR5 6000/CL30 CRAS V RGB｝曜石黑,15888,,
6,記憶體 RAM,桌上型記憶體 DDR5 雙通道,65,｛KLEVV(科賦)32GB(雙通道16GB*2)DDR5 6000/CL30 CRAS V RGB｝晶燦白,15888,,
6,記憶體 RAM,桌上型記憶體 DDR5 雙通道,66,｛KLEVV(科賦)64GB(雙通道32GB*2)DDR5 6000/CL30 CRAS V RGB｝曜石黑,27950,,
6,記憶體 RAM,桌上型記憶體 DDR5 雙通道,67,｛KLEVV(科賦)64GB(雙通道32GB*2)DDR5 6000/CL30 CRAS V RGB｝晶燦白,27950,,
6,記憶體 RAM,桌上型記憶體 DDR5 雙通道,68,｛KLEVV(科賦)32GB(雙通道16GB*2) DDR5 6400/CL32 CRAS V RGB｝曜石黑,16088,,
6,記憶體 RAM,桌上型記憶體 DDR5 雙通道,69,｛KLEVV(科賦)32GB(雙通道16GB*2) DDR5 6400/CL32 CRAS V RGB｝晶燦白,16088,,
6,記憶體 RAM,桌上型記憶體 DDR5 雙通道,70,｛KLEVV(科賦)64GB(雙通道32GB*2) DDR5 6400/CL32 CRAS V RGB｝曜石黑,28300,,
6,記憶體 RAM,桌上型記憶體 DDR5 雙通道,71,｛KLEVV(科賦)64GB(雙通道32GB*2) DDR5 6400/CL32 CRAS V RGB｝晶燦白,28300,,
6,記憶體 RAM,桌上型記憶體 DDR5 雙通道,72,｛KLEVV(科賦)32GB(雙通16GB*2) DDR5 6000/CL30 URBANE V RGB｝(低矮散熱),15088,,
6,記憶體 RAM,桌上型記憶體 DDR5 雙通道,73,｛KLEVV(科賦)32GB(雙通16GB*2) DDR5 6000/CL28 URBANE V RGB｝(低矮散熱),15488,,
6,記憶體 RAM,桌上型記憶體 DDR5 雙通道,74,｛KLEVV(科賦)32GB(雙通16GB*2) DDR5 6400/CL32 URBANE V RGB｝(低矮散熱),15688,,
6,記憶體 RAM,桌上型記憶體 DDR5 雙通道,75,｛KLEVV(科賦)48GB(雙通24GB*2) DDR5 6000/CL30 URBANE V RGB｝(低矮散熱),20588,,
6,記憶體 RAM,桌上型記憶體 DDR5 雙通道,76,｛KLEVV(科賦)48GB(雙通24GB*2) DDR5 6400/CL32 URBANE V RGB｝(低矮散熱),21688,,
6,記憶體 RAM,桌上型記憶體 DDR5 雙通道,77,｛金士頓 32GB(雙通16GB*2) DDR5-5600/CL36 FURY Beast｝黑,16000,,
6,記憶體 RAM,桌上型記憶體 DDR5 雙通道,78,｛金士頓 32GB(雙通16GB*2) DDR5-5600/CL36 FURY Beast｝白,16000,,
6,記憶體 RAM,桌上型記憶體 DDR5 雙通道,79,｛金士頓 32GB(雙通16GB*2) DDR5-5600/CL36 FURY Beast RGB｝黑,16200,,
6,記憶體 RAM,桌上型記憶體 DDR5 雙通道,80,｛金士頓 32GB(雙通16GB*2) DDR5-6000/CL30 FURY Beast｝黑 (獸獵者),17500,,
6,記憶體 RAM,桌上型記憶體 DDR5 雙通道,81,｛金士頓 32GB(雙通16GB*2) DDR5-6000/CL30 FURY Beast｝白 (獸獵者),17500,,
6,記憶體 RAM,桌上型記憶體 DDR5 雙通道,82,｛金士頓 64GB(雙通32GB*2) DDR5-5600/CL36 FURY Beast｝黑 (獸獵者),30600,,
6,記憶體 RAM,桌上型記憶體 DDR5 雙通道,83,｛金士頓 64GB(雙通32GB*2) DDR5-5600/CL36 FURY Beast｝白 (獸獵者),30600,,
6,記憶體 RAM,桌上型記憶體 DDR5 雙通道,84,｛金士頓 64GB(雙通32GB*2) DDR5-6000/CL30 FURY Beast｝黑 (獸獵者),35400,,
6,記憶體 RAM,桌上型記憶體 DDR5 雙通道,85,｛金士頓 64GB(雙通32GB*2) DDR5-6000/CL30 FURY Beast｝白 (獸獵者),35400,,
6,記憶體 RAM,桌上型記憶體 DDR5 雙通道,86,美光｛Micron Crucial 64GB(雙通32GB*2) DDR5 5600｝/CL46(原生顆粒),27999,,
6,記憶體 RAM,桌上型記憶體 DDR5 雙通道,87,美光｛Micron Crucial PRO 超頻 32GB(雙通16GB*2) DDR5 6000｝/CL36 黑色散熱片,14599,,
6,記憶體 RAM,桌上型記憶體 DDR5 雙通道,88,美光｛Micron Crucial PRO 超頻 64GB(雙通32GB*2) DDR5 6000｝/CL40 白色散熱片,29199,,
6,記憶體 RAM,桌上型記憶體 DDR5 雙通道,89,美光｛Micron Crucial PRO 超頻 32GB(雙通16GB*2) DDR5 6400｝/CL38 黑色散熱片,14999,,
6,記憶體 RAM,桌上型記憶體 DDR5 雙通道,90,美光｛Micron Crucial PRO 超頻 32GB(雙通16GB*2) DDR5 6400｝/CL38 白色散熱片,14999,,
6,記憶體 RAM,桌上型記憶體 DDR5 雙通道,91,美光｛Micron Crucial PRO 超頻 64GB(雙通32GB*2) DDR5 6400｝/CL40 黑色散熱片,29999,,
6,記憶體 RAM,桌上型記憶體 DDR5 雙通道,92,美光｛Micron Crucial PRO 超頻 64GB(雙通32GB*2) DDR5 6400｝/CL40 白色散熱片,29999,,
6,記憶體 RAM,桌上型記憶體 DDR5 雙通道,93,美光｛Micron Crucial PRO 超頻 96GB(雙通48GB*2) DDR5 5600｝/CL46 黑色散熱片,28500,,
6,記憶體 RAM,桌上型記憶體 DDR5 雙通道,94,海盜船 VENGEANCE 32G(16G*2)DDR5-6000/CL36 灰RGB｛CMH32GX5M2E6000Z36｝,15990,,
6,記憶體 RAM,桌上型記憶體 DDR5 雙通道,95,海盜船 VENGEANCE 32G(16G*2)DDR5-6000/CL30 灰｛CMK32GX5M2B6000Z30｝,17590,,
6,記憶體 RAM,桌上型記憶體 DDR5 雙通道,96,海盜船 VENGEANCE 32G(16G*2)DDR5-6000/CL30 灰RGB｛CMH32GX5M2B6000Z30K｝,17990,,
6,記憶體 RAM,桌上型記憶體 DDR5 雙通道,97,海盜船 VENGEANCE 32G(16G*2)DDR5-6400/CL36 灰｛CMK32GX5M2B6400Z36｝,15490,,
6,記憶體 RAM,桌上型記憶體 DDR5 雙通道,98,海盜船 VENGEANCE 32G(16G*2)DDR5-6400/CL36 灰RGB｛CMH32GX5M2B6400Z36｝,16990,,
6,記憶體 RAM,桌上型記憶體 DDR5 雙通道,99,海盜船 VENGEANCE 32G(16G*2)DDR5-6400/CL32 灰｛CMK32GX5M2B6400Z32｝AI,16990,,
6,記憶體 RAM,桌上型記憶體 DDR5 雙通道,100,海盜船 VENGEANCE 32G(16G*2)DDR5-6400/CL32 灰RGB｛CMH32GX5M2B6400Z32｝,17290,,
6,記憶體 RAM,桌上型記憶體 DDR5 雙通道,101,海盜船 VENGEANCE 64G(32G*2)DDR5-6400/CL42 黑｛CMK64GX5M2B6400C42｝,32900,,
6,記憶體 RAM,桌上型記憶體 DDR5 雙通道,102,海盜船 VENGEANCE 128G(64G*2)DDR5-6000/CL40 黑｛CMK128GX5M2D6000C40｝,83500,,
6,記憶體 RAM,桌上型記憶體 DDR5 雙通道,103,海盜船 DOMINATOR TITANIUM 32G(16G*2) D5-6000/CL30 灰RGB｛CMP32GX5M2B6000Z30｝,19200,,
6,記憶體 RAM,桌上型記憶體 DDR5 雙通道,104,海盜船 DOMINATOR TITANIUM 32G(16G*2) D5-7200/CL34 黑RGB｛CMP32GX5M2X7200C3｝,21990,,熱賣
6,記憶體 RAM,桌上型記憶體 DDR5 雙通道,105,芝奇Flare X5 烈焰槍32GB(雙通16G*2)D5-6000 CL28黑｛F5-6000J2836G16GX2-FX5｝,19500,,
6,記憶體 RAM,桌上型記憶體 DDR5 雙通道,106,芝奇Flare X5 烈焰槍32GB(雙通16G*2)D5-6000 CL28白｛F5-6000J2836G16GX2-FX5W｝,19500,,
6,記憶體 RAM,桌上型記憶體 DDR5 雙通道,107,芝奇Flare X5烈焰槍 64GB(雙通32G*2)D5-6000/CL30黑｛F5-6000J3040G32GX2-FX5｝,35900,,熱賣
6,記憶體 RAM,桌上型記憶體 DDR5 雙通道,108,芝奇Flare X5烈焰槍 64GB(雙通32G*2)D5-6000/CL30白｛F5-6000J3040G32GX2-FX5W｝,35900,,熱賣
6,記憶體 RAM,桌上型記憶體 DDR5 雙通道,109,芝奇Flare X5 烈焰槍64GB(雙通32G*2)D5-6000 CL28黑｛F5-6000J2836G32GX2-FX5｝,38900,,
6,記憶體 RAM,桌上型記憶體 DDR5 雙通道,110,芝奇Flare X5 烈焰槍96GB(雙通48G*2)D5-6000 CL30黑｛F5-6000J3036F48GX2-FX5｝,59980,,
6,記憶體 RAM,桌上型記憶體 DDR5 雙通道,111,芝奇Flare X5 烈焰槍96GB(雙通48G*2)D5-6000 CL30白｛F5-6000J3036F48GX2-FX5W｝,59980,,
6,記憶體 RAM,桌上型記憶體 DDR5 雙通道,112,芝奇Flare X5 烈焰槍128GB(雙通64G*2)D5-6000 CL34黑｛F5-6000J3444F64GX2-FX5｝,94500,,
6,記憶體 RAM,桌上型記憶體 DDR5 雙通道,113,芝奇 Ripjaws S5焰刃32GB(雙通16G*2)D5-6000/CL36黑｛ F5-6000J3636F16GX2-RS5K｝,15500,,
6,記憶體 RAM,桌上型記憶體 DDR5 雙通道,114,芝奇 Ripjaws S5焰刃64GB(雙通32G*2)D5-6000/C36黑｛F5-6000J3636F32GX2-RS5K｝,29000,,
6,記憶體 RAM,桌上型記憶體 DDR5 雙通道,115,芝奇 RipjawsM5 RGB焰刃32GB(16G*2)D5-6000/CL36黑｛F5-6000J3636F16GX2-RM5RK｝,16000,,
6,記憶體 RAM,桌上型記憶體 DDR5 雙通道,116,芝奇 烈焰槍RGB 64GB(雙通32G*2)D5-6000/CL36黑｛F5-6000J3636F32GX2-RM5NRK｝,34000,,
6,記憶體 RAM,桌上型記憶體 DDR5 雙通道,117,芝奇 烈焰槍RGB 64GB(雙通32G*2)D5-6000/CL36白｛F5-6000J3636F32GX2-RM5NRW｝,34000,,
6,記憶體 RAM,桌上型記憶體 DDR5 雙通道,118,芝奇 幻鋒戟RGB 32GB(雙通16G*2) D5-6400/CL32黑｛F5-6400J3239G16GX2-TZ5RK｝,21500,,
6,記憶體 RAM,桌上型記憶體 DDR5 雙通道,119,芝奇 幻鋒戟RGB 32GB(雙通16G*2) D5-6400/CL32白｛F5-6400J3239G16GX2-TZ5RW｝,21500,,
6,記憶體 RAM,桌上型記憶體 DDR5 雙通道,120,芝奇 幻鋒戟RGB 32GB(雙通16G*2) D5-7200/CL34黑｛F5-7200J3445G16GX2-TZ5RK｝,14900,,
6,記憶體 RAM,桌上型記憶體 DDR5 雙通道,121,芝奇 幻鋒戟RGB 64GB(雙通32G*2) D5-6000/CL30白｛F5-6000J3040G32GX2-TZ5RW｝,29000,,
6,記憶體 RAM,桌上型記憶體 DDR5 雙通道,122,芝奇 焰鋒戟RGB 32GB(雙通16GB*2) D5-6000/CL30黑｛F5-6000J3038F16GX2-TZ5NR｝,19400,,
6,記憶體 RAM,桌上型記憶體 DDR5 雙通道,123,芝奇 焰鋒戟RGB 64GB(雙通32GB*2)D5-6000/CL30黑｛F5-6000J3040G32GX2-TZ5NR｝,37900,,
6,記憶體 RAM,桌上型記憶體 DDR5 雙通道,124,芝奇 焰鋒戟RGB 64GB(雙通32GB*2)D5-6000/CL30白｛F5-6000J3040G32GX2-TZ5NRW｝,37900,,熱賣
6,記憶體 RAM,桌上型記憶體 DDR5 雙通道,125,芝奇 焰鋒戟RGB 32GB(雙通16GB*2)D5-6400/CL30黑｛F5-6400J3039G16GX2-TZ5NR｝,19800,,
6,記憶體 RAM,桌上型記憶體 DDR5 雙通道,126,芝奇 焰鋒戟RGB 32GB(雙通16GB*2)D5-6400/CL30白｛F5-6400J3039G16GX2-TZ5NRW｝,19800,,
6,記憶體 RAM,桌上型記憶體 DDR5 雙通道,127,芝奇 焰鋒戟RGB 32GB(雙通16GB*2)D5-7200/CL34黑｛F5-7200J3445G16GX2-TZ5NR｝,19800,,
6,記憶體 RAM,桌上型記憶體 DDR5 雙通道,128,芝奇 焰鋒戟RGB 128GB(雙通64GB*2)D5-6000/CL34黑｛F5-6000J3444F64GX2-TZ5NR｝,86500,,
6,記憶體 RAM,桌上型記憶體 DDR5 雙通道,129,芝奇 皇家戟RGB 48GB(雙通24GB*2)D5-6000 CL28銀｛F5-6000J2836F24GX2-TR5NS｝,37890,,
6,記憶體 RAM,桌上型記憶體 DDR5 雙通道,130,芝奇 皇家戟RGB 64GB(雙通32GB*2)D5-6000/CL28銀｛F5-6000J2836G32GX2-TR5NS｝,43800,,
6,記憶體 RAM,桌上型記憶體 DDR5 雙通道,131,"芝奇Flare X5 烈焰槍256GB(""雙通""四根64G*4)D5-6000 CL34黑｛F5-6000J3444F64GX4-FX5｝",189000,,
6,記憶體 RAM,筆記型記憶體 DDR5,133,｛UMAX NB 16GB DDR5 4800｝/CL40,7500,,
6,記憶體 RAM,筆記型記憶體 DDR5,134,｛UMAX NB 32GB DDR5 4800｝/CL40,14500,,
6,記憶體 RAM,筆記型記憶體 DDR5,135,｛UMAX NB 8GB DDR5 5600｝/CL46,4100,,
6,記憶體 RAM,筆記型記憶體 DDR5,136,｛UMAX NB 16GB DDR5 5600｝/CL46,7500,,熱賣
6,記憶體 RAM,筆記型記憶體 DDR5,137,｛UMAX NB 32GB DDR5 5600｝/CL46,14800,,
6,記憶體 RAM,筆記型記憶體 DDR5,138,威剛 NB 32GB DDR5-4800/CL40｛AD5S480032G-S｝,14500,,熱賣
6,記憶體 RAM,筆記型記憶體 DDR5,139,威剛 NB 8GB DDR5-5600/CL46｛AD5S56008G-S｝,4199,,
6,記憶體 RAM,筆記型記憶體 DDR5,140,威剛 NB 16GB DDR5-5600/CL46｛AD5S560016G-S｝,7999,,
6,記憶體 RAM,筆記型記憶體 DDR5,141,威剛 NB 32GB DDR5-5600/CL46｛AD5S560032G-S｝,14999,,
6,記憶體 RAM,筆記型記憶體 DDR5,142,金士頓 NB 16GB DDR5 5600｛KVR56S46BS8-16｝/CL46,8600,,
6,記憶體 RAM,筆記型記憶體 DDR5,143,金士頓 NB 32GB DDR5 5600｛KVR56S46BD8-32｝/CL46,14700,,
6,記憶體 RAM,筆記型記憶體 DDR5,144,美光｛Micron Crucial NB 16GB DDR5 5600｝/CL46,6999,,
6,記憶體 RAM,筆記型記憶體 DDR5,145,美光｛Micron Crucial NB 32GB DDR5 5600｝/CL46,13999,,熱賣
6,記憶體 RAM,筆記型記憶體 DDR5,146,美光｛Micron Crucial NB 64GB DDR5 5600｝/CL46,27999,,
6,記憶體 RAM,筆記型記憶體 DDR5 雙通道,148,美光｛Micron Crucial NB 雙通16G*2 DDR5 5600｝/CL46,13999,,
6,記憶體 RAM,筆記型記憶體 DDR5 雙通道,149,美光｛Micron Crucial NB 雙通64G*2 DDR5 5600｝/CL46,55999,,
6,記憶體 RAM,桌上型記憶體 DDR4,151,｛UMAX 8GB DDR4-2666｝(1024*8)CL19,2150,,
6,記憶體 RAM,桌上型記憶體 DDR4,152,｛UMAX 8GB DDR4-3200｝(1024*8)超頻CL16,2190,,
6,記憶體 RAM,桌上型記憶體 DDR4,153,｛UMAX 16GB DDR4-2400｝(1024*8)CL17,3750,,
6,記憶體 RAM,桌上型記憶體 DDR4,154,｛UMAX 16GB DDR4-2666｝(1024*8)CL19,3850,,
6,記憶體 RAM,桌上型記憶體 DDR4,155,｛UMAX 16GB DDR4-2666｝(2048*8)(CL19,3950,,
6,記憶體 RAM,桌上型記憶體 DDR4,156,｛UMAX 16GB DDR4-3200｝(1024*8)超頻CL16,4250,,
6,記憶體 RAM,桌上型記憶體 DDR4,157,｛UMAX 16GB DDR4-3200｝(2048*8)超頻CL16,4250,,
6,記憶體 RAM,桌上型記憶體 DDR4,158,｛UMAX 16GB DDR4-3200｝(1024*8)CL22,3950,,
6,記憶體 RAM,桌上型記憶體 DDR4,159,｛UMAX 32GB DDR4-3200｝(2048*8)CL22,8888,,
6,記憶體 RAM,桌上型記憶體 DDR4,160,｛UMAX 32GB DDR4-3200｝(2048*8)超頻CL16,8888,,
6,記憶體 RAM,桌上型記憶體 DDR4,161,威剛 8GB DDR4-3200｛AD4U320038G22-SGN｝(1024*8),2299,,
6,記憶體 RAM,桌上型記憶體 DDR4,162,威剛 16GB DDR4-3200｛AD4U3200316G22-SGN｝(1024*8),4599,,
6,記憶體 RAM,桌上型記憶體 DDR4,163,威剛 16GB DDR4-3200/CL16 XPG D10超頻 黑｛AX4U3200316G16A-SB10｝(1024*8),4699,,熱賣
6,記憶體 RAM,桌上型記憶體 DDR4,164,威剛 32GB DDR4-3200｛AD4U3200732G22-SGN｝(2048*8),8999,,熱賣
6,記憶體 RAM,桌上型記憶體 DDR4,165,金士頓 8GB DDR4-3200 FURY Beast(獸獵者)｛KF432C16BB/8｝(1024*8),3200,,
6,記憶體 RAM,桌上型記憶體 DDR4,166,金士頓 8GB DDR4-3200 FURY Beast(獸獵者)｛KF432C16BB/8｝(1024*8)~搭機價~,2900,,
6,記憶體 RAM,桌上型記憶體 DDR4,167,金士頓 16GB DDR4-3200｛KVR32N22S8/16｝(2048*8),6150,,
6,記憶體 RAM,桌上型記憶體 DDR4,168,金士頓 16GB DDR4-3200 FURY Beast(獸獵者)｛KF432C16BB/16｝(2048*8),6150,,
6,記憶體 RAM,桌上型記憶體 DDR4,169,金士頓 32GB DDR4-3200｛KVR32N22D8/32｝(2048*8),12000,,
6,記憶體 RAM,桌上型記憶體 DDR4,170,金士頓 32GB DDR4-3200 FURY Beast(獸獵者)｛KF432C16BB/32｝(2048*8),9450,,熱賣
6,記憶體 RAM,桌上型記憶體 DDR4 雙通道,172,｛UMAX 16GB(雙通8GB*2) DDR4-2666｝含散熱片(1024*8),4350,,
6,記憶體 RAM,桌上型記憶體 DDR4 雙通道,173,｛UMAX 16GB(雙通8GB*2) DDR4-3200｝超頻CL16含散熱片(1024*8),4450,,
6,記憶體 RAM,桌上型記憶體 DDR4 雙通道,174,｛UMAX 32GB(雙通16GB*2) DDR4-2666｝含散熱片(1024*8)CL19,7800,,
6,記憶體 RAM,桌上型記憶體 DDR4 雙通道,175,｛UMAX 32GB(雙通16GB*2) DDR4-2666｝含散熱片(2048*8)CL19,7990,,
6,記憶體 RAM,桌上型記憶體 DDR4 雙通道,176,｛UMAX 32GB(雙通16GB*2) DDR4-3200｝超頻CL16含散熱片(1024*8)CL16,8600,,熱賣
6,記憶體 RAM,桌上型記憶體 DDR4 雙通道,177,｛UMAX 32GB(雙通16GB*2) DDR4-3200｝超頻CL16含散熱片(2048*8)CL16,8800,,
6,記憶體 RAM,桌上型記憶體 DDR4 雙通道,178,｛UMAX 64GB(雙通32GB*2) DDR4-3200｝含散熱片(2048*8) CL22,17800,,
6,記憶體 RAM,桌上型記憶體 DDR4 雙通道,179,威剛 32GB(雙通16G*2) D4-3200/CL16 D10超頻 黑｛AX4U3200716G16A-DB10｝(2048*8),8299,,
6,記憶體 RAM,桌上型記憶體 DDR4 雙通道,180,金士頓 16GB(雙通8GB*2) DDR4-3200 FURY Beast(獸獵)｛KF432C16BBK2/16｝,6600,,
6,記憶體 RAM,桌上型記憶體 DDR4 雙通道,181,金士頓 32GB(雙通16GB*2) DDR4-3200 (獸獵者)｛KF432C16BBK2/32｝(2048*8),9500,,
6,記憶體 RAM,桌上型記憶體 DDR4 雙通道,182,芝奇 G.SKILL Ripjaws V 32GB(雙通16GB*2) D4-3600 CL18 黑｛F4-3600C18D-32GVK｝,8950,,
6,記憶體 RAM,桌上型記憶體 DDR4 雙通道,183,芝奇 G.SKILL 幻光戟 16GB(雙通8GB*2) D4-3200 CL16 黑銀｛F4-3200C16D-16GTZR｝,4990,,
6,記憶體 RAM,桌上型記憶體 DDR4 雙通道,184,芝奇 G.SKILL 幻光戟 32GB(雙通16GB*2) D4-3200 CL16 黑銀｛F4-3200C16D-32GTZR｝,9350,,
6,記憶體 RAM,桌上型記憶體 DDR4 雙通道,185,芝奇 G.SKILL 幻光戟 32GB(雙通16GB*2) D4-3600 CL16 黑銀｛F4-3600C16D-32GTZRC｝,9900,,
6,記憶體 RAM,桌上型記憶體 DDR4 雙通道,186,芝奇 G.SKILL 焰光戟 32GB(雙通16GB*2) D4-3200｛F4-3200C16D-32GTZN｝[For AMD],9500,,
6,記憶體 RAM,桌上型記憶體 DDR4 雙通道,187,芝奇 G.SKILL 焰光戟 32GB(雙通16GB*2) D4-3600｛F4-3600C16D-32GTZNC｝[For AMD],9999,,
6,記憶體 RAM,筆記型記憶體 DDR4,189,｛UMAX NB 8GB DDR4-2666｝(1024*8),2150,,
6,記憶體 RAM,筆記型記憶體 DDR4,190,｛UMAX NB 8GB DDR4-3200｝(1024*8),2190,,熱賣
6,記憶體 RAM,筆記型記憶體 DDR4,191,｛UMAX NB 16GB DDR4-2400｝(1024*8),3750,,
6,記憶體 RAM,筆記型記憶體 DDR4,192,｛UMAX NB 16GB DDR4-2666｝(1024*8),3950,,
6,記憶體 RAM,筆記型記憶體 DDR4,193,｛UMAX NB 16GB DDR4-3200｝(1024*8),4250,,熱賣
6,記憶體 RAM,筆記型記憶體 DDR4,194,｛UMAX NB 32GB DDR4-3200｝(2048*8),8500,,熱賣
6,記憶體 RAM,筆記型記憶體 DDR4,195,威剛 NB 8GB DDR4-3200｛AD4S320038G22-SGN｝(1024*8),2299,,
6,記憶體 RAM,筆記型記憶體 DDR4,196,威剛 NB 16GB DDR4-3200｛AD4S3200316G22-SGN｝(1024*8),4599,,
6,記憶體 RAM,筆記型記憶體 DDR4,197,金士頓 NB 8GB DDR4-3200｛KVR32S22S8/8｝(1024*8),3300,,
6,記憶體 RAM,筆記型記憶體 DDR4,198,金士頓 NB 16GB DDR4-3200｛KVR32S22S8/16｝(2048*8),6350,,
6,記憶體 RAM,筆記型記憶體 DDR4,199,金士頓 NB 32GB DDR4-3200｛KVR32S22D8/32｝(2048*8),14000,,
6,記憶體 RAM,桌上型記憶體 DDR3,201,｛UMAX 8GB DDR3-1600｝(512*8),780,,
6,記憶體 RAM,桌上型記憶體 DDR3,202,｛UMAX 16GB(雙通道8G*2)DDR3-1600｝含散熱片(512*8),1650,,
6,記憶體 RAM,筆記型記憶體 DDR3,204,｛UMAX NB 8GB DDR3L-1600｝低電壓(512*8),780,,熱賣
6,記憶體 RAM,筆記型記憶體 DDR3,205,金士頓 NB 8GB DDR3L-1600 低電壓｛KVR16LS11/8｝(512*8),1600,,
6,記憶體 RAM,伺服器專用記憶體 DDR5 ECC DIMM,207,金士頓32GB 5600MT/s D5 ECC CL46 DIMM 2Rx8 Hynix A｛KSM56E46BD8KM/32HA｝,29900,,
6,記憶體 RAM,伺服器專用記憶體 DDR5 RDIMM,209,金士頓16G 5600MT/s D5 ECC Reg CL46 DIMM 1R*8 Hynix A Rambus｛KSM56R46BS8/16HA｝,17500,,
6,記憶體 RAM,伺服器專用記憶體 DDR5 RDIMM,210,金士頓32G 5600MT/s D5 ECC Reg CL46 DIMM 2R*8 Hynix A Rambus｛KSM56R46BD8/32HA｝~限組裝~,34500,,限組裝
6,記憶體 RAM,伺服器專用記憶體 DDR5 RDIMM,211,金士頓64G 5600MT/s D5 ECC Reg CL46 DIMM 2R*4 Hynix A Rambus｛KSM56R46BD4/64HA｝~限組裝~,82000,,限組裝
6,記憶體 RAM,伺服器專用記憶體 DDR5 RDIMM,212,金士頓96G 6400MT/s D5 ECC Reg CL52 DIMM 2R*4 Micron C｛KSM64R52BD4/96MC｝,125000,,
6,記憶體 RAM,伺服器專用記憶體 DDR5 RDIMM,213,威剛32G 5600MT/s D5 ECC Reg CL46 DIMM 2R*8 Hynix A die｛AD5R560032G20-SHYA｝,33999,,
6,記憶體 RAM,伺服器專用記憶體 DDR5 RDIMM,214,威剛64G 5600MT/s D5 ECC Reg CL46 DIMM 2R*4 Hynix A die｛AD5R560064G40-SHYA｝,81999,,
6,記憶體 RAM,伺服器專用記憶體 DDR4 RDIMM,216,金士頓32GB 3200MHz D4 ECC Reg CL22 DIMM 2R*8 Hynix C Rambus｛KSM32RD8/32HD｝,15200,,
6,記憶體 RAM,伺服器專用記憶體 DDR4 RDIMM,217,金士頓64GB 3200MHz D4 ECC Reg CL22 DIMM 2R*4 Hynix C Rambus｛KSM32RD4/64HCR｝,22900,,
7,固態硬碟 M.2｜SSD,2.5吋 SATA3 SSD固態硬碟,2,｛UMAX S330 240GB｝/2.5吋/讀520/寫450/3D NAND Flash【三年保】,1399,,
7,固態硬碟 M.2｜SSD,2.5吋 SATA3 SSD固態硬碟,3,｛UMAX S330 480GB｝/2.5吋/讀560/寫450/3D NAND Flash【三年保】,2400,,熱賣
7,固態硬碟 M.2｜SSD,2.5吋 SATA3 SSD固態硬碟,4,｛威剛 Ultimate SU650 240G｝/2.5吋/讀520/寫450/TLC顆粒【三年保】,1799,,
7,固態硬碟 M.2｜SSD,2.5吋 SATA3 SSD固態硬碟,5,｛威剛 Ultimate SU650 480G｝/2.5吋/讀520/寫450/TLC顆粒【三年保】,2699,,
7,固態硬碟 M.2｜SSD,2.5吋 SATA3 SSD固態硬碟,6,｛金士頓 A400 240G｝/2.5吋/讀500/寫350/TLC顆粒【三年保】,1880,,
7,固態硬碟 M.2｜SSD,2.5吋 SATA3 SSD固態硬碟,7,｛金士頓 A400 480G｝/2.5吋/讀500/寫450/TLC顆粒【三年保】,3400,,
7,固態硬碟 M.2｜SSD,2.5吋 SATA3 SSD固態硬碟,8,｛金士頓 A400 960G｝/2.5吋/讀500/寫450/TLC顆粒【三年保】,5600,,
7,固態硬碟 M.2｜SSD,2.5吋 SATA3 SSD固態硬碟,9,｛金士頓 SKC600 256G｝/2.5吋/讀550/寫500/SMI/3D TLC【五年保】,3100,,
7,固態硬碟 M.2｜SSD,2.5吋 SATA3 SSD固態硬碟,10,｛金士頓 SKC600 256G｝/2.5吋/讀550/寫500/SMI/3D TLC【五年保】~搭機價~,2888,,
7,固態硬碟 M.2｜SSD,2.5吋 SATA3 SSD固態硬碟,11,｛金士頓 SKC600 512G｝/2.5吋/讀550/寫520/SMI/3D TLC【五年保】,4700,,
7,固態硬碟 M.2｜SSD,2.5吋 SATA3 SSD固態硬碟,12,｛金士頓 SKC600 512G｝/2.5吋/讀550/寫520/SMI/3D TLC【五年保】~搭機價~,4450,,
7,固態硬碟 M.2｜SSD,2.5吋 SATA3 SSD固態硬碟,13,｛金士頓 SKC600 1024G｝/2.5吋/讀550/寫520/SMI/3D TLC【五年保】,8300,,
7,固態硬碟 M.2｜SSD,2.5吋 SATA3 SSD固態硬碟,14,｛金士頓 SKC600 1024G｝/2.5吋/讀550/寫520/SMI/3D TLC【五年保】~搭機價~,7550,,
7,固態硬碟 M.2｜SSD,2.5吋 SATA3 SSD固態硬碟,15,｛金士頓 SKC600 2048G｝/2.5吋/讀550/寫520/SMI/3D TLC【五年保】,15800,,
7,固態硬碟 M.2｜SSD,2.5吋 SATA3 SSD固態硬碟,16,｛金士頓 SKC600 2048G｝/2.5吋/讀550/寫520/SMI/3D TLC【五年保】~搭機價~,14500,,
7,固態硬碟 M.2｜SSD,2.5吋 SATA3 SSD固態硬碟,17,｛致態 ZhiTai 致態小翼 S001 500GB｝/2.5吋/SATA 3/讀550/寫500【三年保】~送手機掛繩~,2699,,
7,固態硬碟 M.2｜SSD,2.5吋 SATA3 SSD固態硬碟,18,｛致態 ZhiTai 致態小翼 S001 1TB｝/2.5吋/SATA 3/讀550/寫500【三年保】~送手機掛繩~,4499,,
7,固態硬碟 M.2｜SSD,2.5吋 SATA3 SSD固態硬碟,20,｛十銓 T-Force Vulcan Z 火神Z 256G｝/2.5吋/讀520/寫450/3D NAND/TLC【三年保】,1790,,
7,固態硬碟 M.2｜SSD,2.5吋 SATA3 SSD固態硬碟,21,宏碁｛Acer RE100 256GB｝/2.5吋/讀562/寫528/TLC【五年保】,1790,,
7,固態硬碟 M.2｜SSD,2.5吋 SATA3 SSD固態硬碟,22,宏碁｛Acer RE100 512GB｝/2.5吋/讀562/寫529/TLC【五年保】,2650,,
7,固態硬碟 M.2｜SSD,2.5吋 SATA3 SSD固態硬碟,23,宏碁｛Acer RE100 1TB｝/2.5吋/讀557/寫515/TLC【五年保】,4390,,
7,固態硬碟 M.2｜SSD,2.5吋 SATA3 SSD固態硬碟,24,宏碁｛Acer RE100 2TB｝/2.5吋/讀557/寫515/TLC【五年保】,8490,,
7,固態硬碟 M.2｜SSD,2.5吋 SATA3 SSD固態硬碟,25,美光 Micron Crucial｛BX500 240G｝/2.5吋讀540/寫500/TLC【三年保】,1709,,
7,固態硬碟 M.2｜SSD,2.5吋 SATA3 SSD固態硬碟,26,美光 Micron Crucial｛BX500 1TB｝/2.5吋/讀540/寫500/TLC【三年保】限組裝~,4500,,限組裝
7,固態硬碟 M.2｜SSD,2.5吋 SATA3 SSD固態硬碟,27,美光 Micron Crucial｛BX500 4TB｝/2.5吋/讀540/寫500M/TLC【三年保】,14700,,
7,固態硬碟 M.2｜SSD,2.5吋 SATA3 SSD固態硬碟,28,WD Blue｛SA510 500GB｝(藍標)/2.5吋/讀560/寫530/3D TLC顆粒【五年保】,4200,,
7,固態硬碟 M.2｜SSD,2.5吋 SATA3 SSD固態硬碟,29,WD Blue｛SA510 1TB｝(藍標)/2.5吋/讀560/寫520/3D TLC顆粒【五年保】,7400,,
7,固態硬碟 M.2｜SSD,2.5吋 SATA3 SSD固態硬碟,30,WD Blue｛SA510 4TB｝(藍標)/2.5吋/讀560/寫520/3D TLC顆粒【五年保】,28800,,
7,固態硬碟 M.2｜SSD,2.5吋 SATA3 SSD固態硬碟,31,三星 Samsung｛870 EVO 500G｝/2.5吋/讀560/寫530/TLC【五年保】,7499,,
7,固態硬碟 M.2｜SSD,2.5吋 SATA3 SSD固態硬碟,32,三星 Samsung｛870 EVO 1TB｝/2.5吋/讀560/寫530/TLC【五年保】,10999,,
7,固態硬碟 M.2｜SSD,2.5吋 SATA3 SSD固態硬碟,33,三星 Samsung｛870 EVO 2TB｝/2.5吋/讀560/寫530/TLC【五年保】,23699,,
7,固態硬碟 M.2｜SSD,2.5吋 SATA3 SSD固態硬碟,34,三星 Samsung｛870 EVO 4TB｝/2.5吋/讀560/寫530/TLC【五年保】,47899,,
7,固態硬碟 M.2｜SSD,2.5吋 SATA3 SSD固態硬碟,35,三星 Samsung｛870 EVO 8TB｝/2.5吋/讀560/寫530/TLC【五年保】,116999,,
7,固態硬碟 M.2｜SSD,2.5吋 SATA3 SSD固態硬碟,36,三星 Samsung｛870 QVO 8TB｝/2.5吋/讀:560/寫:530/QLC【三年保】,56999,,
7,固態硬碟 M.2｜SSD,M.2 PCIe 5.0 (Gen5) SSD固態硬碟,38,鎧俠｛KIOXIA EXCERIA G3 1TB｝PCIe 5.0 讀10000/寫8900/QLC【五年保】,6450,,
7,固態硬碟 M.2｜SSD,M.2 PCIe 5.0 (Gen5) SSD固態硬碟,39,鎧俠｛KIOXIA EXCERIA G3 2TB｝PCIe 5.0 讀10000/寫9600/QLC【五年保】,11900,,
7,固態硬碟 M.2｜SSD,M.2 PCIe 5.0 (Gen5) SSD固態硬碟,40,鎧俠｛KIOXIA EXCERIA PLUS G4 2TB｝GEN5 PCIe 5.0 讀10000/寫8200/TLC【五年保】,10300,,
7,固態硬碟 M.2｜SSD,M.2 PCIe 5.0 (Gen5) SSD固態硬碟,41,鎧俠｛KIOXIA EXCERIA PRO G2 1TB｝GEN5 PCIe 5.0 讀14400/寫12700/QLC【五年保】,11300,,
7,固態硬碟 M.2｜SSD,M.2 PCIe 5.0 (Gen5) SSD固態硬碟,42,鎧俠｛KIOXIA EXCERIA PRO G2 2TB｝GEN5 PCIe 5.0 讀14900/寫13400/QLC【五年保】,19800,,
7,固態硬碟 M.2｜SSD,M.2 PCIe 5.0 (Gen5) SSD固態硬碟,43,威剛｛XPG MARS 980Blade 1TB｝/Gen5/讀14000/寫10000/SM2508台積電6nm製程-五年,7299,,熱賣
7,固態硬碟 M.2｜SSD,M.2 PCIe 5.0 (Gen5) SSD固態硬碟,44,威剛｛XPG MARS 980Blade 2TB｝/Gen5/讀14000/寫13000/SM2508台積電6nm製程-五年,12999,,熱賣
7,固態硬碟 M.2｜SSD,M.2 PCIe 5.0 (Gen5) SSD固態硬碟,45,威剛｛XPG MARS 980Blade 4TB｝/Gen5/讀14000/寫13000/SM2508台積電6nm製程-五年,23999,,
7,固態硬碟 M.2｜SSD,M.2 PCIe 5.0 (Gen5) SSD固態硬碟,46,｛Biwin 佰維 X570 1TB｝/Gen5/讀14000M/寫7300M/TLC 單面設計 【五年保】,5999,,
7,固態硬碟 M.2｜SSD,M.2 PCIe 5.0 (Gen5) SSD固態硬碟,47,｛Biwin 佰維 X570 2TB｝/Gen5/讀14500M/寫10000M/TLC 單面設計 【五年保】,11399,,熱賣
7,固態硬碟 M.2｜SSD,M.2 PCIe 5.0 (Gen5) SSD固態硬碟,48,｛Biwin 佰維 X570 4TB｝/Gen5/讀14500M/寫11000M/TLC 單面設計 【五年保】,19999,,
7,固態硬碟 M.2｜SSD,M.2 PCIe 5.0 (Gen5) SSD固態硬碟,49,｛Biwin 佰維X570 PRO 1TB｝/Gen5/讀14000M/寫10500M/TLC/SMI/TSMC 6nm/DRAM-五年,7199,,熱賣
7,固態硬碟 M.2｜SSD,M.2 PCIe 5.0 (Gen5) SSD固態硬碟,50,｛Biwin 佰維X570 PRO 2TB｝/Gen5/讀14000M/寫13000M/TLC/SMI/TSMC 6nm/DRAM-五年,12599,,熱賣
7,固態硬碟 M.2｜SSD,M.2 PCIe 5.0 (Gen5) SSD固態硬碟,51,宏碁｛Acer Predator GM9 1TB｝/Gen5/讀14000/寫7300/TLC 單面設計 【五年保】,6999,,
7,固態硬碟 M.2｜SSD,M.2 PCIe 5.0 (Gen5) SSD固態硬碟,52,宏碁｛Acer Predator GM9 2TB｝/Gen5/讀14500M/寫10000/TLC 單面設計 【五年保】,11699,,
7,固態硬碟 M.2｜SSD,M.2 PCIe 5.0 (Gen5) SSD固態硬碟,53,宏碁｛Acer Predator GM9000 1TB｝/Gen5/讀14000/寫10500/TLC/SMI/TSMC 6nm【五年】,7699,,
7,固態硬碟 M.2｜SSD,M.2 PCIe 5.0 (Gen5) SSD固態硬碟,54,｛金士頓 FURY Renegade G5 1TB｝/讀14200/寫11000/TLC/DRAM快取【五年保】,13000,,
7,固態硬碟 M.2｜SSD,M.2 PCIe 5.0 (Gen5) SSD固態硬碟,55,｛金士頓 FURY Renegade G5 2TB｝/讀14700/寫14000/TLC/DRAM快取【五年保】,18800,,熱賣
7,固態硬碟 M.2｜SSD,M.2 PCIe 5.0 (Gen5) SSD固態硬碟,56,｛金士頓 FURY Renegade G5 4TB｝/讀14800/寫14000/TLC/DRAM快取【五年保】,33800,,
7,固態硬碟 M.2｜SSD,M.2 PCIe 5.0 (Gen5) SSD固態硬碟,57,｛致態 ZhiTai TiPlus 9100 1TB｝/Gen5/PCIe 5.0/讀12000/寫10700/TLC【五年保】~送手機掛繩~,6099,,熱賣
7,固態硬碟 M.2｜SSD,M.2 PCIe 5.0 (Gen5) SSD固態硬碟,58,｛致態 ZhiTai TiPlus 9100 2TB｝/Gen5/PCIe 5.0/讀12000/寫10700/TLC【五年保】~送手機掛繩~,9699,,
7,固態硬碟 M.2｜SSD,M.2 PCIe 5.0 (Gen5) SSD固態硬碟,59,｛致態 ZhiTai TiPlus 9100 4TB｝/Gen5/PCIe 5.0/讀12000/寫10700/TLC【五年保】~送手機掛繩~,18599,,
7,固態硬碟 M.2｜SSD,M.2 PCIe 5.0 (Gen5) SSD固態硬碟,60,｛致態ZhiTai TiPro9000 1TB｝/Gen5/讀14000/寫12500/DRAM/TLC/可拆式散熱片~送手機掛繩~,6699,,
7,固態硬碟 M.2｜SSD,M.2 PCIe 5.0 (Gen5) SSD固態硬碟,61,｛致態ZhiTai TiPro9000 2TB｝/Gen5/讀14000/寫12500/DRAM/TLC/可拆式散熱片~送手機掛繩~,12599,,
7,固態硬碟 M.2｜SSD,M.2 PCIe 5.0 (Gen5) SSD固態硬碟,62,｛致態ZhiTai TiPro9000 4TB｝/Gen5/讀14000/寫12500/DRAM/TLC/可拆式散熱片~送手機掛繩~,20999,,
7,固態硬碟 M.2｜SSD,M.2 PCIe 5.0 (Gen5) SSD固態硬碟,63,｛WD 黑標 SN8100 2TB/Gen5 PCIe 5.0/讀14900/寫14000/TLC【五年保】,20500,,
7,固態硬碟 M.2｜SSD,M.2 PCIe 5.0 (Gen5) SSD固態硬碟,64,美光 Micron Crucial｛P510 2TB｝Gen5 PCIe 5.0 讀11000/寫9500/TLC【五年保】,9500,,
7,固態硬碟 M.2｜SSD,M.2 PCIe 5.0 (Gen5) SSD固態硬碟,65,美光 Micron Crucial｛P510 1TB｝含散熱片 Gen5 PCIe 5.0 讀11000/寫9500/TLC【五年保】,6179,,
7,固態硬碟 M.2｜SSD,M.2 PCIe 5.0 (Gen5) SSD固態硬碟,66,美光 Micron Crucial｛P510 2TB｝含散熱片 Gen5 PCIe 5.0 讀11000/寫9500/TLC【五年保】,10369,,
7,固態硬碟 M.2｜SSD,M.2 PCIe 5.0 (Gen5) SSD固態硬碟,67,美光 Micron Crucial｛T705 1TB｝Gen5 PCIe 5.0 讀13600/寫10200/TLC【五年保】,6750,,
7,固態硬碟 M.2｜SSD,M.2 PCIe 5.0 (Gen5) SSD固態硬碟,68,美光 Micron Crucial｛T705 2TB｝Gen5 PCIe 5.0 讀14500/寫12700/TLC【五年保】,11700,,
7,固態硬碟 M.2｜SSD,M.2 PCIe 5.0 (Gen5) SSD固態硬碟,69,美光 Micron Crucial｛T705 4TB｝Gen5 PCIe 5.0 讀14100/寫12600/TLC【五年保】,21300,,
7,固態硬碟 M.2｜SSD,M.2 PCIe 5.0 (Gen5) SSD固態硬碟,70,美光 Micron Crucial｛T705 1TB｝含散熱片 Gen5 PCIe 5.0 讀13000/寫10200/TLC【五年保】,6750,,
7,固態硬碟 M.2｜SSD,M.2 PCIe 5.0 (Gen5) SSD固態硬碟,71,美光 Micron Crucial｛T705 2TB｝含散熱片 Gen5 PCIe 5.0 讀14500/寫12700/TLC【五年保】,11700,,
7,固態硬碟 M.2｜SSD,M.2 PCIe 5.0 (Gen5) SSD固態硬碟,72,美光 Micron Crucial｛T705 4TB｝含散熱片 Gen5 PCIe 5.0 讀14100/寫12600/TLC【五年保】,21300,,熱賣
7,固態硬碟 M.2｜SSD,M.2 PCIe 5.0 (Gen5) SSD固態硬碟,73,美光 Micron Crucial｛T710 1TB｝Gen5 PCIe 5.0 讀14900/寫13700/TLC【五年保】,7800,,
7,固態硬碟 M.2｜SSD,M.2 PCIe 5.0 (Gen5) SSD固態硬碟,74,美光 Micron Crucial｛T710 4TB｝Gen5 PCIe 5.0 讀14500/寫13800/TLC【五年保】,22200,,熱賣
7,固態硬碟 M.2｜SSD,M.2 PCIe 5.0 (Gen5) SSD固態硬碟,75,美光 Micron Crucial｛T710 1TB｝含散熱片 Gen5 PCIe 5.0 讀14900/寫13700/TLC【五年】,7800,,
7,固態硬碟 M.2｜SSD,M.2 PCIe 5.0 (Gen5) SSD固態硬碟,76,美光 Micron Crucial｛T710 2TB｝含散熱片 Gen5 PCIe 5.0 讀14500/寫13800/TLC【五年】,12700,,
7,固態硬碟 M.2｜SSD,M.2 PCIe 5.0 (Gen5) SSD固態硬碟,77,美光 Micron Crucial｛T710 4TB｝含散熱片 Gen5 PCIe 5.0 讀14500/寫13800/TLC【五年保】,22200,,熱賣
7,固態硬碟 M.2｜SSD,M.2 PCIe 5.0 (Gen5) SSD固態硬碟,79,十銓 T-Force GC PRO(石墨烯)4TB/Gen5 讀12500M/寫11000/DRAM快取【五年保】,17880,,
7,固態硬碟 M.2｜SSD,M.2 PCIe 5.0 (Gen5) SSD固態硬碟,80,十銓｛T-ForceZ540黑武士(石墨烯)2TB｝/Gen5/讀12400/寫11800/DRAM快取【五年保】,10900,,
7,固態硬碟 M.2｜SSD,M.2 PCIe 5.0 (Gen5) SSD固態硬碟,81,微星｛SPATIUM M560 1TB｝/Gen5/讀10200/寫8400/TLC【五年保】,8390,,
7,固態硬碟 M.2｜SSD,M.2 PCIe 5.0 (Gen5) SSD固態硬碟,82,微星｛SPATIUM M560 2TB｝/Gen5/讀10300/寫8700/TLC【五年保】,13200,,
7,固態硬碟 M.2｜SSD,M.2 PCIe 5.0 (Gen5) SSD固態硬碟,83,三星 Samsung｛9100 PRO 1TB｝/PCIe 5.0 x4/讀14700/寫13300/TLC【五年保】,9999,,
7,固態硬碟 M.2｜SSD,M.2 PCIe 5.0 (Gen5) SSD固態硬碟,84,三星 Samsung｛9100 PRO 2TB｝/PCIe 5.0 x4/讀14700/寫13400/TLC【五年保】,19999,,
7,固態硬碟 M.2｜SSD,M.2 PCIe 5.0 (Gen5) SSD固態硬碟,85,三星 Samsung｛9100 PRO 4TB｝/PCIe 5.0 x4/讀14800/寫13400/TLC【五年保】,34999,,
7,固態硬碟 M.2｜SSD,M.2 PCIe 5.0 (Gen5) SSD固態硬碟,86,三星 Samsung｛9100 PRO 8TB｝/PCIe 5.0 x4/讀14800/寫13400/TLC【五年保】,79999,,
7,固態硬碟 M.2｜SSD,M.2 PCIe 5.0 (Gen5) SSD固態硬碟,87,三星 Samsung｛9100 PRO 1TB｝含散熱片/PCIe 5.0 x4/讀14700/寫13300/TLC【五年保】~限整機~,10499,,
7,固態硬碟 M.2｜SSD,M.2 PCIe 5.0 (Gen5) SSD固態硬碟,88,三星 Samsung｛9100 PRO 2TB｝含散熱片/PCIe 5.0 x4/讀14700/寫13400/TLC【五年保】,21499,,
7,固態硬碟 M.2｜SSD,M.2 PCIe 5.0 (Gen5) SSD固態硬碟,89,三星 Samsung｛9100 PRO 4TB｝含散熱片/PCIe 5.0 x4/讀14800/寫13400/TLC【五年保】,28599,,
7,固態硬碟 M.2｜SSD,M.2 PCIe 5.0 (Gen5) SSD固態硬碟,90,三星 Samsung｛9100 PRO 8TB｝含散熱片/PCIe 5.0 x4/讀14800/寫13400/TLC【五年保】,80599,,
7,固態硬碟 M.2｜SSD,M.2 PCIe 4.0 (Gen4) SSD固態硬碟,92,鎧俠｛KIOXIA EXCERIA PLUS G3 2TB｝PCIe 4.0 讀5000/寫3900/TLC【五年保】,9999,,
7,固態硬碟 M.2｜SSD,M.2 PCIe 4.0 (Gen4) SSD固態硬碟,93,鎧俠｛KIOXIA EXCERIA BASIC 1TB｝PCIe 4.0 讀7200/寫6600/QLC【五年保】,6100,,
7,固態硬碟 M.2｜SSD,M.2 PCIe 4.0 (Gen4) SSD固態硬碟,94,鎧俠｛KIOXIA EXCERIA BASIC 2TB｝PCIe 4.0 讀7300/寫6800/QLC【五年保】,10300,,
7,固態硬碟 M.2｜SSD,M.2 PCIe 4.0 (Gen4) SSD固態硬碟,95,威剛｛ADATA LEGEND 860 500GB｝/Gen4/讀5000/寫3000(單面設計)【五年保】,3199,,
7,固態硬碟 M.2｜SSD,M.2 PCIe 4.0 (Gen4) SSD固態硬碟,96,威剛｛ADATA LEGEND 860 1TB｝/Gen4/讀6000/寫4000(單面設計)【五年保】,5299,,熱賣
7,固態硬碟 M.2｜SSD,M.2 PCIe 4.0 (Gen4) SSD固態硬碟,97,威剛｛ADATA LEGEND 860 2TB｝/Gen4/讀6000/寫:5000(單面設計)【五年保】,9299,,熱賣
7,固態硬碟 M.2｜SSD,M.2 PCIe 4.0 (Gen4) SSD固態硬碟,98,威剛｛ADATA LEGEND 900 512GB｝/Gen4/讀6200/寫2300(單面設計)贈散熱片【五年保】,3299,,
7,固態硬碟 M.2｜SSD,M.2 PCIe 4.0 (Gen4) SSD固態硬碟,99,威剛｛ADATA LEGEND 900 1TB｝/Gen4/讀7000/寫4700(單面設計)贈散熱片【五年保】,5399,,熱賣
7,固態硬碟 M.2｜SSD,M.2 PCIe 4.0 (Gen4) SSD固態硬碟,100,威剛｛ADATA LEGEND 900 2TB｝/Gen4/讀7000/寫5400(單面設計)贈散熱片【五年保】,9549,,
7,固態硬碟 M.2｜SSD,M.2 PCIe 4.0 (Gen4) SSD固態硬碟,101,威剛｛XPG S70 BLADE 512G｝/Gen4/讀7200/寫2600/ DRAM快取/贈散熱片【五年保】,3999,,
7,固態硬碟 M.2｜SSD,M.2 PCIe 4.0 (Gen4) SSD固態硬碟,102,威剛｛XPG S70 BLADE 1T｝/Gen4/讀7400/寫5500/ DRAM快取/贈散熱片【五年保】,6099,,
7,固態硬碟 M.2｜SSD,M.2 PCIe 4.0 (Gen4) SSD固態硬碟,103,威剛｛XPG S70 BLADE 2T｝/Gen4/讀7400/寫6400/ DRAM快取/贈散熱片【五年保】,11199,,熱賣
7,固態硬碟 M.2｜SSD,M.2 PCIe 4.0 (Gen4) SSD固態硬碟,104,宏碁｛Acer FA200 2TB｝/Gen4 /讀7200/寫6200/QLC顆粒【五年保】,9299,,熱賣
7,固態硬碟 M.2｜SSD,M.2 PCIe 4.0 (Gen4) SSD固態硬碟,105,宏碁｛Acer FA200 4TB｝/Gen4 /讀7100/6100/QLC顆粒【五年保】,17999,,
7,固態硬碟 M.2｜SSD,M.2 PCIe 4.0 (Gen4) SSD固態硬碟,106,宏碁｛Acer Predator GM7 512GB｝/Gen4/讀7200/寫3800/TLC/(單面設計)【五年保】,3199,,
7,固態硬碟 M.2｜SSD,M.2 PCIe 4.0 (Gen4) SSD固態硬碟,107,宏碁｛Acer Predator GM7 1TB｝/Gen4/讀7200/寫6300/TLC/(單面設計)【五年保】,5599,,熱賣
7,固態硬碟 M.2｜SSD,M.2 PCIe 4.0 (Gen4) SSD固態硬碟,108,宏碁｛Acer Predator GM7 2TB｝/Gen4/讀7200/寫6300/TLC/(單面設計)【五年保】,11099,,熱賣
7,固態硬碟 M.2｜SSD,M.2 PCIe 4.0 (Gen4) SSD固態硬碟,109,宏碁｛Acer Predator GM7 4TB｝/Gen4/讀7400/寫6500/TLC/(單面設計)【五年保】,18799,,
7,固態硬碟 M.2｜SSD,M.2 PCIe 4.0 (Gen4) SSD固態硬碟,110,宏碁｛Acer Predator GM7000 2TB｝/Gen4/讀7400/寫6700/DRAM/美光顆粒【五年保】,10690,,熱賣
7,固態硬碟 M.2｜SSD,M.2 PCIe 4.0 (Gen4) SSD固態硬碟,111,宏碁｛Acer Predator GM7000 4TB｝/Gen4/讀7400/寫6700/DRAM/美光顆粒【五年保】少量,23690,,
7,固態硬碟 M.2｜SSD,M.2 PCIe 4.0 (Gen4) SSD固態硬碟,112,｛Biwin 佰維 M350 4TB｝/Gen4/讀6000/寫5000/石墨烯散熱片 【五年保】,14990,,熱賣
7,固態硬碟 M.2｜SSD,M.2 PCIe 4.0 (Gen4) SSD固態硬碟,113,｛Biwin 佰維 NV7400 1TB｝/Gen4/讀7400/寫6500/TLC 單面設計 【五年保】,5399,,熱賣
7,固態硬碟 M.2｜SSD,M.2 PCIe 4.0 (Gen4) SSD固態硬碟,114,｛Biwin 佰維 NV7400 2TB｝/Gen4/讀7450/寫6500/TLC 單面設計 【五年保】,10899,,熱賣
7,固態硬碟 M.2｜SSD,M.2 PCIe 4.0 (Gen4) SSD固態硬碟,115,｛Biwin 佰維 NV7400 4TB｝/Gen4/讀7400/寫6500MTLC 單面設計 【五年保】,18299,,
7,固態硬碟 M.2｜SSD,M.2 PCIe 4.0 (Gen4) SSD固態硬碟,116,｛致態小翼e7 500GB｝/Gen4/PCIe 4.0/讀5500/寫4000/QLC【五年保】~送手機掛繩~,2799,,
7,固態硬碟 M.2｜SSD,M.2 PCIe 4.0 (Gen4) SSD固態硬碟,117,｛致態小翼e7 1TB｝/Gen4/PCIe 4.0/讀6000/寫5500/QLC【五年保】~送手機掛繩~,4799,,
7,固態硬碟 M.2｜SSD,M.2 PCIe 4.0 (Gen4) SSD固態硬碟,118,｛致態 ZhiTai Ti600 500G｝/Gen4/PCIe 4.0/讀6000/寫3000/QLC【五年保】~送手機掛繩~,2999,,
7,固態硬碟 M.2｜SSD,M.2 PCIe 4.0 (Gen4) SSD固態硬碟,119,｛致態 ZhiTai Ti600 1TB｝/Gen4/PCIe 4.0/讀7000/寫6000/QLC【五年保】~送手機掛繩~,4999,,熱賣
7,固態硬碟 M.2｜SSD,M.2 PCIe 4.0 (Gen4) SSD固態硬碟,120,｛致態 ZhiTai Ti600 2TB｝/Gen4/PCIe 4.0/讀7000/寫6000/QLC【五年保】~送手機掛繩~,7999,,熱賣
7,固態硬碟 M.2｜SSD,M.2 PCIe 4.0 (Gen4) SSD固態硬碟,121,｛致態 ZhiTai Ti600 4TB｝/Gen4/PCIe 4.0/讀7000/寫6000/QLC【五年保】~送手機掛繩~,14999,,
7,固態硬碟 M.2｜SSD,M.2 PCIe 4.0 (Gen4) SSD固態硬碟,122,｛致態 ZhiTai TiPlus7100s 1TB｝/Gen4/PCIe 4.0/讀7400/寫6900/TLC【五年保】~送手機掛繩~,5399,,熱賣
7,固態硬碟 M.2｜SSD,M.2 PCIe 4.0 (Gen4) SSD固態硬碟,123,｛致態 ZhiTai TiPlus7100s 2TB｝/Gen4/PCIe 4.0/讀7400/寫6900/TLC【五年保】~送手機掛繩~,9399,,
7,固態硬碟 M.2｜SSD,M.2 PCIe 4.0 (Gen4) SSD固態硬碟,124,｛致態 ZhiTai TiPlus7100s 4TB｝/Gen4/PCIe 4.0/讀7400/寫6900/TLC【五年保】~送手機掛繩~,17999,,
7,固態硬碟 M.2｜SSD,M.2 PCIe 4.0 (Gen4) SSD固態硬碟,125,｛KLEVV CRAS C930 2TB｝/Gen4 PCIe 4.0/讀7400/寫6800 DRAM快取鰭狀鋁散熱片【五年】,11088,,
7,固態硬碟 M.2｜SSD,M.2 PCIe 4.0 (Gen4) SSD固態硬碟,126,MSI 微星｛M470PRO 1TB｝/Gen4/讀6000/寫4500/QLC顆粒【五年保】,7590,,
7,固態硬碟 M.2｜SSD,M.2 PCIe 4.0 (Gen4) SSD固態硬碟,127,MSI 微星｛M470PRO 2TB｝/Gen4/讀6000/寫5000/QLC顆粒,11690,,
7,固態硬碟 M.2｜SSD,M.2 PCIe 4.0 (Gen4) SSD固態硬碟,128,MSI 微星｛M480PRO 1TB｝/Gen4/讀7400M寫6000/3D TLC顆粒/DRAM快取【五年保】,8190,,
7,固態硬碟 M.2｜SSD,M.2 PCIe 4.0 (Gen4) SSD固態硬碟,129,MSI 微星｛M480PRO 2TB｝/Gen4/讀7400/寫7000/3D TLC顆粒/DRAM快取【五年保】,12490,,
7,固態硬碟 M.2｜SSD,M.2 PCIe 4.0 (Gen4) SSD固態硬碟,130,MSI 微星｛M480PRO 4TB｝/Gen4/讀7400/寫7000/3D TLC顆粒/DRAM快取【五年保】,23690,,
7,固態硬碟 M.2｜SSD,M.2 PCIe 4.0 (Gen4) SSD固態硬碟,131,WD 藍標｛SN5100 500GB｝/Gen4 PCIe 4.0/讀7100/寫6700/QLC【五年保】,3700,,
7,固態硬碟 M.2｜SSD,M.2 PCIe 4.0 (Gen4) SSD固態硬碟,132,WD 藍標｛SN5100 1TB｝/Gen4 PCIe 4.0/讀7100/寫6700/QLC【五年保】,6780,,
7,固態硬碟 M.2｜SSD,M.2 PCIe 4.0 (Gen4) SSD固態硬碟,133,WD 藍標｛SN5100 1TB｝/Gen4 PCIe 4.0/讀7100/寫6700/QLC【五年保】~組裝價~,4990,,熱賣 組裝價
7,固態硬碟 M.2｜SSD,M.2 PCIe 4.0 (Gen4) SSD固態硬碟,134,WD 黑標｛SN850X 1TB｝/Gen4 PCIe 4.0/讀7300/寫6300/TLC/電競級【五年保】,9999,,
7,固態硬碟 M.2｜SSD,M.2 PCIe 4.0 (Gen4) SSD固態硬碟,135,WD 黑標｛SN850X 2TB｝/Gen4 PCIe 4.0/讀7300/寫6600/TLC/電競級【五年保】,19100,,
7,固態硬碟 M.2｜SSD,M.2 PCIe 4.0 (Gen4) SSD固態硬碟,136,WD 黑標｛SN850X 2TB｝/含散熱片/Gen4 PCIe 4.0/讀7300/寫6600/TLC【五年保】,19700,,
7,固態硬碟 M.2｜SSD,M.2 PCIe 4.0 (Gen4) SSD固態硬碟,137,｛金士頓 NV3 500G｝/Gen4 PCIe 4.0/讀5000/寫3000【五年保】,3200,,
7,固態硬碟 M.2｜SSD,M.2 PCIe 4.0 (Gen4) SSD固態硬碟,138,｛金士頓 NV3 1TB｝/Gen4 PCIe 4.0/讀6000/寫4000【五年保】,5100,,熱賣
7,固態硬碟 M.2｜SSD,M.2 PCIe 4.0 (Gen4) SSD固態硬碟,139,｛金士頓 NV3 2TB｝/Gen4 PCIe 4.0/讀6000/寫5000【五年保】,9390,,
7,固態硬碟 M.2｜SSD,M.2 PCIe 4.0 (Gen4) SSD固態硬碟,140,｛金士頓 NV3 4TB｝/Gen4 PCIe 4.0/讀6000/寫5000【五年保】,18800,,
7,固態硬碟 M.2｜SSD,M.2 PCIe 4.0 (Gen4) SSD固態硬碟,141,｛金士頓 NV3 4TB｝/Gen4 PCIe 4.0/讀6000/寫5000【五年保】~組裝價~,16800,,組裝價
7,固態硬碟 M.2｜SSD,M.2 PCIe 4.0 (Gen4) SSD固態硬碟,142,｛金士頓 KC3000 512G｝/Gen4 PCIe 4.0/讀7000/寫3900/TLC【五年保】,4100,,
7,固態硬碟 M.2｜SSD,M.2 PCIe 4.0 (Gen4) SSD固態硬碟,143,｛金士頓 KC3000 1TB｝/Gen4 PCIe 4.0/讀7000/寫6000/TLC【五年保】,6488,,
7,固態硬碟 M.2｜SSD,M.2 PCIe 4.0 (Gen4) SSD固態硬碟,144,｛金士頓 KC3000 2TB｝/Gen4 PCIe 4.0/讀7000/寫7000/TLC【五年保】,11000,,
7,固態硬碟 M.2｜SSD,M.2 PCIe 4.0 (Gen4) SSD固態硬碟,145,｛金士頓 KC3000 4TB｝/Gen4 PCIe 4.0/讀7000/寫7000/TLC【五年保】,21600,,
7,固態硬碟 M.2｜SSD,M.2 PCIe 4.0 (Gen4) SSD固態硬碟,146,美光 Micron｛E100 2TB｝/Gen4 PCIe 4.0/讀5000/寫4500/QLC【五年保】,8190,,
7,固態硬碟 M.2｜SSD,M.2 PCIe 4.0 (Gen4) SSD固態硬碟,147,美光 Micron Crucial｛T500 4TB｝/Gen4 PCIe 4.0/讀7000/寫6900/3D TLC【五年保】,21500,,
7,固態硬碟 M.2｜SSD,M.2 PCIe 4.0 (Gen4) SSD固態硬碟,148,美光 Micron Crucial｛T500 1TB｝含散熱片/Gen4/讀7300/寫6800/3D TLC【五年保】,7229,,
7,固態硬碟 M.2｜SSD,M.2 PCIe 4.0 (Gen4) SSD固態硬碟,149,美光 Micron Crucial｛T500 2TB｝含散熱片/Gen4/讀7400/寫7000/3D TLC【五年保】,11618,,
7,固態硬碟 M.2｜SSD,M.2 PCIe 4.0 (Gen4) SSD固態硬碟,150,美光 Micron Crucial｛T500 4TB｝含散熱片/Gen4/讀7000/寫6900/3D TLC【五年保】,21900,,
7,固態硬碟 M.2｜SSD,M.2 PCIe 4.0 (Gen4) SSD固態硬碟,151,美光 Micron Crucial｛P310 2TB｝/Gen4 PCIe 4.0/讀7100/寫6000/3D QLC【五年保】,8500,,
7,固態硬碟 M.2｜SSD,M.2 PCIe 4.0 (Gen4) SSD固態硬碟,152,美光 Micron Crucial｛P310 4TB｝/Gen4 PCIe 4.0/讀7100/寫6000/3D QLC【五年保】,15800,,
7,固態硬碟 M.2｜SSD,M.2 PCIe 4.0 (Gen4) SSD固態硬碟,153,美光 Micron Crucial｛P310 2TB｝含散熱片/Gen4/讀7100/寫6000/3D QLC【五年保】,8550,,
7,固態硬碟 M.2｜SSD,M.2 PCIe 4.0 (Gen4) SSD固態硬碟,154,美光 Micron Crucial｛P310 4TB｝含散熱片/Gen4/讀7100/寫6000/3D QLC【五年保】,15800,,
7,固態硬碟 M.2｜SSD,M.2 PCIe 4.0 (Gen4) SSD固態硬碟,155,三星 Samsung｛990 EVO Plus 1TB｝/PCIe 4.0 x4/讀7150/寫6300/TLC【五年保】,7199,,
7,固態硬碟 M.2｜SSD,M.2 PCIe 4.0 (Gen4) SSD固態硬碟,156,三星 Samsung｛990 EVO Plus 2TB｝/PCIe 4.0 x4/讀7250/寫6300/TLC【五年保】,11999,,
7,固態硬碟 M.2｜SSD,M.2 PCIe 4.0 (Gen4) SSD固態硬碟,157,三星 Samsung｛990 EVO Plus 4TB｝/PCIe 4.0 x4/讀7250/寫6300/TLC【五年保】,20999,,
7,固態硬碟 M.2｜SSD,M.2 PCIe 4.0 (Gen4) SSD固態硬碟,158,三星 Samsung｛990 PRO 1TB｝/Gen4 PCIe 4.0/讀7450/寫6900/TLC【五年保】,9659,,熱賣
7,固態硬碟 M.2｜SSD,M.2 PCIe 4.0 (Gen4) SSD固態硬碟,159,三星 Samsung｛990 PRO 2TB｝/Gen4 PCIe 4.0/讀7450/寫6900/TLC【五年保】,16999,,
7,固態硬碟 M.2｜SSD,M.2 PCIe 4.0 (Gen4) SSD固態硬碟,160,三星 Samsung｛990 PRO 4TB｝/Gen4 PCIe 4.0/讀7450/寫6900/TLC【五年保】,27999,,
7,固態硬碟 M.2｜SSD,M.2 PCIe 4.0 (Gen4) SSD固態硬碟,161,三星 Samsung｛990 PRO 1TB｝含散熱片/Gen4/讀7450/寫6900/TLC【五年保】,9899,,
7,固態硬碟 M.2｜SSD,M.2 PCIe 4.0 (Gen4) SSD固態硬碟,162,三星 Samsung｛990 PRO 2TB｝含散熱片/Gen4/讀7450/寫6900/TLC【五年保】,13999,,
7,固態硬碟 M.2｜SSD,M.2 PCIe 4.0 (Gen4) SSD固態硬碟,163,三星 Samsung｛990 PRO 4TB｝含散熱片/Gen4/讀7450/寫6900/TLC【五年保】,24999,,
7,固態硬碟 M.2｜SSD,M.2 PCIe 3.0 (Gen3) SSD固態硬碟,165,威剛｛ADATA LEGEND 710 512G｝/Gen3/讀2400/寫1000/QLC/贈散熱片【三年保】,2999,,熱賣
7,固態硬碟 M.2｜SSD,M.2 PCIe 3.0 (Gen3) SSD固態硬碟,166,Biwin 佰維｛NV3500 512G｝(石墨烯散熱片/Gen3/讀3500/寫2500/TLC【五年保】,2699,,熱賣
7,固態硬碟 M.2｜SSD,M.2 PCIe 3.0 (Gen3) SSD固態硬碟,167,Biwin 佰維｛NV3500 1TB｝(石墨烯散熱片/Gen3/讀3500/寫2500/TLC【五年保】,4499,,
7,固態硬碟 M.2｜SSD,M.2 2230 PCIe 4.0 (Gen4) SSD固態硬碟,169,｛金士頓 NV3SM 500G｝/Cen4 PCIe 4.0/ 讀5000/寫3000【五年保】/ M.2 2230,4500,,
7,固態硬碟 M.2｜SSD,M.2 2230 PCIe 4.0 (Gen4) SSD固態硬碟,170,｛金士頓 NV3SM 1TB｝/Cen4 PCIe 4.0/ 讀:6000/寫:4000【五年保】/ M.2 2230,6888,,
7,固態硬碟 M.2｜SSD,M.2 2230 PCIe 4.0 (Gen4) SSD固態硬碟,171,｛金士頓 NV3SM 2TB｝/Cen4 PCIe 4.0/ 讀6000/寫:5000【五年保】/ M.2 2230,9999,,
7,固態硬碟 M.2｜SSD,M.2 2230 PCIe 4.0 (Gen4) SSD固態硬碟,172,｛海盜船 Corsair MP600 MINI 1TB｝Gen4/讀7000/寫6200【五年保】/ M.2 2230,7990,,
7,固態硬碟 M.2｜SSD,M.2 2230 PCIe 4.0 (Gen4) SSD固態硬碟,173,｛海盜船 Corsair MP600 MINI 2TB｝Gen4/讀7000/寫6200【五年保】/ M.2 2230,10990,,
7,固態硬碟 M.2｜SSD,M.2 2242 PCIe 4.0 (Gen4) SSD固態硬碟,175,｛海盜船 Corsair MP600 MICRO 1TB｝Gen4/讀7000/寫6200【五年保】/ M.2 2242,9990,,
7,固態硬碟 M.2｜SSD,M.2 2242 PCIe 4.0 (Gen4) SSD固態硬碟,176,｛海盜船 Corsair MP600 MICRO 2TB｝Gen4/讀7000/寫6200【五年保】/ M.2 2242,10990,,
8,2.5/3.5 傳統內接硬碟HDD,3.5吋 SATA3 傳統碟,2,Toshiba 2TB (128M/5400轉/3年保)｛DT02ABA200｝裝機版,5490,,
8,2.5/3.5 傳統內接硬碟HDD,3.5吋 SATA3 傳統碟,3,Toshiba 2TB (128M/5400轉/3年保)｛DT02ABA200｝裝機版【限搭機】,4990,,限搭機
8,2.5/3.5 傳統內接硬碟HDD,3.5吋 SATA3 傳統碟,4,Toshiba 4TB【P300系列】(128M/5400轉/3年保)｛HDWD240UZSVA｝,6790,,
8,2.5/3.5 傳統內接硬碟HDD,3.5吋 SATA3 傳統碟,5,Toshiba 4TB【X300系列】(512M/7200轉/3年保)｛HDWR740UZSVA｝【限搭機】,8890,,限搭機
8,2.5/3.5 傳統內接硬碟HDD,3.5吋 SATA3 傳統碟,6,Toshiba 6TB【X300系列】(512M/7200轉/3年保)｛HDWR760UZSVA｝【限搭機】,10990,,限搭機
8,2.5/3.5 傳統內接硬碟HDD,3.5吋 SATA3 傳統碟,7,Seagate 2TB【新梭魚】(256M/7200轉/3年保)｛ST2000DM008｝【限搭機】,4990,,限搭機
8,2.5/3.5 傳統內接硬碟HDD,3.5吋 SATA3 傳統碟,8,Seagate 4TB【新梭魚】(256M/5400轉/3年保)｛ST4000DM004｝【限搭機】,6250,,限搭機
8,2.5/3.5 傳統內接硬碟HDD,3.5吋 SATA3 傳統碟,9,Seagate 8TB【新梭魚】(256M/5400轉/3年保)｛ST8000DM004｝【限搭機】,10890,,限搭機
8,2.5/3.5 傳統內接硬碟HDD,3.5吋 SATA3 傳統碟,10,Seagate 16TB【新梭魚】(512M/7200轉/2年保)｛ST16000DM001｝【限搭機】,18890,,限搭機
8,2.5/3.5 傳統內接硬碟HDD,3.5吋 SATA3 傳統碟,11,Seagate 20TB【新梭魚】(512M/7200轉/2年保)｛ST20000DM001｝【限搭機】,23530,,限搭機
8,2.5/3.5 傳統內接硬碟HDD,3.5吋 SATA3 傳統碟,12,Seagate 24TB【新梭魚】(512M/7200轉/2年保)｛ST24000DM001｝【限搭機】,27890,,限搭機
8,2.5/3.5 傳統內接硬碟HDD,3.5吋 SATA3 傳統碟,13,WD 1TB【藍標】(64M/5400轉/3年保)｛WD10EARZ｝【限搭機】,4890,,限搭機
8,2.5/3.5 傳統內接硬碟HDD,3.5吋 SATA3 傳統碟,14,WD 2TB【藍標】(256M/7200轉/3年保)｛WD20EZBX｝【限搭機】,5890,,限搭機
8,2.5/3.5 傳統內接硬碟HDD,3.5吋 SATA3 傳統碟,15,WD 3TB【藍標】(128M/5400轉/3年保)｛WD30EZZX｝,6390,,
8,2.5/3.5 傳統內接硬碟HDD,3.5吋 SATA3 傳統碟,16,WD 4TB【藍標】(128M/5400轉/3年保)｛WD40EZZX｝【限搭機】,6890,,限搭機
8,2.5/3.5 傳統內接硬碟HDD,3.5吋 SATA3 傳統碟,17,WD 6TB【藍標】(256M/5400轉/3年保)｛WD60EZAX｝【限搭機】,9090,,限搭機
8,2.5/3.5 傳統內接硬碟HDD,3.5吋 SATA3 傳統碟,18,WD 8TB【藍標】(256M/5640轉/3年保)｛WD80EAAZ｝【限搭機】,11890,,限搭機
8,2.5/3.5 傳統內接硬碟HDD,3.5吋 SATA3 傳統碟,19,WD 10TB【藍標】(512M/7200轉/3年保)｛WD100EAGZ｝【限搭機】,14890,,限搭機
8,2.5/3.5 傳統內接硬碟HDD,3.5吋 SATA3 監控碟,21,Toshiba 2TB【S300系列】【監控型】128MB/5400轉/3年保｛HDWT720UZSVA｝,5790,,
8,2.5/3.5 傳統內接硬碟HDD,3.5吋 SATA3 監控碟,22,Toshiba 4TB【S300系列】【監控型】256MB/5400轉/3年保｛HDWT840UZSVA｝,7790,,
8,2.5/3.5 傳統內接硬碟HDD,3.5吋 SATA3 監控碟,23,Toshiba 6TB【S300系列】【監控型】256MB/5400轉/3年保｛HDWT860UZSVA｝,9790,,
8,2.5/3.5 傳統內接硬碟HDD,3.5吋 SATA3 監控碟,24,Toshiba 4TB【S300 Pro系列】【監控型】512MB/7200轉/5年保｛HDWTA40UZSVA｝,9490,,
8,2.5/3.5 傳統內接硬碟HDD,3.5吋 SATA3 監控碟,25,Toshiba 6TB【S300 Pro系列】【監控型】512MB/7200轉/5年保｛HDWTA60UZSVA｝,11390,,
8,2.5/3.5 傳統內接硬碟HDD,3.5吋 SATA3 監控碟,26,Toshiba 8TB【S300 Pro系列】【監控型】512MB/7200轉/5年保｛HDWTA80UZSVA｝,13900,,
8,2.5/3.5 傳統內接硬碟HDD,3.5吋 SATA3 監控碟,28,Seagate 4TB【監控鷹】(256M/5400轉/3年保/3年 Rescue)｛ST4000VX016｝【限搭機】,6850,,限搭機
8,2.5/3.5 傳統內接硬碟HDD,3.5吋 SATA3 監控碟,29,Seagate 6TB【監控鷹】(256M/5400轉/3年保/3年 Rescue)｛ST6000VX009｝【少量到貨】,10350,,
8,2.5/3.5 傳統內接硬碟HDD,3.5吋 SATA3 監控碟,30,Seagate 8TB【監控鷹AI】(256M/7200轉/5年保/3年 Rescue)｛ST8000VE001｝【限搭機】,13390,,限搭機
8,2.5/3.5 傳統內接硬碟HDD,3.5吋 SATA3 監控碟,31,Seagate 10TB【監控鷹AI】(256M/7200轉/5年保/3年 Rescue)｛ST10000VE001｝【限搭機】,15390,,限搭機
8,2.5/3.5 傳統內接硬碟HDD,3.5吋 SATA3 監控碟,32,Seagate 20TB【監控鷹AI】(512M/7200轉/5年保/3年 Rescue)｛ST20000VE003｝【限搭機】,27890,,限搭機
8,2.5/3.5 傳統內接硬碟HDD,3.5吋 SATA3 監控碟,33,WD 2TB【紫標】64M/5400轉/3年保｛WD23PURZ｝【限搭機】,6090,,限搭機
8,2.5/3.5 傳統內接硬碟HDD,3.5吋 SATA3 監控碟,34,WD 3TB【紫標】128M/5400轉/3年保｛WD34PURZ｝【限搭機】,6690,,限搭機
8,2.5/3.5 傳統內接硬碟HDD,3.5吋 SATA3 監控碟,35,WD 6TB【紫標】256M/5400轉/3年保｛WD64PURZ｝【限搭機】,9890,,限搭機
8,2.5/3.5 傳統內接硬碟HDD,3.5吋 SATA3 監控碟,36,WD 8TB【紫標PRO】256M/7200轉/5年保｛WD8002PURP｝【限搭機】,14290,,限搭機
8,2.5/3.5 傳統內接硬碟HDD,3.5吋 SATA3 監控碟,37,WD 10TB【紫標PRO】512M/7200轉/5年保｛WD102PURP｝【限搭機】,17490,,限搭機
8,2.5/3.5 傳統內接硬碟HDD,3.5吋 SATA3 監控碟,38,WD 12TB【紫標PRO】512M/7200轉/5年保｛WD122PURP｝【限搭機】,19890,,限搭機
8,2.5/3.5 傳統內接硬碟HDD,3.5吋 SATA3 NAS碟,40,Toshiba 4TB【NAS碟】512M/7200轉/3年保｛HDWG740AZSTC｝【限搭機】,9590,,限搭機
8,2.5/3.5 傳統內接硬碟HDD,3.5吋 SATA3 NAS碟,41,Toshiba 6TB【NAS碟】512M/7200轉/3年保｛HDWG760AZSTA｝【限搭機】,12290,,限搭機
8,2.5/3.5 傳統內接硬碟HDD,3.5吋 SATA3 NAS碟,42,Toshiba 8TB【NAS碟】512M/7200轉/3年保｛HDWG780AZSTA｝【限搭機】,14390,,限搭機
8,2.5/3.5 傳統內接硬碟HDD,3.5吋 SATA3 NAS碟,43,Toshiba 10TB【NAS碟】512M/7200轉/3年保｛HDWG71AAZSTA｝【限搭機】,16700,,熱賣 限搭機
8,2.5/3.5 傳統內接硬碟HDD,3.5吋 SATA3 NAS碟,44,Toshiba 12TB【NAS碟】512M/7200轉/3年保｛HDWG51CAZSTA｝【限搭機】,18900,,限搭機
8,2.5/3.5 傳統內接硬碟HDD,3.5吋 SATA3 NAS碟,45,Toshiba 14TB【NAS碟】512M/7200轉/3年保｛HDWG51EAZSTA｝【限搭機】,22700,,限搭機
8,2.5/3.5 傳統內接硬碟HDD,3.5吋 SATA3 NAS碟,46,Toshiba 16TB【NAS碟】512M/7200轉/3年保｛HDWG51GAZSTA｝【限搭機】,24700,,熱賣 限搭機
8,2.5/3.5 傳統內接硬碟HDD,3.5吋 SATA3 NAS碟,47,Toshiba 18TB【NAS碟】512M/7200轉/3年保｛HDWG51JAZSTA｝【限搭機】,26700,,熱賣 限搭機
8,2.5/3.5 傳統內接硬碟HDD,3.5吋 SATA3 NAS碟,48,Toshiba 20TB【NAS碟】512M/7200轉/3年保｛HDWG62AAZSTA｝【限搭機】,29700,,熱賣 限搭機
8,2.5/3.5 傳統內接硬碟HDD,3.5吋 SATA3 NAS碟,49,Toshiba 22TB【NAS碟】512M/7200轉/3年保｛HDWG62CAZSTA｝【限搭機】,33000,,限搭機
8,2.5/3.5 傳統內接硬碟HDD,3.5吋 SATA3 NAS碟,51,Seagate 2TB【那嘶狼】256M/5400轉/3年保/3年 Rescue｛ST2000VN003｝【限搭機】,5550,,限搭機
8,2.5/3.5 傳統內接硬碟HDD,3.5吋 SATA3 NAS碟,52,Seagate 4TB【那嘶狼】256M/5400轉/3年保/3年 Rescue｛ST4000VN006｝【限搭機】,6950,,限搭機
8,2.5/3.5 傳統內接硬碟HDD,3.5吋 SATA3 NAS碟,53,Seagate 6TB【那嘶狼】256M/5400轉/3年保/3年 Rescue｛ST6000VN006｝【限搭機】,10450,,限搭機
8,2.5/3.5 傳統內接硬碟HDD,3.5吋 SATA3 NAS碟,54,Seagate 8TB【那嘶狼】256M/5400轉/3年保/3年 Rescue｛ST8000VN002｝【限搭機】,11890,,熱賣 限搭機
8,2.5/3.5 傳統內接硬碟HDD,3.5吋 SATA3 NAS碟,55,Seagate 10TB【那嘶狼】256M/7200轉/3年保/3年 Rescue｛ST10000VN000｝【限搭機】,13890,,熱賣 限搭機
8,2.5/3.5 傳統內接硬碟HDD,3.5吋 SATA3 NAS碟,56,Seagate 12TB【那嘶狼】256M/7200轉/3年保3年 Rescue｛ST12000VN0008｝【限搭機】,16390,,熱賣 限搭機
8,2.5/3.5 傳統內接硬碟HDD,3.5吋 SATA3 NAS碟,57,Seagate 4TB【那嘶狼 PRO】256M/7200轉/5年保/3年 Rescue｛ST4000NT001｝【限搭機】,8450,,限搭機
8,2.5/3.5 傳統內接硬碟HDD,3.5吋 SATA3 NAS碟,58,Seagate 8TB【那嘶狼 PRO】256M/7200轉/5年保/3年 Rescue｛ST8000NT001｝【限搭機】,13390,,限搭機
8,2.5/3.5 傳統內接硬碟HDD,3.5吋 SATA3 NAS碟,59,Seagate 10TB【那嘶狼 PRO】256M/7200轉/5年保/3年 Rescue｛ST10000NT001｝【限搭機】,15390,,限搭機
8,2.5/3.5 傳統內接硬碟HDD,3.5吋 SATA3 NAS碟,60,Seagate 12TB【那嘶狼 PRO】256M/7200轉/5年保/3年 Rescue｛ST12000NT001｝【限搭機】,17890,,熱賣 限搭機
8,2.5/3.5 傳統內接硬碟HDD,3.5吋 SATA3 NAS碟,61,Seagate 16TB【那嘶狼 PRO】256M/7200轉/5年/3年 Rescue｛ST16000NT001｝【限搭機】,22890,,限搭機
8,2.5/3.5 傳統內接硬碟HDD,3.5吋 SATA3 NAS碟,62,Seagate 20TB【那嘶狼 PRO】256M/7200轉/5年/3年 Rescue｛ST20000NT001｝【限搭機】,27890,,限搭機
8,2.5/3.5 傳統內接硬碟HDD,3.5吋 SATA3 NAS碟,63,Seagate 24TB【那嘶狼 PRO】512M/7200轉/5年/3年 Rescue｛ST24000NT002｝,32890,,
8,2.5/3.5 傳統內接硬碟HDD,3.5吋 SATA3 NAS碟,64,Seagate 28TB【那嘶狼 PRO】512M/7200轉/5年/3年 Rescue｛ST28000NT000｝【限搭機】,37890,,熱賣 限搭機
8,2.5/3.5 傳統內接硬碟HDD,3.5吋 SATA3 NAS碟,65,Seagate 30TB【那嘶狼 PRO】512M/7200轉/5年/3年 Rescue｛ST30000NT011｝【限搭機】,39890,,限搭機
8,2.5/3.5 傳統內接硬碟HDD,3.5吋 SATA3 NAS碟,66,Seagate 32TB【那嘶狼 PRO】512M/7200轉/5年/3年 Rescue｛ST32000NT000｝【限搭機】,41890,,限搭機
8,2.5/3.5 傳統內接硬碟HDD,3.5吋 SATA3 NAS碟,67,WD 2TB【紅標Plus】64M/5400轉/3年保｛WD20EFPX｝,6190,,
8,2.5/3.5 傳統內接硬碟HDD,3.5吋 SATA3 NAS碟,68,WD 4TB【紅標Plus】128M/5400轉/3年保｛WD40EFZZ｝,7890,,
8,2.5/3.5 傳統內接硬碟HDD,3.5吋 SATA3 NAS碟,69,WD 8TB【紅標Plus】256M/5640轉/3年保｛WD80EFPX｝,13490,,
8,2.5/3.5 傳統內接硬碟HDD,3.5吋 SATA3 NAS碟,70,WD 12TB【紅標PRO】512M/7200轉/5年保｛WD122KFBX｝【限搭機】,19890,,限搭機
8,2.5/3.5 傳統內接硬碟HDD,3.5吋 SATA3 NAS碟,71,WD 16TB【紅標PRO】512M/7200轉/5年保｛WD161KFGX｝【限搭機】,26890,,限搭機
8,2.5/3.5 傳統內接硬碟HDD,3.5吋 SATA3 企業碟,73,Toshiba 4TB【企業級】512M/7200轉/5年保｛MG10ADA400E｝【限搭機】,11500,,限搭機
8,2.5/3.5 傳統內接硬碟HDD,3.5吋 SATA3 企業碟,74,Toshiba 8TB【企業級】512MB/7200轉/5年保｛MG10ADA800E｝【限搭機】,18700,,限搭機
8,2.5/3.5 傳統內接硬碟HDD,3.5吋 SATA3 企業碟,75,Toshiba 12TB【企業級】512MB/7200轉/5年保｛MG09ACA12TE｝【限搭機】,21200,,限搭機
8,2.5/3.5 傳統內接硬碟HDD,3.5吋 SATA3 企業碟,76,Seagate 4TB【EXOS企業碟】256MB/7200轉/5年保｛ST4000NM024B｝【限搭機】,9490,,限搭機
8,2.5/3.5 傳統內接硬碟HDD,3.5吋 SATA3 企業碟,77,Seagate 8TB【EXOS企業碟】256MB/7200轉/5年保｛ST8000NM017B｝【限搭機】,14390,,限搭機
8,2.5/3.5 傳統內接硬碟HDD,3.5吋 SATA3 企業碟,78,Seagate 10TB【EXOS企業碟】256MB/7200轉/5年保｛ST10000NM0017B｝,16390,,
8,2.5/3.5 傳統內接硬碟HDD,3.5吋 SATA3 企業碟,79,Seagate 12TB【EXOS企業碟】512MB/7200轉/5年保｛ST12000NM002H｝,18890,,
8,2.5/3.5 傳統內接硬碟HDD,3.5吋 SATA3 企業碟,80,Seagate 16TB【EXOS企業碟】512MB/7200轉/5年保｛ST16000NM002H｝【限搭機】,23890,,熱賣 限搭機
8,2.5/3.5 傳統內接硬碟HDD,3.5吋 SATA3 企業碟,81,Seagate 20TB【EXOS企業碟】512MB/7200轉/5年保｛ST20000NM002H｝【限搭機】,28890,,熱賣 限搭機
8,2.5/3.5 傳統內接硬碟HDD,3.5吋 SATA3 企業碟,82,Seagate 24TB【EXOS企業碟】512MB/7200轉/5年保｛ST24000NM002H｝,33890,,熱賣
8,2.5/3.5 傳統內接硬碟HDD,3.5吋 SATA3 企業碟,83,Seagate 30TB【EXOS企業碟】512MB/7200轉/5年保｛ST30000NM004K｝【限搭機】,40890,,限搭機
8,2.5/3.5 傳統內接硬碟HDD,3.5吋 SATA3 企業碟,84,Seagate 32TB【EXOS企業碟】512MB/7200轉/5年保｛ST32000NM004K｝【限搭機】,42890,,限搭機
8,2.5/3.5 傳統內接硬碟HDD,3.5吋 SATA3 企業碟,86,WD 8TB【Ultrastar DC HA340】256MB/7200轉/5年保｛WUS721208BLE6L4｝【限搭機】,15290,,限搭機
8,2.5/3.5 傳統內接硬碟HDD,3.5吋 SATA3 企業碟,87,WD 20TB【Ultrastar DC HC560】512MB/7200轉/5年保｛WUH722020BLE6L4｝【限搭機】,33490,,限搭機
8,2.5/3.5 傳統內接硬碟HDD,3.5吋 SATA3 企業碟,88,WD 26TB【Ultrastar DC HC590】512MB/7200轉/5年保｛WUH722626ALE6L4｝【限搭機】,43490,,限搭機
8,2.5/3.5 傳統內接硬碟HDD,3.5吋 SATA3 企業碟,89,WD 8TB【金標】256MB/7200轉/5年保｛WD8005FRYZ｝【限搭機】,15290,,限搭機
8,2.5/3.5 傳統內接硬碟HDD,3.5吋 SATA3 企業碟,90,WD 10TB【金標】512MB/7200轉/5年保｛WD103KRYZ｝【限搭機】,18490,,限搭機
8,2.5/3.5 傳統內接硬碟HDD,3.5吋 SATA3 企業碟,91,WD 12TB【金標】512MB/7200轉/5年保｛WD122KRYZ｝【限搭機】,21490,,限搭機
8,2.5/3.5 傳統內接硬碟HDD,3.5吋 SATA3 企業碟,92,WD 16TB【金標】512MB/7200轉/5年保｛WD161KRYZ｝【限搭機】,28490,,限搭機
8,2.5/3.5 傳統內接硬碟HDD,3.5吋 SATA3 企業碟,93,WD 18TB【金標】512MB/7200轉/5年保｛WD181KRYZ｝【限搭機】,29890,,限搭機
8,2.5/3.5 傳統內接硬碟HDD,3.5吋 SATA3 企業碟,94,WD 20TB【金標】512MB/7200轉/5年保｛WD203KRYZ｝,33490,,
8,2.5/3.5 傳統內接硬碟HDD,3.5吋 SATA3 企業碟,95,WD 24TB【金標】512MB/7200轉/5年保｛WD242KRYZ｝【限搭機】,39890,,限搭機
8,2.5/3.5 傳統內接硬碟HDD,3.5吋 SATA3 企業碟,96,WD 26TB【金標】512MB/7200轉/5年保｛WD261KRYZ｝,43490,,
8,2.5/3.5 傳統內接硬碟HDD,2.5吋 SATA3 筆記型,98,Toshiba 2TB (2.5吋/5400轉/128M/9.5mm/2年保)｛MQ04ABD200｝【限搭機】,6590,,熱賣 限搭機
8,2.5/3.5 傳統內接硬碟HDD,2.5吋 SATA3 筆記型,99,Seagate 2TB【新梭魚】(2.5吋/5400轉/128M/7mm/2年保)｛ST2000LM015｝【限搭機】,4390,,限搭機
8,2.5/3.5 傳統內接硬碟HDD,2.5吋 SATA3 筆記型,100,WD 2TB【藍標】(2.5吋/5400轉/128M/7mm/2年保)｛WD20SPZX｝【限搭機】,6690,,限搭機
9,隨身碟｜隨身硬碟｜記憶卡,隨身碟 Type-C,3,金士頓 DT 70 64G / Type-C / USB3.2 G1 / 5年保｛DT70/64GB｝,215,,
9,隨身碟｜隨身硬碟｜記憶卡,隨身碟 Type-C,4,創見JF790C 64G 推蓋式 / 黑色 / Type-C / USB3.2 G1 / 5年保｛TS64GJF790C｝,555,,
9,隨身碟｜隨身硬碟｜記憶卡,隨身碟 Type-C,5,創見JF790C 128G 推蓋式 / 黑色 / Type-C / USB3.2 G1 / 5年保｛TS128GJF790C｝,695,,
9,隨身碟｜隨身硬碟｜記憶卡,隨身碟 Type-C,6,創見JF790C 256G 推蓋式 / 黑色 / Type-C / USB3.2 G1 / 5年保｛TS256GJF790C｝,1900,,
9,隨身碟｜隨身硬碟｜記憶卡,隨身碟 Type-C+A 雙介面,8,GIGASTONE｛UAC-4400GY 64G｝Type-C+A 雙介面隨身碟 / USB3.2 G1 / 5年保,318,,熱賣
9,隨身碟｜隨身硬碟｜記憶卡,隨身碟 Type-C+A 雙介面,9,GIGASTONE｛UAC-4400GY 128G｝Type-C+A 雙介面隨身碟 / USB3.2 G1 / 5年保,628,,熱賣
9,隨身碟｜隨身硬碟｜記憶卡,隨身碟 Type-C+A 雙介面,10,GIGASTONE｛UAC-4400GY 256G｝Type-C+A 雙介面隨身碟 / USB3.2 G1 / 5年保,998,,熱賣
9,隨身碟｜隨身硬碟｜記憶卡,隨身碟 Type-C+A 雙介面,11,｛Lexar D400 64G｝Type-C+A 雙介面隨身碟 / USB3.1 G1 / 5年保,449,,
9,隨身碟｜隨身硬碟｜記憶卡,隨身碟 Type-C+A 雙介面,12,｛Lexar D400 128G｝Type-C+A 雙介面隨身碟 / USB3.1 G1 / 5年保,749,,
9,隨身碟｜隨身硬碟｜記憶卡,隨身碟 Type-C+A 雙介面,13,｛Lexar D400 256G｝Type-C+A 雙介面隨身碟 / USB3.1 G1 / 5年保,1499,,
9,隨身碟｜隨身硬碟｜記憶卡,隨身碟 Type-A,15,金士頓 DT Exodia 128G / Type-A / USB3.2 G1 / 5年保｛DTX/128GB｝,350,,
9,隨身碟｜隨身硬碟｜記憶卡,隨身碟 Type-A,16,金士頓 DT Exodia 256G / Type-A / USB3.2 G1 / 5年保｛DTX/256GB｝,785,,
9,隨身碟｜隨身硬碟｜記憶卡,隨身碟 Type-A,17,金士頓 DT Exodia M 64G 推蓋式 / Type-A / USB3.2 G1 / 5年保｛DTXM/64GB｝,225,,
9,隨身碟｜隨身硬碟｜記憶卡,隨身碟 Type-A,18,金士頓 DT Exodia M 128G 推蓋式 / Type-A / USB3.2 G1 / 5年保｛DTXM/128GB｝,350,,
9,隨身碟｜隨身硬碟｜記憶卡,隨身碟 Type-A,19,金士頓 DT Exodia M 256G 推蓋式 / Type-A / USB3.2 G1 / 5年保｛DTXM/256GB｝,785,,
9,隨身碟｜隨身硬碟｜記憶卡,隨身碟 Type-A,20,金士頓 DT Exodia S 64G 旋轉帽蓋 / Type-A / USB3.2 G1 / 5年保｛DTXS/64GB｝,225,,
9,隨身碟｜隨身硬碟｜記憶卡,隨身碟 Type-A,21,金士頓 DT Exodia S 128G 旋轉帽蓋 / Type-A / USB3.2 G1 / 5年保｛DTXS/128GB｝,350,,
9,隨身碟｜隨身硬碟｜記憶卡,隨身碟 Type-A,22,金士頓 DT Exodia S 256G 旋轉帽蓋 / Type-A / USB3.2 G1 / 5年保｛DTXS/256GB｝,799,,
9,隨身碟｜隨身硬碟｜記憶卡,隨身碟 Type-A,23,金士頓 DT Exodia S 512G 旋轉帽蓋 / Type-A / USB3.2 G1 / 5年保｛DTXS/512GB｝,1655,,
9,隨身碟｜隨身硬碟｜記憶卡,隨身碟 Type-A,24,威剛｛UV128 32G｝藍 / Type-A / USB3.2 G1 / 5年保,209,,
9,隨身碟｜隨身硬碟｜記憶卡,隨身碟 Type-A,25,威剛｛UV128 64G｝藍 / Type-A / USB3.2 G1 / 5年保,239,,
9,隨身碟｜隨身硬碟｜記憶卡,隨身碟 Type-A,26,威剛｛UV128 128G｝藍 / Type-A / USB3.2 G1 / 5年保,379,,
9,隨身碟｜隨身硬碟｜記憶卡,隨身碟 Type-A,27,威剛｛UV128 256G｝藍 / Type-A / USB3.2 G1 / 5年保,899,,
9,隨身碟｜隨身硬碟｜記憶卡,隨身碟 Type-A,28,威剛｛UV320 128G｝白 / Type-A / USB3.2 G1 / 5年保,379,,
9,隨身碟｜隨身硬碟｜記憶卡,隨身碟 Type-A,29,威剛｛UC310 64G｝黑 / Type-A / USB3.2 G1 / 5年保,239,,
9,隨身碟｜隨身硬碟｜記憶卡,隨身碟 Type-A,30,威剛｛UC310 64G｝白 / Type-A / USB3.2 G1 / 5年保,239,,
9,隨身碟｜隨身硬碟｜記憶卡,隨身碟 Type-A,31,威剛｛UC310 128G｝黑 / Type-A / USB3.2 G1 / 5年保,379,,
9,隨身碟｜隨身硬碟｜記憶卡,隨身碟 Type-A,32,威剛｛UC310 128G｝白 / Type-A / USB3.2 G1 / 5年保,379,,
9,隨身碟｜隨身硬碟｜記憶卡,隨身碟 Type-A,33,威剛｛UC310 256G｝黑 / Type-A / USB3.2 G1 / 5年保,899,,
9,隨身碟｜隨身硬碟｜記憶卡,隨身碟 Type-A,34,威剛｛UC310 256G｝白 / Type-A / USB3.2 G1 / 5年保,899,,
9,隨身碟｜隨身硬碟｜記憶卡,隨身碟 Type-A,35,創見 JF700 32G 拔蓋式 / 黑色 / Type-A / USB3.2 G1 / 5年保｛TS32GJF700｝,455,,
9,隨身碟｜隨身硬碟｜記憶卡,隨身碟 Type-A,36,創見 JF730 32G 拔蓋式 / 白色 / Type-A / USB3.2 G1 / 5年保｛TS32GJF730｝,455,,
9,隨身碟｜隨身硬碟｜記憶卡,隨身碟 Type-A,37,創見 JF790K 32G 推蓋式 / 黑色 / Type-A / USB3.2 G1 / 5年保｛TS32GJF790K｝,455,,
9,隨身碟｜隨身硬碟｜記憶卡,隨身碟 Type-A,38,創見 JF700 64G 拔蓋式 / 黑色 / Type-A / USB3.2 G1 / 5年保｛TS64GJF700｝,539,,
9,隨身碟｜隨身硬碟｜記憶卡,隨身碟 Type-A,39,創見 JF730 64G 拔蓋式 / 白色 / Type-A / USB3.2 G1 / 5年保｛TS64GJF730｝,539,,
9,隨身碟｜隨身硬碟｜記憶卡,隨身碟 Type-A,40,創見 JF790K 64G 推蓋式 / 黑色 / Type-A / USB3.2 G1 / 5年保｛TS64GJF790K｝,539,,
9,隨身碟｜隨身硬碟｜記憶卡,隨身碟 Type-A,41,｛GIGASTONE 64G 格紋碟｝Type-A / USB3.2 G1 / 5年保,205,,熱賣
9,隨身碟｜隨身硬碟｜記憶卡,隨身碟 Type-A,42,｛GIGASTONE 128G 格紋碟｝Type-A / USB3.2 G1 / 5年保,338,,熱賣
9,隨身碟｜隨身硬碟｜記憶卡,隨身碟 Type-A,43,｛GIGASTONE 256G 格紋碟｝Type-A / USB3.2 G1 / 5年保,768,,熱賣
9,隨身碟｜隨身硬碟｜記憶卡,高速隨身碟,45,威剛｛UE800 256G｝Type-C / USB3.2 G2 / R:1000 W:950 / 5年保 金屬,1999,,熱賣
9,隨身碟｜隨身硬碟｜記憶卡,高速隨身碟,46,威剛｛UE800 512G｝Type-C / USB3.2 G2 / R:1000 W:1000 / 5年保 金屬,2699,,熱賣
9,隨身碟｜隨身硬碟｜記憶卡,Micro SD 記憶卡,48,金士頓 Canvas Select+ 64G micro SDXC / R:100 / 終保 / 附轉卡｛SDCS3/64GB｝,499,,
9,隨身碟｜隨身硬碟｜記憶卡,Micro SD 記憶卡,49,金士頓 Canvas Select+ 128G micro SDXC / R:150 / 終保 / 附轉卡｛SDCS3/128GB｝,729,,
9,隨身碟｜隨身硬碟｜記憶卡,Micro SD 記憶卡,50,金士頓 Canvas Select+ 256G micro SDXC / R:150 / 終保 / 附轉卡｛SDCS3/256GB｝,1440,,
9,隨身碟｜隨身硬碟｜記憶卡,Micro SD 記憶卡,51,金士頓 Canvas Select+ 512G micro SDXC / R:150 / 終保 / 附轉卡｛SDCS3/512GB｝,2780,,
9,隨身碟｜隨身硬碟｜記憶卡,Micro SD 記憶卡,52,金士頓 Canvas Go 128G micro SDXC / R:200 / 終保 / 附轉卡｛SDCG4/128GB｝,1250,,
9,隨身碟｜隨身硬碟｜記憶卡,Micro SD 記憶卡,53,金士頓 Canvas Go 256G micro SDXC / R:200 W:160 / 終保 / 附轉卡｛SDCG4/256GB｝,2449,,
9,隨身碟｜隨身硬碟｜記憶卡,Micro SD 記憶卡,54,｛威剛 Premier 32G micro SDHC｝R:100 / 終保 / 附轉卡,299,,
9,隨身碟｜隨身硬碟｜記憶卡,Micro SD 記憶卡,55,｛威剛 Premier 64G micro SDXC｝R:100 / 終保 / 附轉卡,389,,
9,隨身碟｜隨身硬碟｜記憶卡,Micro SD 記憶卡,56,｛威剛 Premier 128G micro SDXC｝R:100 / 終保 / 附轉卡,589,,
9,隨身碟｜隨身硬碟｜記憶卡,Micro SD 記憶卡,57,｛威剛 Premier 256G micro SDXC｝R:100 / 終保 / 附轉卡,1088,,
9,隨身碟｜隨身硬碟｜記憶卡,Micro SD 記憶卡,59,｛威剛 High Endurance 64G micro SDXC｝R:100 / 高耐用 / 3年保 / 附轉卡,699,,
9,隨身碟｜隨身硬碟｜記憶卡,Micro SD 記憶卡,60,｛威剛 High Endurance 128G micro SDXC｝R:100 / 高耐用 / 3年保 / 附轉卡,1349,,
9,隨身碟｜隨身硬碟｜記憶卡,Micro SD 記憶卡,61,｛威剛 High Endurance 256G micro SDXC｝R:100 / 高耐用 / 3年保 / 附轉卡,1949,,
9,隨身碟｜隨身硬碟｜記憶卡,Micro SD 記憶卡,62,｛威剛 High Endurance 512G micro SDXC｝R:100 / 高耐用 / 3年保 / 附轉卡,3350,,
9,隨身碟｜隨身硬碟｜記憶卡,Micro SD 記憶卡,63,創見 300S 32G micro SDHC / R:100 / 5年保 / 附轉卡｛TS32GUSD300S-A｝,599,,
9,隨身碟｜隨身硬碟｜記憶卡,Micro SD 記憶卡,64,創見 300S 64G micro SDXC / R:100 / 5年保 / 附轉卡｛TS64GUSD300S-A｝,680,,
9,隨身碟｜隨身硬碟｜記憶卡,Micro SD 記憶卡,65,｛Lexar 633x 64G｝High-Performance micro SDXC / R:100 / 10年保 / 附轉卡,489,,
9,隨身碟｜隨身硬碟｜記憶卡,Micro SD 記憶卡,66,｛Lexar 633x 128G｝High-Performance micro SDXC / R:100 /支援4K影片 / 10年保 / 附轉卡,899,,
9,隨身碟｜隨身硬碟｜記憶卡,Micro SD 記憶卡,67,｛Lexar 633x 256G｝High-Performance micro SDXC / R:100 /支援4K影片 / 10年保 / 附轉卡,1579,,
9,隨身碟｜隨身硬碟｜記憶卡,Micro SD 記憶卡,68,｛Lexar Professional Silver Plus microSDXC 64G｝R:205 W:100 / 終保 / 附轉卡,799,,
9,隨身碟｜隨身硬碟｜記憶卡,Micro SD 記憶卡,69,｛Lexar Professional Silver Plus microSDXC 128G｝R:205 W:150 / 終保 / 附轉卡,1349,,
9,隨身碟｜隨身硬碟｜記憶卡,Micro SD 記憶卡,71,｛GIGASTONE Gaming Plus 32G｝micro SDHC / R:90 W:20 / 5年保 / 附轉卡,258,,
9,隨身碟｜隨身硬碟｜記憶卡,Micro SD 記憶卡,72,｛GIGASTONE Gaming Plus 64G｝micro SDXC / R:95 W:35 / 5年保 / 附轉卡,358,,
9,隨身碟｜隨身硬碟｜記憶卡,Micro SD 記憶卡,73,｛GIGASTONE Gaming Plus 128G｝micro SDXC / R:100 W:50 / 5年保 / 附轉卡,578,,熱賣
9,隨身碟｜隨身硬碟｜記憶卡,Micro SD 記憶卡,74,｛GIGASTONE Gaming Plus 256G｝micro SDXC / R:100 W:60 / 5年保 / 附轉卡,1058,,
9,隨身碟｜隨身硬碟｜記憶卡,Micro SD 記憶卡,75,｛GIGASTONE Gaming Plus 512G｝micro SDXC / R:100 W:60 / 5年保 / 附轉卡,2288,,
9,隨身碟｜隨身硬碟｜記憶卡,Micro SD 記憶卡,76,｛GIGASTONE Gaming Plus 1TB｝micro SDXC / R:150 W:120 / 5年保 / 附轉卡,4988,,熱賣
9,隨身碟｜隨身硬碟｜記憶卡,Micro SD 記憶卡,78,｛GIGASTONE Data Recovery 64G｝micro SDXC / R:95 W:35 / 5年保 / 附轉卡,498,,熱賣
9,隨身碟｜隨身硬碟｜記憶卡,Micro SD 記憶卡,79,｛GIGASTONE Data Recovery 128G｝micro SDXC / R:100 W:50 / 5年保 / 附轉卡,898,,熱賣
9,隨身碟｜隨身硬碟｜記憶卡,Micro SD 記憶卡,80,｛GIGASTONE Data Recovery 256G｝micro SDXC / R:100 W:60 / 5年保 / 附轉卡,1638,,熱賣
9,隨身碟｜隨身硬碟｜記憶卡,Micro SD 記憶卡,81,｛GIGASTONE Data Recovery 512G｝micro SDXC / R:100 W:60 / 5年保 / 附轉卡,3088,,熱賣
9,隨身碟｜隨身硬碟｜記憶卡,Micro SD 記憶卡,82,｛GIGASTONE Data Recovery 1TB｝micro SDXC / R:160 W:140 / 5年保 / 附轉卡,5788,,熱賣
9,隨身碟｜隨身硬碟｜記憶卡,MicroSDXC Express 記憶卡(Switch 2專用),84,｛Lexar PLAY PRO Express 512G｝超高速記憶卡 / R:900 W:600 / 終保,3550,,熱賣
9,隨身碟｜隨身硬碟｜記憶卡,MicroSDXC Express 記憶卡(Switch 2專用),85,｛Lexar PLAY PRO Express 1TB｝超高速記憶卡 / R:900 W:600 / 終保,7299,,熱賣
9,隨身碟｜隨身硬碟｜記憶卡,SD 記憶卡,88,｛威剛 32G SDHC｝U1 C10 V10 / R:100 / 終保,399,,
9,隨身碟｜隨身硬碟｜記憶卡,SD 記憶卡,89,｛威剛 64G SDXC｝U1 C10 V10 / R:100 / 終保,499,,
9,隨身碟｜隨身硬碟｜記憶卡,SD 記憶卡,90,｛Lexar Professional Silver Plus SDXC 128G｝R:205 W:150 / 終保,1399,,
9,隨身碟｜隨身硬碟｜記憶卡,SD 記憶卡,91,創見 300S 32G SDHC / R:100 / 5年保｛TS32GSDC300S｝,789,,
9,隨身碟｜隨身硬碟｜記憶卡,SD 記憶卡,92,創見 300S 64G SDXC / R:100 / 5年保｛TS64GSDC300S｝,850,,
9,隨身碟｜隨身硬碟｜記憶卡,SD 記憶卡,93,金士頓 Canvas Go 256G SDXC / R:200 W:160 / 終保｛SDG4/256GB｝,2040,,
9,隨身碟｜隨身硬碟｜記憶卡,CFexpress記憶卡,95,｛GIGASTONE 512G CFexpress Type B｝R:1800 W:1600 / 5年保【客訂】,9999,,
9,隨身碟｜隨身硬碟｜記憶卡,CFexpress記憶卡,96,｛GIGASTONE 1TB CFexpress Type B｝R:1800 W:1600 / 5年保【客訂】,22999,,
9,隨身碟｜隨身硬碟｜記憶卡,威剛 隨身SSD碟 Type-C介面,98,｛威剛 SC750 SSD碟 500G｝灰/讀取1050MB/s/Type-C接頭隨插即用/支援iPhone15~加送32G隨身碟,2690,,熱賣
9,隨身碟｜隨身硬碟｜記憶卡,威剛 隨身SSD碟 Type-C介面,99,｛威剛 SC750 SSD碟 1TB｝灰/讀取1050MB/s/Type-C接頭隨插即用/支援iPhone15~加送32G隨身碟,4800,,熱賣
9,隨身碟｜隨身硬碟｜記憶卡,威剛 隨身SSD碟 Type-C介面,100,｛威剛 SC750 SSD碟 2TB｝灰/讀取1050MB/s/Type-C接頭隨插即用/支援iPhone15~加送32G隨身碟,9200,,熱賣
9,隨身碟｜隨身硬碟｜記憶卡,威剛 隨身SSD碟 Type-C介面,101,｛威剛 SC735 SSD碟 1TB｝黑藍/讀取1050MB/s/Type-C接頭隨插即用/支援iPhone15~加送32G隨身碟,4850,,
9,隨身碟｜隨身硬碟｜記憶卡,威剛 隨身SSD碟 Type-C介面,102,｛威剛 SC735 SSD碟 1TB｝黑灰/讀取1050MB/s/Type-C接頭隨插即用/支援iPhone15~加送32G隨身碟,4850,,
9,隨身碟｜隨身硬碟｜記憶卡,威剛 隨身SSD碟 Type-C介面,103,｛威剛 SE880 SSD碟 500G｝鈦灰/讀取2000MB/s/附Type-C線/支援iPhone15/五年,2688,,
9,隨身碟｜隨身硬碟｜記憶卡,威剛 隨身SSD碟 Type-C介面,104,｛威剛 SE880 SSD碟 500G｝藍色/讀取2000MB/s/附Type-C線/支援iPhone15/五年,2688,,
9,隨身碟｜隨身硬碟｜記憶卡,威剛 隨身SSD碟 Type-C介面,105,｛威剛 SE880 SSD碟 1TB｝鈦灰/讀取2000MB/s/附Type-C線/支援iPhone15/五年,4880,,
9,隨身碟｜隨身硬碟｜記憶卡,威剛 隨身SSD碟 Type-C介面,106,｛威剛 SE880 SSD碟 1TB｝藍色/讀取2000MB/s/附Type-C線/支援iPhone15/五年,4880,,
9,隨身碟｜隨身硬碟｜記憶卡,威剛 隨身SSD碟 Type-C介面,107,｛威剛 SE880 SSD碟 2TB｝鈦灰/讀取2000MB/s/附Type-C線/支援iPhone15/五年,9400,,
9,隨身碟｜隨身硬碟｜記憶卡,威剛 隨身SSD碟 Type-C介面,108,｛威剛 SE880 SSD碟 2TB｝藍色/讀取2000MB/s/附Type-C線/支援iPhone15/五年,9400,,
9,隨身碟｜隨身硬碟｜記憶卡,威剛 隨身SSD碟 Type-C介面,109,｛威剛 SE880 SSD碟 4TB｝鈦灰/讀取2000MB/s/附Type-C線/支援iPhone15/五年,18500,,
9,隨身碟｜隨身硬碟｜記憶卡,威剛 隨身SSD碟 Type-C介面,110,｛威剛 SE880 SSD碟 4TB｝藍色/讀取2000MB/s/附Type-C線/支援iPhone15/五年,18500,,
9,隨身碟｜隨身硬碟｜記憶卡,威剛 隨身SSD碟 Type-C介面,111,｛威剛 SD810 SSD碟 500G｝黑/讀取2000MB/s/附Type-C線/支援iPhone15/防水塵摔,3090,,
9,隨身碟｜隨身硬碟｜記憶卡,威剛 隨身SSD碟 Type-C介面,112,｛威剛 SD810 SSD碟 500G｝銀/讀取2000MB/s/附Type-C線/支援iPhone15/防水塵摔,3090,,
9,隨身碟｜隨身硬碟｜記憶卡,威剛 隨身SSD碟 Type-C介面,113,｛威剛 SD810 SSD碟 1TB｝黑/讀取2000MB/s/附Type-C線/支援iPhone15/防水塵摔,4888,,
9,隨身碟｜隨身硬碟｜記憶卡,威剛 隨身SSD碟 Type-C介面,114,｛威剛 SD810 SSD碟 1TB｝銀/讀取2000MB/s/附Type-C線/支援iPhone15/防水塵摔,4888,,
9,隨身碟｜隨身硬碟｜記憶卡,威剛 隨身SSD碟 Type-C介面,115,｛威剛 SD810 SSD碟 2TB｝黑/讀取2000MB/s/附Type-C線/支援iPhone15/防水塵摔,9600,,
9,隨身碟｜隨身硬碟｜記憶卡,威剛 隨身SSD碟 Type-C介面,116,｛威剛 SD810 SSD碟 2TB｝銀/讀取2000MB/s/附Type-C線/支援iPhone15/防水塵摔,9600,,
9,隨身碟｜隨身硬碟｜記憶卡,威剛 隨身SSD碟 Type-C介面,117,｛威剛 SD810 SSD碟 4TB｝黑/讀取2000MB/s/附Type-C線/支援iPhone15/防水塵摔,19000,,
9,隨身碟｜隨身硬碟｜記憶卡,威剛 隨身SSD碟 Type-C介面,118,｛威剛 SD810 SSD碟 4TB｝銀/讀取2000MB/s/附Type-C線/支援iPhone15/防水塵摔,19000,,
9,隨身碟｜隨身硬碟｜記憶卡,威剛 隨身SSD碟 Type-C介面,119,｛威剛 SD820 SSD碟 1TB｝藍/讀取2000MB/s/輕巧/防水/防塵/防摔/支援iPhone15~加送32G隨身碟,5199,,
9,隨身碟｜隨身硬碟｜記憶卡,威剛 隨身SSD碟 Type-C介面,120,｛威剛 SD820 SSD碟 1TB｝灰/讀取2000MB/s/輕巧/防水/防塵/防摔/支援iPhone15~加送32G隨身碟,5199,,
9,隨身碟｜隨身硬碟｜記憶卡,金士頓 隨身SSD碟 Type-C介面,123,金士頓 XS1000 SSD碟 1TB Type-C傳輸速度(附C TO A傳輸線)讀取1050MB/s,3999,,
9,隨身碟｜隨身硬碟｜記憶卡,金士頓 隨身SSD碟 Type-C介面,124,金士頓 XS1000R(紅色) SSD碟 1TB Type-C傳輸(附C TO A傳輸線)讀取1050MB/s,3999,,
9,隨身碟｜隨身硬碟｜記憶卡,金士頓 隨身SSD碟 Type-C介面,125,金士頓 XS1000 SSD碟 2TB Type-C傳輸速度(附C TO A傳輸線)讀取1050MB/s,6800,,
9,隨身碟｜隨身硬碟｜記憶卡,金士頓 隨身SSD碟 Type-C介面,126,金士頓 XS1000R(紅色) SSD碟 2TB Type-C傳輸(附C TO A傳輸線)讀取1050MB/s,6800,,熱賣
9,隨身碟｜隨身硬碟｜記憶卡,金士頓 隨身SSD碟 Type-C介面,127,金士頓 XS2000 SSD碟 1TB Type-C(附C TO C傳輸線)讀取2000MB/s 防水/防塵/防震,4100,,
9,隨身碟｜隨身硬碟｜記憶卡,金士頓 隨身SSD碟 Type-C介面,128,金士頓 雙頭 SSD碟 1TB Type-A/C雙介面 讀取1050MB/s行動固態硬碟,4450,,
9,隨身碟｜隨身硬碟｜記憶卡,金士頓 隨身SSD碟 Type-C介面,129,金士頓 雙頭 SSD碟 2TB Type-A/C雙介面 讀取1050MB/s行動固態硬碟,6950,,
9,隨身碟｜隨身硬碟｜記憶卡,海盜船 隨身SSD碟 Type-C介面,131,海盜船 EX300U 1TB 讀取1100MB/GEN2/Type-C/磁吸 行動固態硬碟 (CSSD-EX300U1TB),4200,,
9,隨身碟｜隨身硬碟｜記憶卡,海盜船 隨身SSD碟 Type-C介面,132,海盜船 EX300U 2TB 讀取1100MB/GEN2/Type-C/磁吸 行動固態硬碟(CSSD-EX300U2TB),8400,,
9,隨身碟｜隨身硬碟｜記憶卡,海盜船 隨身SSD碟 Type-C介面,133,海盜船 EX300U 4TB 讀取1100MB/GEN2/Type-C/磁吸 行動固態硬碟(CSSD-EX300U4TB),14700,,
9,隨身碟｜隨身硬碟｜記憶卡,海盜船 隨身SSD碟 Type-C介面,134,海盜船 EX400U 1TB 讀取4000MB/GEN2/Type-C/磁吸 行動固態硬碟(CSSD-EX400U1TB),8300,,
9,隨身碟｜隨身硬碟｜記憶卡,海盜船 隨身SSD碟 Type-C介面,135,海盜船 EX400U 2TB 讀取4000MB/GEN2/Type-C/磁吸 行動固態硬碟(CSSD-EX400U2TB),12000,,
9,隨身碟｜隨身硬碟｜記憶卡,海盜船 隨身SSD碟 Type-C介面,136,海盜船 EX400U 4TB 讀取4000MB/GEN2/Type-C/磁吸 行動固態硬碟(CSSD-EX400U4TB),18500,,
9,隨身碟｜隨身硬碟｜記憶卡,海盜船 隨身SSD碟 Type-C介面,137,海盜船 EX400US 1TB 讀取4000MB/GEN2/Type-C/掛飾 行動固態硬碟(CSSD-EX400US1TB),8800,,
9,隨身碟｜隨身硬碟｜記憶卡,海盜船 隨身SSD碟 Type-C介面,138,海盜船 EX400US 2TB 讀取4000MB/GEN2/Type-C/掛飾 行動固態硬碟(CSSD-EX400US2TB),12500,,
9,隨身碟｜隨身硬碟｜記憶卡,海盜船 隨身SSD碟 Type-C介面,139,海盜船 EX400US 4TB 讀取4000MB/GEN2/Type-C/掛飾 行動固態硬碟(CSSD-EX400US4TB),18800,,
9,隨身碟｜隨身硬碟｜記憶卡,致態 隨身SSD碟 Type-C介面,141,致態ZhiTai 致態靈·潮流版SSD碟 1TB星耀黃/讀2000MB/s/Type-C/MagSafe磁吸/防震,4999,,
9,隨身碟｜隨身硬碟｜記憶卡,致態 隨身SSD碟 Type-C介面,142,致態ZhiTai 致態靈·潮流版SSD碟 1TB晨霧藍/讀2000MB/s/Type-C/MagSafe磁吸/防震,4999,,
9,隨身碟｜隨身硬碟｜記憶卡,致態 隨身SSD碟 Type-C介面,143,致態ZhiTai 致態靈·潮流版SSD碟 2TB星耀黃/讀2000MB/s/Type-C/MagSafe磁吸/防震,8899,,
9,隨身碟｜隨身硬碟｜記憶卡,致態 隨身SSD碟 Type-C介面,144,致態ZhiTai 致態靈·潮流版SSD碟 2TB晨霧藍/讀2000MB/s/Type-C/MagSafe磁吸/防震,8899,,
9,隨身碟｜隨身硬碟｜記憶卡,Micron 隨身SSD碟 Type-C介面,146,Micron Crucial X9 SSD碟 1TB Type-C傳輸速度 讀取1050MB/s 三年保,3399,,
9,隨身碟｜隨身硬碟｜記憶卡,Micron 隨身SSD碟 Type-C介面,147,Micron Crucial X9 SSD碟 2TB Type-C傳輸速度 讀取1050MB/s 三年保,5999,,熱賣
9,隨身碟｜隨身硬碟｜記憶卡,Micron 隨身SSD碟 Type-C介面,148,Micron Crucial X9 SSD碟 4TB Type-C傳輸速度 讀取1050MB/s 三年保,11500,,熱賣
9,隨身碟｜隨身硬碟｜記憶卡,Micron 隨身SSD碟 Type-C介面,149,Micron Crucial X10 SSD碟 1TB Type-C傳輸速度 讀取2100MB/s 三年保 IP65 防水防塵,4475,,
9,隨身碟｜隨身硬碟｜記憶卡,Micron 隨身SSD碟 Type-C介面,150,Micron Crucial X10 SSD碟 2TB Type-C傳輸速度 讀取2100MB/s 三年保 IP65 防水防塵,7888,,
9,隨身碟｜隨身硬碟｜記憶卡,Micron 隨身SSD碟 Type-C介面,151,Micron Crucial X10 SSD碟 4TB Type-C傳輸速度 讀取2100MB/s 三年保 IP65 防水防塵,15500,,
9,隨身碟｜隨身硬碟｜記憶卡,Micron 隨身SSD碟 Type-C介面,152,Micron Crucial X10 SSD碟 6TB Type-C傳輸速度 讀取2100MB/s 三年保 IP65 防水防塵,22380,,
9,隨身碟｜隨身硬碟｜記憶卡,Micron 隨身SSD碟 Type-C介面,153,Micron Crucial X10 SSD碟 8TB Type-C傳輸速度 讀取2100MB/s 三年保 IP65 防水防塵,28800,,
9,隨身碟｜隨身硬碟｜記憶卡,Micron 隨身SSD碟 Type-C介面,154,Micron Crucial X10 Pro SSD碟 1TB Type-C傳輸速度 讀取2100MB/s 五年保,5200,,
9,隨身碟｜隨身硬碟｜記憶卡,Micron 隨身SSD碟 Type-C介面,155,Micron Crucial X10 Pro SSD碟 2TB Type-C傳輸速度 讀取2100MB/s 五年保,8450,,
9,隨身碟｜隨身硬碟｜記憶卡,Micron 隨身SSD碟 Type-C介面,156,Micron Crucial X10 Pro SSD碟 4TB Type-C傳輸速度 讀取2100MB/s 五年保,17800,,
9,隨身碟｜隨身硬碟｜記憶卡,Seagate 隨身SSD碟 Type-C介面,159,Seagate OneTouch SSD碟 1TB(星鑽銀)Type-C傳輸 讀取1030MB/s 三年保/三年資料救援,4888,,熱賣
9,隨身碟｜隨身硬碟｜記憶卡,Seagate 隨身SSD碟 Type-C介面,160,Seagate OneTouch SSD碟 1TB(冰川藍)Type-C傳輸 讀取1030MB/s 三年保/三年資料救援,4888,,熱賣
9,隨身碟｜隨身硬碟｜記憶卡,三星 Samsung 隨身SSD碟 Type-C介面,165,三星 Samsung T7 SSD碟 1TB(靛青藍)Type-C傳輸速度 讀取1050MB/s 三年保,7588,,
9,隨身碟｜隨身硬碟｜記憶卡,三星 Samsung 隨身SSD碟 Type-C介面,166,三星 Samsung T7 Shield SSD碟 1TB(奶茶棕)Type-C傳輸 讀取1050MB/s防塵/防水/耐震,6988,,熱賣
9,隨身碟｜隨身硬碟｜記憶卡,三星 Samsung 隨身SSD碟 Type-C介面,167,三星 Samsung T7 Shield SSD碟 1TB(靛青藍)Type-C傳輸 讀取1050MB/s防塵/防水/耐震,6988,,熱賣
9,隨身碟｜隨身硬碟｜記憶卡,三星 Samsung 隨身SSD碟 Type-C介面,168,三星 Samsung T7 Shield SSD碟 1TB(星空黑)Type-C傳輸 讀取1050MB/s防塵/防水/耐震,6988,,熱賣
9,隨身碟｜隨身硬碟｜記憶卡,三星 Samsung 隨身SSD碟 Type-C介面,169,三星 Samsung T7 Shield SSD碟 2TB(奶茶棕)Type-C傳輸 讀取1050MB/s~加送玻璃杯~,11988,,
9,隨身碟｜隨身硬碟｜記憶卡,三星 Samsung 隨身SSD碟 Type-C介面,170,三星 Samsung T7 Shield SSD碟 2TB(靛青藍)Type-C傳輸 讀取1050MB/s~加送玻璃杯~,11988,,
9,隨身碟｜隨身硬碟｜記憶卡,三星 Samsung 隨身SSD碟 Type-C介面,171,三星 Samsung T7 Shield SSD碟 2TB(星空黑)Type-C傳輸 讀取1050MB/s~加送玻璃杯~,11988,,
9,隨身碟｜隨身硬碟｜記憶卡,2.5吋 - Toshiba 隨身2.5吋硬碟,173,｛Toshiba Canvio Ready 1TB｝Type-A / 3年保,3290,,
9,隨身碟｜隨身硬碟｜記憶卡,2.5吋 - Toshiba 隨身2.5吋硬碟,174,｛Toshiba Canvio Ready 2TB｝Type-A / 3年保,4490,,
9,隨身碟｜隨身硬碟｜記憶卡,2.5吋 - Toshiba 隨身2.5吋硬碟,175,｛Toshiba Canvio Ready 4TB｝Type-A / 3年保,7090,,
9,隨身碟｜隨身硬碟｜記憶卡,2.5吋 - Toshiba 隨身2.5吋硬碟,176,｛Toshiba Canvio Advance V10 1TB(綠)｝Type-A / 3年保 / 加密.備份軟體,3390,,
9,隨身碟｜隨身硬碟｜記憶卡,2.5吋 - Toshiba 隨身2.5吋硬碟,177,｛Toshiba Canvio Advance V10 1TB(黑)｝Type-A / 3年保 / 加密.備份軟體,3390,,
9,隨身碟｜隨身硬碟｜記憶卡,2.5吋 - Toshiba 隨身2.5吋硬碟,178,｛Toshiba Canvio Advance V10 1TB(紅)｝Type-A / 3年保 / 加密.備份軟體,3390,,
9,隨身碟｜隨身硬碟｜記憶卡,2.5吋 - Toshiba 隨身2.5吋硬碟,179,｛Toshiba Canvio Advance V10 1TB(米白)｝Type-A / 3年保 / 加密.備份軟體,3390,,
9,隨身碟｜隨身硬碟｜記憶卡,2.5吋 - Toshiba 隨身2.5吋硬碟,180,｛Toshiba Canvio Advance V10 2TB(綠)｝Type-A / 3年保 / 加密.備份軟體,4590,,
9,隨身碟｜隨身硬碟｜記憶卡,2.5吋 - Toshiba 隨身2.5吋硬碟,181,｛Toshiba Canvio Advance V10 2TB(黑)｝Type-A / 3年保 / 加密.備份軟體,4590,,
9,隨身碟｜隨身硬碟｜記憶卡,2.5吋 - Toshiba 隨身2.5吋硬碟,182,｛Toshiba Canvio Advance V10 2TB(紅)｝Type-A / 3年保 / 加密.備份軟體,4590,,
9,隨身碟｜隨身硬碟｜記憶卡,2.5吋 - Toshiba 隨身2.5吋硬碟,183,｛Toshiba Canvio Advance V10 2TB(米白)｝Type-A / 3年保 / 加密.備份軟體,4590,,
9,隨身碟｜隨身硬碟｜記憶卡,2.5吋 - Toshiba 隨身2.5吋硬碟,184,｛Toshiba Canvio Advance V10 4TB(綠)｝Type-A / 3年保 / 加密.備份軟體,7190,,
9,隨身碟｜隨身硬碟｜記憶卡,2.5吋 - Toshiba 隨身2.5吋硬碟,185,｛Toshiba Canvio Advance V10 4TB(黑)｝Type-A / 3年保 / 加密.備份軟體,7190,,
9,隨身碟｜隨身硬碟｜記憶卡,2.5吋 - Toshiba 隨身2.5吋硬碟,186,｛Toshiba Canvio Advance V10 4TB(紅)｝Type-A / 3年保 / 加密.備份軟體,7190,,
9,隨身碟｜隨身硬碟｜記憶卡,2.5吋 - Toshiba 隨身2.5吋硬碟,187,｛Toshiba Canvio Advance V10 4TB(米白)｝Type-A / 3年保 / 加密.備份軟體,7190,,
9,隨身碟｜隨身硬碟｜記憶卡,2.5吋 - Toshiba 隨身2.5吋硬碟,188,｛Toshiba Canvio Flex X2 1TB(銀)｝Type-C / 3年 / PC、行動裝置適用,3890,,
9,隨身碟｜隨身硬碟｜記憶卡,2.5吋 - Toshiba 隨身2.5吋硬碟,189,｛Toshiba Canvio Flex X2 2TB(銀)｝Type-C / 3年 / PC、行動裝置適用,4990,,
9,隨身碟｜隨身硬碟｜記憶卡,2.5吋 - Toshiba 隨身2.5吋硬碟,190,｛Toshiba Canvio Flex X2 4TB(銀)｝Type-C / 3年 / PC、行動裝置適用,7690,,
9,隨身碟｜隨身硬碟｜記憶卡,2.5吋 - 威剛 隨身2.5吋硬碟,193,｛威剛 HD710Pro 2TB(黑)｝Type-A / 軍規 / IP68防護 / 3年保,4090,,
9,隨身碟｜隨身硬碟｜記憶卡,2.5吋 - 威剛 隨身2.5吋硬碟,194,｛威剛 HD710Pro 2TB(藍)｝Type-A / 軍規 / IP68防護 / 3年保,4090,,
9,隨身碟｜隨身硬碟｜記憶卡,2.5吋 - 威剛 隨身2.5吋硬碟,195,｛威剛 HD710Pro 2TB(紅)｝Type-A / 軍規 / IP68防護 / 3年保,4090,,
9,隨身碟｜隨身硬碟｜記憶卡,2.5吋 - 威剛 隨身2.5吋硬碟,196,｛威剛 HD710Pro 4TB(黑)｝Type-A / 軍規 / IP68防護 / 3年保,7190,,
9,隨身碟｜隨身硬碟｜記憶卡,2.5吋 - 威剛 隨身2.5吋硬碟,197,｛威剛 HV300 1TB(黑)｝Type-A / 極輕薄 / 3年保,3090,,
9,隨身碟｜隨身硬碟｜記憶卡,2.5吋 - 威剛 隨身2.5吋硬碟,198,｛威剛 HV300 1TB(藍)｝Type-A / 極輕薄 / 3年保,3090,,
9,隨身碟｜隨身硬碟｜記憶卡,2.5吋 - 威剛 隨身2.5吋硬碟,199,｛威剛 HV300 1TB(白)｝Type-A / 極輕薄 / 3年保,3090,,
9,隨身碟｜隨身硬碟｜記憶卡,2.5吋 - 威剛 隨身2.5吋硬碟,200,｛威剛 HV300 1TB(紅)｝Type-A / 極輕薄 / 3年保,3090,,
9,隨身碟｜隨身硬碟｜記憶卡,2.5吋 - 威剛 隨身2.5吋硬碟,201,｛威剛 HV300 2TB(黑)｝Type-A / 極輕薄 / 3年保,3790,,
9,隨身碟｜隨身硬碟｜記憶卡,2.5吋 - 威剛 隨身2.5吋硬碟,202,｛威剛 HV300 2TB(藍)｝Type-A / 極輕薄 / 3年保,3790,,
9,隨身碟｜隨身硬碟｜記憶卡,2.5吋 - 威剛 隨身2.5吋硬碟,203,｛威剛 HV300 2TB(白)｝Type-A / 極輕薄 / 3年保,3790,,
9,隨身碟｜隨身硬碟｜記憶卡,2.5吋 - 威剛 隨身2.5吋硬碟,204,｛威剛 HV300 2TB(紅)｝Type-A / 極輕薄 / 3年保,3790,,熱賣
9,隨身碟｜隨身硬碟｜記憶卡,2.5吋 - Seagate 隨身2.5吋硬碟 (保固內原廠資料救援-請先至官網登錄申請),207,｛Seagate Expansion 2T黑｝Type-A / 3年保,3990,,
9,隨身碟｜隨身硬碟｜記憶卡,2.5吋 - Seagate 隨身2.5吋硬碟 (保固內原廠資料救援-請先至官網登錄申請),208,｛Seagate One Touch 2T極夜黑｝Type-A / 硬體加密、自動備份 / 3年保▼下殺到 9/23 23:59,4019,4188,熱賣 價格異動 下殺
9,隨身碟｜隨身硬碟｜記憶卡,2.5吋 - Seagate 隨身2.5吋硬碟 (保固內原廠資料救援-請先至官網登錄申請),209,｛Seagate One Touch 2T冰川藍｝Type-A / 硬體加密、自動備份 / 3年保▼下殺到 9/23 23:59,4019,4188,價格異動 下殺
9,隨身碟｜隨身硬碟｜記憶卡,2.5吋 - Seagate 隨身2.5吋硬碟 (保固內原廠資料救援-請先至官網登錄申請),210,｛Seagate One Touch 2T太空灰｝Type-A / 硬體加密、自動備份 / 3年保▼下殺到 9/23 23:59,4019,4188,價格異動 下殺
9,隨身碟｜隨身硬碟｜記憶卡,2.5吋 - Seagate 隨身2.5吋硬碟 (保固內原廠資料救援-請先至官網登錄申請),211,｛Seagate One Touch 4T極夜黑｝Type-A / 硬體加密、自動備份 / 3年保,5888,,
9,隨身碟｜隨身硬碟｜記憶卡,2.5吋 - Seagate 隨身2.5吋硬碟 (保固內原廠資料救援-請先至官網登錄申請),212,｛Seagate One Touch 4T冰川藍｝Type-A / 硬體加密、自動備份 / 3年保,5888,,
9,隨身碟｜隨身硬碟｜記憶卡,2.5吋 - Seagate 隨身2.5吋硬碟 (保固內原廠資料救援-請先至官網登錄申請),213,｛Seagate One Touch 4T太空灰｝Type-A / 硬體加密、自動備份 / 3年保,5888,,
9,隨身碟｜隨身硬碟｜記憶卡,2.5吋 - Seagate 隨身2.5吋硬碟 (保固內原廠資料救援-請先至官網登錄申請),214,｛Seagate One Touch 5T極夜黑｝Type-A / 硬體加密、自動備份 / 3年保▼下殺到 9/23 23:59,6369,6688,熱賣 價格異動 下殺
9,隨身碟｜隨身硬碟｜記憶卡,2.5吋 - Seagate 隨身2.5吋硬碟 (保固內原廠資料救援-請先至官網登錄申請),215,｛Seagate One Touch 5T冰川藍｝Type-A / 硬體加密、自動備份 / 3年保▼下殺到 9/23 23:59,6369,6688,熱賣 價格異動 下殺
9,隨身碟｜隨身硬碟｜記憶卡,2.5吋 - Seagate 隨身2.5吋硬碟 (保固內原廠資料救援-請先至官網登錄申請),216,｛Seagate One Touch 5T太空灰｝Type-A / 硬體加密、自動備份 / 3年保▼下殺到 9/23 23:59,6369,6688,熱賣 價格異動 下殺
9,隨身碟｜隨身硬碟｜記憶卡,2.5吋 - 創見 隨身2.5吋硬碟,218,創見 1TB(鐵灰) 25M3 / Type-A / 軍規 / 單鍵備份 / 3年保｛TS1TSJ25M3S｝,3350,,熱賣
9,隨身碟｜隨身硬碟｜記憶卡,2.5吋 - 創見 隨身2.5吋硬碟,219,創見 1TB(紫) 25H3 / Type-A / 軍規 / 單鍵備份 / 3年保｛TS1TSJ25H3P｝,3350,,
9,隨身碟｜隨身硬碟｜記憶卡,2.5吋 - 創見 隨身2.5吋硬碟,220,創見 1TB(藍) 25H3 / Type-A / 軍規 / 單鍵備份 / 3年保｛TS1TSJ25H3B,3350,,
9,隨身碟｜隨身硬碟｜記憶卡,2.5吋 - 創見 隨身2.5吋硬碟,221,創見 2TB(紫) 25H3 / Type-A / 軍規 / 單鍵備份 / 3年保｛TS2TSJ25H3P｝,4199,,
9,隨身碟｜隨身硬碟｜記憶卡,2.5吋 - 創見 隨身2.5吋硬碟,222,創見 2TB(藍) 25H3 / Type-A / 軍規 / 單鍵備份 / 3年保｛TS2TSJ25H3B｝,4199,,
9,隨身碟｜隨身硬碟｜記憶卡,2.5吋 - 創見 隨身2.5吋硬碟,223,創見 4TB(紫) 25H3 / Type-A / 軍規 / 單鍵備份 / 3年保｛TS4TSJ25H3P｝,6929,,
9,隨身碟｜隨身硬碟｜記憶卡,2.5吋 - 創見 隨身2.5吋硬碟,224,創見 4TB(鐵灰) 25M3 / Type-A / 軍規 / 單鍵備份 / 3年保｛TS4TSJ25M3S｝,6929,,
9,隨身碟｜隨身硬碟｜記憶卡,3.5吋 - Seagate 行動3.5吋硬碟 (保固內原廠資料救援-請先至官網登錄申請),227,｛Seagate Expansion 4TB｝Type-A / 3.5吋硬碟 / 3年保,5690,,
9,隨身碟｜隨身硬碟｜記憶卡,3.5吋 - Seagate 行動3.5吋硬碟 (保固內原廠資料救援-請先至官網登錄申請),228,｛Seagate Expansion 16TB｝Type-A / 3.5吋硬碟 / 3年保▼下殺到 9/23 23:59,17739,18490,價格異動 下殺
9,隨身碟｜隨身硬碟｜記憶卡,3.5吋 - Seagate 行動3.5吋硬碟 (保固內原廠資料救援-請先至官網登錄申請),229,｛Seagate Expansion 24TB｝Type-A / 3.5吋硬碟 / 3年保,27490,,
10,散熱器｜散熱墊｜散熱膏,M.2 SSD散熱片,2,｛利民 M.2 2280 TYPE A B｝SSD 固態硬碟散熱片/鋁合金/單雙面皆適用,199,,
10,散熱器｜散熱墊｜散熱膏,M.2 SSD散熱片,3,｛利民 M.2 2280 PRO｝SSD 固態硬碟散熱片/鋁合金+8 mm純銅導管/單雙面皆適用,400,,
10,散熱器｜散熱墊｜散熱膏,M.2 SSD散熱片,4,｛利民 HR-09 2280｝SSD 固態硬碟散熱器/6 mm熱導管/電鍍鰭片/單雙面皆適用,550,,
10,散熱器｜散熱墊｜散熱膏,M.2 SSD散熱片,5,｛利民 HR-10 2280 PRO｝SSD 固態硬碟散熱器/4導管/3CM PWM扇/單雙面適用/一年,690,,
10,散熱器｜散熱墊｜散熱膏,M.2 SSD散熱片,6,"｛利民 HR-10 2280 PRO DIGITAL 黑｝SSD散熱器/4導管/溫度,傳輸監控/3cm風扇/一年",890,,
10,散熱器｜散熱墊｜散熱膏,M.2 SSD散熱片,7,"｛利民 HR-10 2280 PRO DIGITAL 白｝SSD散熱器/4導管/溫度,傳輸監控/3cm風扇/一年",890,,
10,散熱器｜散熱墊｜散熱膏,M.2 SSD散熱片,8,｛喬思伯 M.2-6 紅｝固態硬碟散熱器/2280/鋁合金/單雙面皆適用,199,,
10,散熱器｜散熱墊｜散熱膏,M.2 SSD散熱片,9,｛喬思伯 M201 黑｝固態硬碟散熱器/2280/格柵式鋁合金散熱片/單雙面皆適用,249,,
10,散熱器｜散熱墊｜散熱膏,M.2 SSD散熱片,10,｛喬思伯 M201 銀｝固態硬碟散熱器/2280/格柵式鋁合金散熱片/單雙面皆適用,249,,
10,散熱器｜散熱墊｜散熱膏,M.2 SSD散熱片,11,｛喬思伯 M202 黑｝固態硬碟散熱器/2280/巧克力造型全鋁散熱塊/單雙面皆適用,249,,
10,散熱器｜散熱墊｜散熱膏,M.2 SSD散熱片,12,｛喬思伯 M202 灰｝固態硬碟散熱器/2280/巧克力造型全鋁散熱塊/單雙面皆適用,249,,
10,散熱器｜散熱墊｜散熱膏,ID-COOLING 散熱器【2年保固】,15,｛ID-COOLING IS-40X 散熱器｝下吹式/4導管/高4.5/全黑化/TDP:100W【WXZ】,790,,
10,散熱器｜散熱墊｜散熱膏,ID-COOLING 散熱器【2年保固】,16,｛ID-COOLING IS-50X 散熱器｝下吹式/5導管/高5.5/全黑化/TDP:105W【WXZ】,890,,
10,散熱器｜散熱墊｜散熱膏,ID-COOLING 散熱器【2年保固】,17,｛ID-COOLING FROZN A410 DK 黑化版｝4導管/雙風扇/高15.2/TDP:230W【WXZ】,790,,熱賣
10,散熱器｜散熱墊｜散熱膏,ID-COOLING 散熱器【2年保固】,18,｛ID-COOLING FROZN A410 DW 白化版｝4導管/雙風扇/高15.2/TDP:230W【WXZ】,790,,
10,散熱器｜散熱墊｜散熱膏,ID-COOLING 散熱器【2年保固】,19,｛ID-COOLING FROZN A620 PRO SE｝6導管/雙塔雙扇/高15.7/TDP:260W【WXZ】,1090,,熱賣
10,散熱器｜散熱墊｜散熱膏,ID-COOLING 散熱器【2年保固】,20,｛ID-COOLING FROZN A620 PRO SE ARGB 黑｝6導管/雙塔雙扇/高15.7【WXZ】,1290,,
10,散熱器｜散熱墊｜散熱膏,ID-COOLING 散熱器【2年保固】,21,｛ID-COOLING FROZN A620 PRO SE ARGB 白｝6導管/雙塔雙扇/高15.7【WXZ】,1290,,
10,散熱器｜散熱墊｜散熱膏,ID-COOLING 散熱器【2年保固】,22,｛ID-COOLING FROZN A610 ARGB 黑｝6導管/高15.5/全黑化/偏移不干涉【WXZ】,1290,,
10,散熱器｜散熱墊｜散熱膏,ID-COOLING 散熱器【2年保固】,23,｛ID-COOLING FROZN A610 ARGB 白｝6導管/高15.5/白化版/偏移不干涉【WXZ】,1290,,
10,散熱器｜散熱墊｜散熱膏,利民 Thermalright(索摩樂) 散熱器,26,｛利民 AXP90-X47 下吹式｝4導管(6mm)/高4.7cm/AGHP 逆重力導管【WXZ】,950,,
10,散熱器｜散熱墊｜散熱膏,利民 Thermalright(索摩樂) 散熱器,27,｛利民 AXP90-X47 白化版 下吹式｝4導管(6mm)/高4.7cm/AGHP 逆重力導管【WXZ】,1050,,
10,散熱器｜散熱墊｜散熱膏,利民 Thermalright(索摩樂) 散熱器,28,｛利民 AXP120-X67 下吹式｝6導管(6mm)/TL-C12015薄扇/高6.7cm【WXZ】,1390,,
10,散熱器｜散熱墊｜散熱膏,利民 Thermalright(索摩樂) 散熱器,29,｛利民 SI-100 下吹式｝6導管(6mm)/TL-E12風扇/高10cm/AGHP 逆重力導管【WXZ】,1190,,
10,散熱器｜散熱墊｜散熱膏,利民 Thermalright(索摩樂) 散熱器,30,｛利民 Assassin King 120 SE｝5導管(6mm)/高14.8cm/AGHP 逆重力導管【WXZ】,690,,
10,散熱器｜散熱墊｜散熱膏,利民 Thermalright(索摩樂) 散熱器,31,｛利民 Assassin Spirit 120 V2 Plus 刺靈｝4導管(6mm)/正反向雙扇/高15.4cm【WXZ】,790,,
10,散熱器｜散熱墊｜散熱膏,利民 Thermalright(索摩樂) 散熱器,32,｛利民 Assassin X 120 R Digital 黑｝4導管(6mm)/高15.1cm/溫度監控【WXZ】,890,,
10,散熱器｜散熱墊｜散熱膏,利民 Thermalright(索摩樂) 散熱器,33,｛利民 Assassin X 120 R Digital 白｝4導管(6mm)/高15.1cm/溫度監控【WXZ】,890,,
10,散熱器｜散熱墊｜散熱膏,利民 Thermalright(索摩樂) 散熱器,34,｛利民 Burst Assassin 120｝6導管(6mm)/高15.4cm【WXZ】,990,,
10,散熱器｜散熱墊｜散熱膏,利民 Thermalright(索摩樂) 散熱器,35,｛利民 Burst Assassin 120 ARGB｝6導管(6mm)/高15.4cm【WXZ】,1050,,
10,散熱器｜散熱墊｜散熱膏,利民 Thermalright(索摩樂) 散熱器,36,｛利民 Royal Knight 120｝6導管(6mm)/雙塔雙扇/高15.6cm/偏移不干涉【WXZ】,1390,,
10,散熱器｜散熱墊｜散熱膏,利民 Thermalright(索摩樂) 散熱器,37,｛利民 Peerless Assassin 120 MINI 黑化版｝6導管/雙塔單扇/高13.5cm【WXZ】,1250,,
10,散熱器｜散熱墊｜散熱膏,利民 Thermalright(索摩樂) 散熱器,38,｛利民 Peerless Assassin 120 MINI 白化版｝6導管/雙塔單扇/高13.5cm【WXZ】,1250,,
10,散熱器｜散熱墊｜散熱膏,利民 Thermalright(索摩樂) 散熱器,39,｛利民 Peerless Assassin 120 V3 黑｝6導管(6mm)/雙塔雙扇/高15.7cm【WXZ】,1190,,
10,散熱器｜散熱墊｜散熱膏,利民 Thermalright(索摩樂) 散熱器,40,｛利民 Peerless Assassin 120 V3 白｝6導管(6mm)/雙塔雙扇/高15.7cm【WXZ】,1190,,
10,散熱器｜散熱墊｜散熱膏,利民 Thermalright(索摩樂) 散熱器,41,｛利民 Peerless Assassin 120 SE ARGB 白化版｝6導管/雙塔雙扇/高15.5cm【WXZ】,1490,,
10,散熱器｜散熱墊｜散熱膏,利民 Thermalright(索摩樂) 散熱器,42,｛利民 Peerless Assassin 120 Digital ARGB 黑｝6管/雙塔雙扇/高16.2/數位監控【WXZ】,1690,,
10,散熱器｜散熱墊｜散熱膏,利民 Thermalright(索摩樂) 散熱器,43,｛利民 Peerless Assassin 120 Digital ARGB 白｝6管/雙塔雙扇/高16.2/數位監控【WXZ】,1690,,
10,散熱器｜散熱墊｜散熱膏,利民 Thermalright(索摩樂) 散熱器,44,｛利民 Peerless Assassin 120 Vision Max ARGB 黑｝6管/雙塔/高16.4/5吋液晶【WXZ】,2590,,
10,散熱器｜散熱墊｜散熱膏,利民 Thermalright(索摩樂) 散熱器,45,｛利民 Peerless Assassin 120 Vision Max ARGB 白｝6管/雙塔/高16.4/5吋液晶【WXZ】,2590,,
10,散熱器｜散熱墊｜散熱膏,利民 Thermalright(索摩樂) 散熱器,46,｛利民 Peerless Assassin 140 黑化版｝6導管(6mm)/雙塔12+14雙扇/高15.8cm【WXZ】,1600,,
10,散熱器｜散熱墊｜散熱膏,利民 Thermalright(索摩樂) 散熱器,47,｛利民 Peerless Assassin 140 白化版｝6導管(6mm)/雙塔12+14雙扇/高15.8cm【WXZ】,1600,,
10,散熱器｜散熱墊｜散熱膏,利民 Thermalright(索摩樂) 散熱器,48,｛利民 Phantom Spirit 120｝7導管(6mm)/雙塔雙扇/高15.7cm/陽極黑上蓋【WXZ】,1490,,
10,散熱器｜散熱墊｜散熱膏,利民 Thermalright(索摩樂) 散熱器,49,｛利民 Phantom Spirit 120 EVO｝7導管(6mm)/雙塔雙扇(ARGB)/高15.7/全黑化【WXZ】,1890,,
10,散熱器｜散熱墊｜散熱膏,利民 Thermalright(索摩樂) 散熱器,50,｛利民 Frost Commander 140｝5導管(8mm)/雙塔12+14雙扇/高16cm【WXZ】,1990,,
10,散熱器｜散熱墊｜散熱膏,利民 Thermalright(索摩樂) 散熱器,51,｛利民 Frost Commander 140 黑化版｝5導管(8mm)/雙塔12+14雙扇/高16cm【WXZ】,2190,,
10,散熱器｜散熱墊｜散熱膏,利民 Thermalright(索摩樂) 散熱器,52,｛利民 Frost Commander 140 白化版｝5導管(8mm)/雙塔12+14雙扇/高16cm【WXZ】,2290,,
10,散熱器｜散熱墊｜散熱膏,DEEPCOOL 九州風神【3年保固】,55,｛九州風神 AG400｝4導管(6mm)/高15cm【WXZ】,590,,
10,散熱器｜散熱墊｜散熱膏,DEEPCOOL 九州風神【3年保固】,56,｛九州風神 AG400 PLUS｝4導管(6mm)/雙風扇/高15cm/TDP:220W【WXZ】,790,,
10,散熱器｜散熱墊｜散熱膏,DEEPCOOL 九州風神【3年保固】,57,｛九州風神 AG400 ARGB｝4導管(6mm)/高15cm/TDP:220W【WXZ】,690,,
10,散熱器｜散熱墊｜散熱膏,DEEPCOOL 九州風神【3年保固】,58,｛九州風神 AG500｝5導管(6mm)/高15.5cm/TDP:240W【WXZ】,690,,
10,散熱器｜散熱墊｜散熱膏,DEEPCOOL 九州風神【3年保固】,59,｛九州風神 AG600｝6導管(6mm)/高15cm/偏移不干涉【XZ】,990,,
10,散熱器｜散熱墊｜散熱膏,DEEPCOOL 九州風神【3年保固】,60,｛九州風神 AG620 G2｝6導管(6mm)/雙塔雙扇/高15.9cm/CCT2.0並管工藝【XZ】,1190,,
10,散熱器｜散熱墊｜散熱膏,DEEPCOOL 九州風神【3年保固】,61,｛九州風神 AG620 G2 ARGB｝6導管(6mm)/雙塔雙扇/高15.9/CCT2.0並管工藝【XZ】,1390,,
10,散熱器｜散熱墊｜散熱膏,DEEPCOOL 九州風神【3年保固】,62,｛九州風神 AG620 WH ARGB V2 白化版｝6導管(6mm)/雙塔雙扇/高16.1cm【WXZ】,1490,,
10,散熱器｜散熱墊｜散熱膏,DEEPCOOL 九州風神【3年保固】,63,｛九州風神 AG620 DIGITAL｝6導管/雙塔雙扇/高16.1/溫度顯示/TDP:260W【WXZ】,1190,,
10,散熱器｜散熱墊｜散熱膏,DEEPCOOL 九州風神【3年保固】,64,｛九州風神 AK700 DIGITAL NYX｝7導管/高15.7/溫度顯示/智能停轉+反轉設計【WXZ】,1990,,
10,散熱器｜散熱墊｜散熱膏,DEEPCOOL 九州風神【3年保固】,65,｛九州風神 AK700 DIGITAL WH 白｝7導管/高15.7/溫度顯示/智能停轉+反轉設計【WXZ】,1990,,
10,散熱器｜散熱墊｜散熱膏,DEEPCOOL 九州風神【3年保固】,66,｛九州風神 ASSASSIN IV 阿薩辛4 黑｝7導管/雙塔反葉扇/高16.4cm/不干涉/6年【WXZ】,3290,,
10,散熱器｜散熱墊｜散熱膏,DEEPCOOL 九州風神【3年保固】,67,｛九州風神 ASSASSIN IV 阿薩辛4 白｝7導管/雙塔反葉扇/高16.4cm/不干涉/6年【WXZ】,3390,,
10,散熱器｜散熱墊｜散熱膏,DEEPCOOL 九州風神【3年保固】,68,｛九州風神 ASSASSIN IV VC VISION｝7導管/雙塔雙扇/均熱底座/高17.2/溫度顯示/不干涉/6年【WXZ】,4290,,
10,散熱器｜散熱墊｜散熱膏,DEEPCOOL 九州風神【3年保固】,69,｛九州風神 ASSASSIN VC ELITE 黑｝7導管/雙塔雙扇/均熱底座/高16.4/不干涉/6年【WXZ】,3890,,
10,散熱器｜散熱墊｜散熱膏,DEEPCOOL 九州風神【3年保固】,70,｛九州風神 ASSASSIN VC ELITE WH 白｝7導管/雙塔雙扇/均熱底座/高16.4/不干涉/6年【WXZ】,3890,,
10,散熱器｜散熱墊｜散熱膏,銀欣 SILVERSTONE,73,｛銀欣 XE02-2066 散熱器｝LGA2011 / 2066 腳位/2U適用/TDP:165W/高6.45,1499,,
10,散熱器｜散熱墊｜散熱膏,銀欣 SILVERSTONE,74,｛銀欣 XE02-3647SB 散熱器｝LGA3647 Square腳位/2U適用/TDP:205W/高6.4【客訂】,1690,,
10,散熱器｜散熱墊｜散熱膏,銀欣 SILVERSTONE,75,｛銀欣 XE02-3647N 散熱器｝LGA3647 Narrow腳位/2U適用/TDP:205W/高6.4【客訂】,1690,,
10,散熱器｜散熱墊｜散熱膏,銀欣 SILVERSTONE,76,｛銀欣 XE04-4677 散熱器｝LGA4677 腳位/4U適用/TDP:270W/高12.6【客訂】,3220,,
10,散熱器｜散熱墊｜散熱膏,銀欣 SILVERSTONE,77,｛銀欣 XED120 4U散熱器｝LGA4677/SP6/sTR5/4U適用/TDP:450W/高14.5【客訂】,4250,,
10,散熱器｜散熱墊｜散熱膏,銀欣 SILVERSTONE,78,｛銀欣 Hydrogon H90 ARGB｝下吹式散熱器 /4導管/高4.8/3pin(5V)【WXZ】,1050,,
10,散熱器｜散熱墊｜散熱膏,銀欣 SILVERSTONE,79,｛銀欣 Argon V140 ARGB 散熱器｝4導管/高16/14cm風扇【WXZ】原價$1290,890,,熱賣
10,散熱器｜散熱墊｜散熱膏,銀欣 SILVERSTONE,80,｛銀欣 Hydrogon D120 ARGB 散熱器｝6導管/雙塔雙扇/高15.3/偏移不干涉【WXZ】,1260,,
10,散熱器｜散熱墊｜散熱膏,CoolerMaster 酷碼散熱器,83,｛酷碼 LGA1700 空冷專用扣具(A)｝(Hyper 212 EVO V2 / MasterAir MA612 Stealth),99,,
10,散熱器｜散熱墊｜散熱膏,CoolerMaster 酷碼散熱器,84,｛酷碼 I50 LGA1700 下吹式 散熱器｝高度6cm/9.2cm風扇【Z】,349,,
10,散熱器｜散熱墊｜散熱膏,CoolerMaster 酷碼散熱器,85,｛酷碼 I70C ARGB LGA1700 下吹式 散熱器｝高度7cm/12cm風扇【Z】,599,,
10,散熱器｜散熱墊｜散熱膏,CoolerMaster 酷碼散熱器,86,｛酷碼 Hyper 411 Nano 散熱器｝黑化版/4導管/高13.6【WXZ】,690,,
10,散熱器｜散熱墊｜散熱膏,CoolerMaster 酷碼散熱器,87,｛酷碼 Hyper 212 Spectrum V3 散熱器｝4導管/高15.2/ARGB【WXZ】,590,,
10,散熱器｜散熱墊｜散熱膏,CoolerMaster 酷碼散熱器,88,｛酷碼 Hyper 212 Flow｝4導管/高15.4/全黑化/直觸式導熱【WXZ】,590,,
10,散熱器｜散熱墊｜散熱膏,CoolerMaster 酷碼散熱器,89,｛酷碼 Hyper 212 Flow ARGB｝4導管/高15.4/全黑化/直觸式導熱【WXZ】,690,,
10,散熱器｜散熱墊｜散熱膏,CoolerMaster 酷碼散熱器,90,｛酷碼 Hyper 212 3DHP Black ARGB 散熱器｝全黑化/高15.8/獨家3D熱管技術【WXZ】,790,,
10,散熱器｜散熱墊｜散熱膏,CoolerMaster 酷碼散熱器,91,｛酷碼 V4 ALPHA 3DHP Black 散熱器｝全黑化/高16.1/雙風扇/獨家3D熱管技術【WXZ】,990,,
10,散熱器｜散熱墊｜散熱膏,CoolerMaster 酷碼散熱器,92,｛酷碼 Hyper 620S 散熱器｝6導管/雙塔雙扇/高15.5/自帶ARGB(可控)【WXZ】,1190,,
10,散熱器｜散熱墊｜散熱膏,CoolerMaster 酷碼散熱器,93,｛酷碼 Hyper 622 Halo Black｝黑化版/6導管/雙塔雙扇/高15.7/自帶ARGB(可控)【WXZ】,1690,,
10,散熱器｜散熱墊｜散熱膏,CoolerMaster 酷碼散熱器,94,｛酷碼 Hyper 622 Halo White｝白化版/6導管/雙塔雙扇/高15.7/自帶ARGB(可控)【WXZ】,1690,,
10,散熱器｜散熱墊｜散熱膏,CoolerMaster 酷碼散熱器,95,｛酷碼 Hyper 612 APEX 黑 散熱器｝6導管/單塔雙扇/高15.9/偏移不干涉【WXZ】,1690,,
10,散熱器｜散熱墊｜散熱膏,CoolerMaster 酷碼散熱器,96,｛酷碼 Hyper 612 APEX 白 散熱器｝6導管/單塔雙扇/高15.9/偏移不干涉【WXZ】,1690,,
10,散熱器｜散熱墊｜散熱膏,CoolerMaster 酷碼散熱器,97,｛酷碼 V8 Ace 3DHP AMD 散熱器｝6導管/單塔雙扇/高16.7/LCP側滑風扇【X】,3490,,熱賣
10,散熱器｜散熱墊｜散熱膏,CoolerMaster 酷碼散熱器,99,｛酷碼 V8 Ace 3DHP Intel 散熱器｝6導管/單塔雙扇/高16.7/LCP側滑風扇【WZ】,3490,,
10,散熱器｜散熱墊｜散熱膏,鎌刀 Scythe 散熱器【3年保固】,103,｛Scythe 手裏劍3(SCSK-3000) 下吹式｝4導管/高3.9/回流焊工藝【WXZ】,990,,
10,散熱器｜散熱墊｜散熱膏,鎌刀 Scythe 散熱器【3年保固】,104,｛Scythe 大手裏劍4(SCBSK-4000) 下吹式｝6導管/高6.7cm/12cm薄扇【WXZ】,1190,,
10,散熱器｜散熱墊｜散熱膏,鎌刀 Scythe 散熱器【3年保固】,105,｛Scythe 虎徹3(SCKTT-3000)｝12cm風扇/4導管(6mm)/高15.4cm【WXZ】,690,,
10,散熱器｜散熱墊｜散熱膏,鎌刀 Scythe 散熱器【3年保固】,106,｛Scythe 虎徹4 ARGB(SCKTT-4000AR)｝4導管(6mm)/高15.5cm【WXZ】,1090,,
10,散熱器｜散熱墊｜散熱膏,鎌刀 Scythe 散熱器【3年保固】,107,｛Scythe 無限6(SCMG-6000)｝6導管(6mm)12cm風扇/高15.4cm/偏移不干涉【WXZ】,1090,,
10,散熱器｜散熱墊｜散熱膏,鎌刀 Scythe 散熱器【3年保固】,108,｛Scythe 無限6 闇黑版(SCMG-6000DBE)｝6導管/單塔雙扇/高15.4cm/偏移不干涉【WXZ】,1490,,
10,散熱器｜散熱墊｜散熱膏,鎌刀 Scythe 散熱器【3年保固】,109,｛Scythe 無限6 雪彩版｝6導管/單塔雙扇/高15.4/白化版/A.RGB扇/偏移不干涉【WXZ】,1590,,
10,散熱器｜散熱墊｜散熱膏,鎌刀 Scythe 散熱器【3年保固】,110,｛Scythe 無限6 TUF 黑｝6導管/單塔雙扇/高15.4/全黑化/A.RGB扇/偏移不干涉【WXZ】,1690,,
10,散熱器｜散熱墊｜散熱膏,鎌刀 Scythe 散熱器【3年保固】,111,｛Scythe 無限6 TUF 白｝6導管/單塔雙扇/高15.4/白化版/A.RGB扇/偏移不干涉【WXZ】,1690,,
10,散熱器｜散熱墊｜散熱膏,鎌刀 Scythe 散熱器【3年保固】,112,｛Scythe 風魔3(SCFM-3000)｝6導管(6mm)/雙塔雙扇/高15.4cm/偏移不干涉【WXZ】,1290,,
10,散熱器｜散熱墊｜散熱膏,鎌刀 Scythe 散熱器【3年保固】,113,｛Scythe 孫六(SCMR-1000)｝6導管(6mm)/雙塔雙扇/高15.5cm【WXZ】,1590,,
10,散熱器｜散熱墊｜散熱膏,Noctua 貓頭鷹 散熱器 【6年保固】,116,｛貓頭鷹 NH-U14S TR5-SP6｝6導管/雙NF-A15 PWM扇/六年保/高16.5【sTR5/SP6專用】,4250,,
10,散熱器｜散熱墊｜散熱膏,Noctua 貓頭鷹 散熱器 【6年保固】,117,"【提醒】NH-U12/NH-U14/NH-D15/NH-D15S,搭ROG Strix 系列主機板,請查詢相容列表",1,,熱賣
10,散熱器｜散熱墊｜散熱膏,Noctua 貓頭鷹 散熱器 【6年保固】,118,｛貓頭鷹 NH-U12A｝7導管/NF-A12X25 PWM風扇*2/高15.8【WXZ】,3885,,
10,散熱器｜散熱墊｜散熱膏,Noctua 貓頭鷹 散熱器 【6年保固】,119,｛貓頭鷹 NH-U12A chromax.black 黑化版｝7導管/NF-A12X25風扇*2/高15.8【WXZ】,4185,,
10,散熱器｜散熱墊｜散熱膏,Noctua 貓頭鷹 散熱器 【6年保固】,120,｛貓頭鷹 NH-U12S｝5導管/NF-F12 PWM風扇/六年保/高15.8【WXZ】,2420,,
10,散熱器｜散熱墊｜散熱膏,Noctua 貓頭鷹 散熱器 【6年保固】,121,｛貓頭鷹 NH-U12S chromax.black｝黑化版/5導管/NF-F12 PWM/六年保/高15.8【WXZ】,2585,,
10,散熱器｜散熱墊｜散熱膏,Noctua 貓頭鷹 散熱器 【6年保固】,122,｛貓頭鷹 NH-U14S｝6導管/NF-A15 PWM風扇/六年保/高16.5【WXZ】,2650,,
10,散熱器｜散熱墊｜散熱膏,Noctua 貓頭鷹 散熱器 【6年保固】,123,"【提醒】NH-U12/NH-U14/NH-D15/NH-D15S,搭ROG Strix 系列主機板,請查詢相容列表",1,,熱賣
10,散熱器｜散熱墊｜散熱膏,Noctua 貓頭鷹 散熱器 【6年保固】,124,｛貓頭鷹 NH-D12L｝5導管/NF-A12x25r PWM風扇/雙塔/非對稱式/六年保/高14.5【WXZ】,3355,,
10,散熱器｜散熱墊｜散熱膏,Noctua 貓頭鷹 散熱器 【6年保固】,125,｛貓頭鷹 NH-D15S｝6導管/NF-A15 PWM風扇/雙塔/非對稱式/六年保/高16【WXZ】,3275,,
10,散熱器｜散熱墊｜散熱膏,Noctua 貓頭鷹 散熱器 【6年保固】,126,｛貓頭鷹 NH-D15S chromax.black｝黑化版/6導管/雙塔/非對稱式/六年保/高16【WXZ】,3665,,
10,散熱器｜散熱墊｜散熱膏,Noctua 貓頭鷹 散熱器 【6年保固】,127,｛貓頭鷹 NH-D15｝6導管/NF-A15 PWM風扇*2/雙塔/六年保/高16.8【WXZ】,3615,,
10,散熱器｜散熱墊｜散熱膏,Noctua 貓頭鷹 散熱器 【6年保固】,128,｛貓頭鷹 NH-D15 chromax.black｝黑化版/6導管/NF-A15 PWM*2/雙塔/高16.8【WXZ】,3895,,
10,散熱器｜散熱墊｜散熱膏,Noctua 貓頭鷹 散熱器 【6年保固】,129,｛貓頭鷹 NH-D15 G2｝標準版/8導管/NF-A14x25r G2風扇*2/雙塔/六年保/高16.8【WXZ】,5300,,
10,散熱器｜散熱墊｜散熱膏,Noctua 貓頭鷹 散熱器 【6年保固】,130,｛貓頭鷹 NH-D15 G2 chromax.black｝黑化版/8導管/雙塔雙扇/六年保/高16.8【WXZ】,5600,,
10,散熱器｜散熱墊｜散熱膏,Noctua 貓頭鷹 散熱器 【6年保固】,131,｛貓頭鷹 NH-D9L｝4導管/NF-A9 PWM風扇/支援3U/六年保/高11【WXZ】,2125,,
10,散熱器｜散熱墊｜散熱膏,Noctua 貓頭鷹 散熱器 【6年保固】,132,｛貓頭鷹 NH-U9S｝5導管/NF-A9 PWM風扇/六年保/高12.5【WXZ】,2345,,
10,散熱器｜散熱墊｜散熱膏,Noctua 貓頭鷹 散熱器 【6年保固】,133,｛貓頭鷹 NH-L9a-AM5｝下吹式/NF-A9x14 PWM扇/六年保/高3.7/AM5專用,1665,,
10,散熱器｜散熱墊｜散熱膏,Noctua 貓頭鷹 散熱器 【6年保固】,134,｛貓頭鷹 NH-L9a-AM5 chromax.black｝黑化版/下吹式/六年保/高3.7/AM5專用,1795,,
10,散熱器｜散熱墊｜散熱膏,Noctua 貓頭鷹 散熱器 【6年保固】,135,｛貓頭鷹 NH-L9i-17xx｝下吹式/NF-A9x14 HS-PWM扇/六年/高3.7/Intel專用(1700)【Z】,1645,,
10,散熱器｜散熱墊｜散熱膏,Noctua 貓頭鷹 散熱器 【6年保固】,136,｛貓頭鷹 NH-L9i-17xx chromax.black｝黑化版/下吹式/高3.7/Intel專用(1700)【Z】,1775,,
10,散熱器｜散熱墊｜散熱膏,Noctua 貓頭鷹 散熱器 【6年保固】,137,｛貓頭鷹 NH-L9x65｝下吹式/NF-A9x14 PWM風扇/六年/高6.5【WXZ】,1850,,
10,散熱器｜散熱墊｜散熱膏,Noctua 貓頭鷹 散熱器 【6年保固】,138,｛貓頭鷹 NH-C14S｝下吹式/NF-A14 PWM風扇/六年/高11.5~14.2【WXZ】,2855,,
10,散熱器｜散熱墊｜散熱膏,威剛 XPG,141,｛XPG MAESTRO PLUS 42SA 黑｝4導管/高15.6/數位監控/全黑化/TDP:220【WXZ】,690,,
10,散熱器｜散熱墊｜散熱膏,威剛 XPG,142,｛XPG MAESTRO PLUS 42SA 白｝4導管/高15.6/數位監控/白化版/TDP:220【WXZ】,690,,
10,散熱器｜散熱墊｜散熱膏,威剛 XPG,143,｛XPG MAESTRO PLUS 62DA｝6導管/高15.6/雙塔雙扇/數位監控/全黑化/TDP:250【WXZ】,1390,,
10,散熱器｜散熱墊｜散熱膏,君主 Montech 散熱器,146,｛Montech NX400 ARGB 黑｝4導管/高度15.6/FDB軸 28mm風壓扇【WXZ】,690,,
10,散熱器｜散熱墊｜散熱膏,君主 Montech 散熱器,147,｛Montech NX400 ARGB 白｝4導管/高度15.6/FDB軸 28mm風壓扇【WXZ】,690,,
10,散熱器｜散熱墊｜散熱膏,君主 Montech 散熱器,148,｛Montech NX600 黑｝6導管/高16/雙塔雙扇/HDB軸 28mm風壓扇【WXZ】,1150,,
10,散熱器｜散熱墊｜散熱膏,君主 Montech 散熱器,149,｛Montech NX600 白｝6導管/高16/雙塔雙扇/HDB軸 28mm風壓扇【WXZ】,1150,,
10,散熱器｜散熱墊｜散熱膏,君主 Montech 散熱器,150,｛Montech NX600 ARGB 黑｝6導管/高16/雙塔雙扇/HDB軸 28mm風壓扇【WXZ】,1250,,
10,散熱器｜散熱墊｜散熱膏,君主 Montech 散熱器,151,｛Montech NX600 ARGB 白｝6導管/高16/雙塔雙扇/HDB軸 28mm風壓扇【WXZ】,1250,,
10,散熱器｜散熱墊｜散熱膏,快睿 CRYORIG 散熱器,154,｛快睿 C5 下吹式 散熱器｝VC 均熱底座/高5.49cm/全黑化/TDP:165【WXZ】,1390,,
10,散熱器｜散熱墊｜散熱膏,快睿 CRYORIG 散熱器,155,｛快睿 C5 Cu 下吹式 散熱器｝全銅 VC 均熱底座/高5.49cm/TDP:180【WXZ】,1690,,
10,散熱器｜散熱墊｜散熱膏,快睿 CRYORIG 散熱器,156,｛快睿 CR401 ARGB 散熱器｝4導管(6mm)/高15cm/TDP:200【WXZ】,490,,
10,散熱器｜散熱墊｜散熱膏,快睿 CRYORIG 散熱器,157,｛快睿 H4 散熱器｝4導管(6mm)/高14.8cm/ARGB/TDP:180【WXZ】,690,,
10,散熱器｜散熱墊｜散熱膏,快睿 CRYORIG 散熱器,158,｛快睿 H6 散熱器｝6導管(6mm)/高14.8cm/ARGB/TDP:200【WXZ】,890,,
10,散熱器｜散熱墊｜散熱膏,快睿 CRYORIG 散熱器,159,｛快睿 CR6S 散熱器｝6導管(6mm)/高15.7/雙塔雙扇/ARGB/TDP:250【WXZ】,1190,,
10,散熱器｜散熱墊｜散熱膏,先馬 SAMA,162,｛SAMA X30 散熱器｝3導管(6mm)/高13.4cm/全黑化/TDP:200【WXZ】,490,,
10,散熱器｜散熱墊｜散熱膏,先馬 SAMA,163,｛SAMA X40L 黑 散熱器｝4導管(6mm)/高13.4cm/ARGB/TDP:220【WXZ】,550,,
10,散熱器｜散熱墊｜散熱膏,先馬 SAMA,164,｛SAMA X40L 白化版 散熱器｝4導管(6mm)/高13.4cm/ARGB/TDP:220【WXZ】,550,,
10,散熱器｜散熱墊｜散熱膏,先馬 SAMA,165,｛SAMA A40L 黑 散熱器｝4導管(6mm)/高15.2cm/ARGB/TDP:240【WXZ】,690,,
10,散熱器｜散熱墊｜散熱膏,先馬 SAMA,166,｛SAMA A40L 白化版 散熱器｝4導管(6mm)/高15.2cm/ARGB/TDP:240【WXZ】,790,,
10,散熱器｜散熱墊｜散熱膏,先馬 SAMA,167,｛SAMA A60L 散熱器｝6導管(6mm)高15.7cm/雙塔雙扇/回流焊工藝/TDP:265【WXZ】,1390,,
10,散熱器｜散熱墊｜散熱膏,振華 Super Flower,170,｛振華 ST4 ARGB 黑 散熱器｝4導管/高15.3cm/黑化版/鋁製上蓋【WXZ】,590,,
10,散熱器｜散熱墊｜散熱膏,微星 MSI 散熱器,173,｛微星 MAG COREFROZR AA13(黑) 散熱器｝4導管(6mm)/高15.2cm/TDP:240【XZ】,790,,
10,散熱器｜散熱墊｜散熱膏,微星 MSI 散熱器,174,｛微星 MAG COREFROZR AA13(白) 散熱器｝4導管(6mm)/高15.2cm/TDP:240【XZ】,790,,
10,散熱器｜散熱墊｜散熱膏,全漢 FSP 散熱器,177,｛全漢 NE5 散熱器｝4導管(6mm)/高15cm/ARGB【WXZ】,490,,
10,散熱器｜散熱墊｜散熱膏,全漢 FSP 散熱器,178,｛全漢 NP5 ARGB 散熱器｝4導管(6mm)/高15.1cm【WXZ】,790,,
10,散熱器｜散熱墊｜散熱膏,全漢 FSP 散熱器,179,｛全漢 NP5 BLACK 散熱器｝4導管(6mm)/高15.1cm/全黑化【WXZ】,790,,
10,散熱器｜散熱墊｜散熱膏,全漢 FSP 散熱器,180,｛全漢 NP5 WHITE ARGB 散熱器｝4導管(6mm)/高15.1cm/白化版【WXZ】,790,,
10,散熱器｜散熱墊｜散熱膏,全漢 FSP 散熱器,181,｛全漢 MP7 ARGB 散熱器｝6導管(6mm)/高15.3cm/雙塔雙扇【WXZ】,1390,,
10,散熱器｜散熱墊｜散熱膏,全漢 FSP 散熱器,182,｛全漢 MP7 BLACK 散熱器｝6導管(6mm)/高15.3cm/雙塔雙扇/全黑化【WXZ】,1390,,
10,散熱器｜散熱墊｜散熱膏,全漢 FSP 散熱器,183,｛全漢 MP7 WHITE ARGB 散熱器｝6導管(6mm)/高15.3cm/雙塔雙扇/白化版【WXZ】,1390,,
10,散熱器｜散熱墊｜散熱膏,大飛 darkFlash 散熱器,186,｛darkFlash E400 PLUS 黑 散熱器｝4管/高15.5/雙風扇/點陣溫度顯示/TDP:235W【WXZ】,1190,,
10,散熱器｜散熱墊｜散熱膏,大飛 darkFlash 散熱器,187,｛darkFlash E400 PLUS 白 散熱器｝4管/高15.5/雙風扇/點陣溫度顯示/TDP:235W【WXZ】,1290,,
10,散熱器｜散熱墊｜散熱膏,創氪星系 TRYX 散熱器,190,｛TRYX TURRIS 620 黑｝6導管/高16.5/雙塔雙扇/5吋液晶/無孔回流焊/TDP:280W【XZ】,4590,,
10,散熱器｜散熱墊｜散熱膏,喬思伯 Jonsbo 散熱器,193,｛喬思伯 PISA A5 白 散熱器｝5導管/高15.3/ARGB/底部輔助鰭片/TDP:265【WXZ】,899,,
10,散熱器｜散熱墊｜散熱膏,喬思伯 Jonsbo 散熱器,194,｛喬思伯 CR1400 EVO 黑 散熱器｝4導管/高13/9cm風扇/TDP:180【WXZ】,499,,
10,散熱器｜散熱墊｜散熱膏,喬思伯 Jonsbo 散熱器,195,｛喬思伯 CR1400 DV2 黑 散熱器｝6導管/高13.6/Mini雙塔雙扇/ARGB/TDP:230【WXZ】,1190,,
10,散熱器｜散熱墊｜散熱膏,喬思伯 Jonsbo 散熱器,196,｛喬思伯 CR1400 DV2 白 散熱器｝6導管/高13.6/Mini雙塔雙扇/ARGBTDP:230【WXZ】,1190,,
10,散熱器｜散熱墊｜散熱膏,喬思伯 Jonsbo 散熱器,197,｛喬思伯 CR3000 白 散熱器｝7導管/高16/雙塔雙扇/ARGB/TDP:260【WXZ】,1390,,
10,散熱器｜散熱墊｜散熱膏,喬思伯 Jonsbo 散熱器,198,｛喬思伯 CA90 黑 散熱器｝6導管/高15.9/雙塔雙扇(內置13cm)/全黑化/TDP:270【WXZ】,1690,,
10,散熱器｜散熱墊｜散熱膏,喬思伯 Jonsbo 散熱器,199,｛喬思伯 CB40 黑 散熱器｝4導管/高15.3/長條無限鏡上蓋/ARGB/TDP:225【WXZ】,699,,
10,散熱器｜散熱墊｜散熱膏,喬思伯 Jonsbo 散熱器,200,｛喬思伯 CB40 白 散熱器｝4導管/高15.3/長條無限鏡上蓋/ARGB/TDP:225【WXZ】,699,,
10,散熱器｜散熱墊｜散熱膏,喬思伯 Jonsbo 散熱器,201,｛喬思伯 CB80 黑 散熱器｝6導管/高15.3/雙塔雙扇/長條無限鏡上蓋/ARGB/TDP:260【WXZ】,1290,,
10,散熱器｜散熱墊｜散熱膏,喬思伯 Jonsbo 散熱器,202,｛喬思伯 CB80 白 散熱器｝6導管/高15.3/雙塔雙扇/長條無限鏡上蓋/ARGB/TDP:260【WXZ】,1290,,
10,散熱器｜散熱墊｜散熱膏,喬思伯 Jonsbo 散熱器,203,｛喬思伯 CC90 黑 散熱器｝6導管/高15.8/雙塔雙扇/全黑化/溫度監控/TDP:285【WXZ】,2190,,
10,散熱器｜散熱墊｜散熱膏,喬思伯 Jonsbo 散熱器,204,｛喬思伯 CC90 白 散熱器｝6導管/高15.8/雙塔雙扇/全白化/溫度監控/TDP:285【WXZ】,2190,,
10,散熱器｜散熱墊｜散熱膏,高效能散熱膏,206,｛利民 Thermalright TFX 散熱膏 2公克｝導熱係數 14.3W/mK,360,,
10,散熱器｜散熱墊｜散熱膏,高效能散熱膏,207,｛利民 Thermalright TF8 散熱膏 2公克｝導熱係數 13.8W/mK,250,,
10,散熱器｜散熱墊｜散熱膏,高效能散熱膏,208,｛利民 Thermalright TF8 散熱膏 5.8公克｝導熱係數 13.8W/mK,590,,
10,散熱器｜散熱墊｜散熱膏,高效能散熱膏,209,｛利民 Thermalright TF9 散熱膏 1.5公克｝導熱係數 14W/mK,190,,
10,散熱器｜散熱墊｜散熱膏,高效能散熱膏,210,｛利民 Thermalright Silver King 液態金屬膏｝1公克/導熱係數 79W/mK【避免接觸鋁製品】,280,,
10,散熱器｜散熱墊｜散熱膏,高效能散熱膏,211,｛酷碼 HTK-002 美國道康膏｝導熱係數 0.8W/m-K,70,,
10,散熱器｜散熱墊｜散熱膏,高效能散熱膏,212,｛酷碼 IceFusion 新酷媽涼膏V2｝40公克/導熱係數 5 W/mK(RG-ICF-CWR3-GP),199,,
10,散熱器｜散熱墊｜散熱膏,高效能散熱膏,213,｛酷碼 CryoFuze 7 超效散熱膏｝4公克/附刮刀/(MGZ-NDSG-N04G-R1),249,,
10,散熱器｜散熱墊｜散熱膏,高效能散熱膏,214,｛華碩 ROG Strix RG-05 高效能散熱膏｝3公克,299,,
10,散熱器｜散熱墊｜散熱膏,矽膠導熱片,217,｛酷碼 Thermal Pad 導熱片 1.0mm｝95x45mm/13.3W/mK(TPX-NOPP-9010-R1),249,,
10,散熱器｜散熱墊｜散熱膏,矽膠導熱片,218,｛利民 Thermalright EXTREME ODYSSEY II 導熱片 1.0mm｝85x45mm/14.8 W/mk,249,,
10,散熱器｜散熱墊｜散熱膏,矽膠導熱片,219,｛利民 Thermalright EXTREME ODYSSEY II 導熱片 1.5mm｝85x45mm/14.8 W/mk,299,,
10,散熱器｜散熱墊｜散熱膏,矽膠導熱片,220,｛利民 Thermalright EXTREME ODYSSEY II 導熱片 2.0mm｝85x45mm/14.8 W/mk,329,,
10,散熱器｜散熱墊｜散熱膏,筆記型專用散熱座,222,｛酷碼 Connect Stand｝網通設備 散熱架 /金屬網孔/可拆卸 12cm反向風扇,690,,
10,散熱器｜散熱墊｜散熱膏,筆記型專用散熱座,223,"｛酷碼 NotePal X150 Spectrum RGB｝散熱墊 /含USB*3,Type-C*1/支援 17吋",1290,,
10,散熱器｜散熱墊｜散熱膏,筆記型專用散熱座,224,｛酷碼 NotePal ErgoStand Lite 散熱墊｝五種角度+支援 15.6吋(R9-NBS-ESLK-GP),690,,
10,散熱器｜散熱墊｜散熱膏,筆記型專用散熱座,225,｛酷碼 NotePal ErgoStand III 散熱座｝六段角度調整、23cm散熱風扇、USB*4,1190,,
10,散熱器｜散熱墊｜散熱膏,筆記型專用散熱座,226,｛Raymii RNF-K02 RGB雙風扇散熱筆電架｝USB*2 / 支援最大17吋/可接手機架,399,,
10,散熱器｜散熱墊｜散熱膏,筆記型專用散熱座,227,｛Raymii RNF-K6 大風扇RGB散熱筆電架｝USB*2 / 支援最大19吋/可接手機架,999,,
10,散熱器｜散熱墊｜散熱膏,筆記型專用散熱座,228,｛Raymii D301 鋁合金 RGB 風扇旋轉筆電支架｝旋轉底座 / USB*2 / 支援17吋,1199,,
11,封閉式｜開放式水冷,特價 or 活動專區,2,｛TRYX STAGE 360 ARGB 黑 水冷｝4.0吋雙螢幕/Asetek泵浦/6年【WXZ】,7990,,熱賣
11,封閉式｜開放式水冷,特價 or 活動專區,4,｛TRYX STAGE 360 ARGB 白 水冷｝4.0吋雙螢幕/Asetek泵浦/6年【WXZ】,7990,,熱賣
11,封閉式｜開放式水冷,華碩 ASUS【0800到府 6年保固換新】保固內非人損漏液賠償！保固內非人損換新。,8,｛華碩 ASUS LC 240 ARGB 水冷｝格柵式導光條/可更換銘牌/厚:5.2cm/5年【XZ】,1990,,
11,封閉式｜開放式水冷,華碩 ASUS【0800到府 6年保固換新】保固內非人損漏液賠償！保固內非人損換新。,9,｛華碩 ASUS LC 360 ARGB 水冷｝格柵式導光條/可更換銘牌/厚:5.2cm/5年【XZ】,2390,,
11,封閉式｜開放式水冷,華碩 ASUS【0800到府 6年保固換新】保固內非人損漏液賠償！保固內非人損換新。,10,｛華碩 Prime LC II 360 ARGB LCD(黑)水冷｝3.95吋液晶/一體式風扇/厚:5.2cm/6年【XZ】,3890,,
11,封閉式｜開放式水冷,華碩 ASUS【0800到府 6年保固換新】保固內非人損漏液賠償！保固內非人損換新。,11,｛華碩 Prime LC II 360 ARGB LCD(白)水冷｝3.95吋液晶/一體式風扇/厚:5.2cm/6年【XZ】,3990,,
11,封閉式｜開放式水冷,華碩 ASUS【0800到府 6年保固換新】保固內非人損漏液賠償！保固內非人損換新。,12,｛華碩 MAX GAMING LC 360 ARGB LCD(黑) 水冷｝2.4吋液晶/厚:5.6cm/6年【XZ】,3590,,
11,封閉式｜開放式水冷,華碩 ASUS【0800到府 6年保固換新】保固內非人損漏液賠償！保固內非人損換新。,13,｛華碩 MAX GAMING LC 360 ARGB LCD(白) 水冷｝2.4吋液晶/厚:5.6cm/6年【XZ】,3690,,
11,封閉式｜開放式水冷,華碩 ASUS【0800到府 6年保固換新】保固內非人損漏液賠償！保固內非人損換新。,14,｛華碩 TUF GAMING LC III 240 ARGB 白｝一體式風扇/厚:5.36cm/6年【WXZ】,2990,,
11,封閉式｜開放式水冷,華碩 ASUS【0800到府 6年保固換新】保固內非人損漏液賠償！保固內非人損換新。,15,｛華碩 TUF GAMING LC III 360 ARGB 黑｝一體式風扇/厚:5.36cm/6年【WXZ】,3790,,
11,封閉式｜開放式水冷,華碩 ASUS【0800到府 6年保固換新】保固內非人損漏液賠償！保固內非人損換新。,16,｛華碩 TUF GAMING LC III 360 ARGB 白｝一體式風扇/厚:5.36cm/6年【WXZ】,3990,,
11,封閉式｜開放式水冷,華碩 ASUS【0800到府 6年保固換新】保固內非人損漏液賠償！保固內非人損換新。,17,｛華碩 TUF GAMING LC III 360 ARGB LCD 黑｝2.8吋液晶/一體扇/厚:5.36/6年【WXZ】,4690,,
11,封閉式｜開放式水冷,華碩 ASUS【0800到府 6年保固換新】保固內非人損漏液賠償！保固內非人損換新。,18,｛華碩 TUF GAMING LC III 360 ARGB LCD 白｝2.8吋液晶/一體扇/厚:5.36/6年【WXZ】,4890,,
11,封閉式｜開放式水冷,華碩 ASUS【0800到府 6年保固換新】保固內非人損漏液賠償！保固內非人損換新。,19,｛華碩 ROG STRIX LC III 360 飛龍三代(無光風扇)｝Asetek7th v2/可轉冷頭/6年【WXZ】,4790,,
11,封閉式｜開放式水冷,華碩 ASUS【0800到府 6年保固換新】保固內非人損漏液賠償！保固內非人損換新。,20,｛華碩 ROG STRIX LC III 360 ARGB 飛龍三代｝Asetek7th v2/可旋轉冷頭/6年【WXZ】,4990,,
11,封閉式｜開放式水冷,華碩 ASUS【0800到府 6年保固換新】保固內非人損漏液賠償！保固內非人損換新。,21,｛華碩 ROG STRIX LC III 360 ARGB 白龍三代｝Asetek7th v2/可旋轉冷頭/6年【WXZ】,4990,,
11,封閉式｜開放式水冷,華碩 ASUS【0800到府 6年保固換新】保固內非人損漏液賠償！保固內非人損換新。,22,｛華碩 ROG STRIX LC III 360 ARGB LCD 白龍｝2.1吋液晶/Asetek7th v2/6年【WXZ】,5490,,
11,封閉式｜開放式水冷,華碩 ASUS【0800到府 6年保固換新】保固內非人損漏液賠償！保固內非人損換新。,23,｛華碩 ROG STRIX LC IV 360 ARGB LCD 飛龍｝5.08吋液晶/Q-Connector模組/6年【XZ】,6690,,
11,封閉式｜開放式水冷,華碩 ASUS【0800到府 6年保固換新】保固內非人損漏液賠償！保固內非人損換新。,24,｛華碩 ROG STRIX LC IV 360 ARGB LCD 白龍｝5.08吋液晶/Q-Connector模組/6年【XZ】,6890,,
11,封閉式｜開放式水冷,華碩 ASUS【0800到府 6年保固換新】保固內非人損漏液賠償！保固內非人損換新。,25,｛華碩 ROG STRIX SLC IV 360 ARGB LCD 飛龍｝5.08吋液晶/Q-Connector模組/6年【XZ】,6690,,
11,封閉式｜開放式水冷,華碩 ASUS【0800到府 6年保固換新】保固內非人損漏液賠償！保固內非人損換新。,27,｛華碩 ROG RYUO IV 360 ARGB(黑) 龍王四代｝6.67吋曲面(螢幕2年保)/6年【XZ】,12690,,
11,封閉式｜開放式水冷,華碩 ASUS【0800到府 6年保固換新】保固內非人損漏液賠償！保固內非人損換新。,28,華碩 ROG RYUO IV 360 ARGB(黑) 龍王+華碩 ROG STRIX 1000W(黑) 白金(Equalizer),15990,,熱賣
11,封閉式｜開放式水冷,華碩 ASUS【0800到府 6年保固換新】保固內非人損漏液賠償！保固內非人損換新。,29,｛華碩 ROG RYUO IV 360 ARGB(白) 龍王四代｝6.67吋曲面(螢幕2年保)/6年【XZ】,12990,,
11,封閉式｜開放式水冷,華碩 ASUS【0800到府 6年保固換新】保固內非人損漏液賠償！保固內非人損換新。,30,華碩 ROG RYUO IV 360 ARGB(白) 龍王+華碩 ROG STRIX 1000W(白) 白金(Equalizer),15990,,熱賣
11,封閉式｜開放式水冷,華碩 ASUS【0800到府 6年保固換新】保固內非人損漏液賠償！保固內非人損換新。,31,｛華碩 ROG RYUO IV SLC 360 ARGB(黑) 龍王四代｝6.67吋曲面(螢幕2年保)/6年【XZ】,12690,,
11,封閉式｜開放式水冷,華碩 ASUS【0800到府 6年保固換新】保固內非人損漏液賠償！保固內非人損換新。,33,｛華碩 ROG RYUO IV SLC 360 ARGB(白) 龍王四代｝6.67吋曲面(螢幕2年保)/6年【XZ】,12990,,
11,封閉式｜開放式水冷,華碩 ASUS【0800到府 6年保固換新】保固內非人損漏液賠償！保固內非人損換新。,35,｛華碩 ROG RYUJIN III 360 ARGB Extreme 龍神三代｝3.5吋液晶/Asetek8 v2/6年【WXZ】▼下殺到 9/30 20:00,8888,9790,價格異動 下殺
11,封閉式｜開放式水冷,華碩 ASUS【0800到府 6年保固換新】保固內非人損漏液賠償！保固內非人損換新。,36,｛華碩 ROG RYUJIN III 360 ARGB Extreme 白龍神｝3.5吋液晶/Asetek8 v2/6年【WXZ】▼下殺到 9/30 20:00,8888,9990,價格異動 下殺
11,封閉式｜開放式水冷,華碩 ASUS【0800到府 6年保固換新】保固內非人損漏液賠償！保固內非人損換新。,37,｛華碩 ProArt LC 240 水冷散熱器｝負載監控發光儀表/Alphacool 效能扇/6年【WXZ】,5990,,
11,封閉式｜開放式水冷,華碩 ASUS【0800到府 6年保固換新】保固內非人損漏液賠償！保固內非人損換新。,38,｛華碩 ProArt LC 360 水冷散熱器｝負載監控發光儀表/Alphacool 效能扇/6年【WXZ】,7490,,
11,封閉式｜開放式水冷,華碩 ASUS【0800到府 6年保固換新】保固內非人損漏液賠償！保固內非人損換新。,39,｛華碩 ProArt LC 420 水冷散熱器｝負載監控發光儀表/貓頭鷹 NF-A14風扇/6年【WXZ】,8890,,
11,封閉式｜開放式水冷,微星 MSI (註冊享延保！保內到府收送，品質保證非人損漏液損害賠償！),42,｛微星 MAG CoreLiquid A13 240 黑｝預裝風扇/可換式上蓋/厚:5.2(註冊3+2年)【XZ】,2490,,
11,封閉式｜開放式水冷,微星 MSI (註冊享延保！保內到府收送，品質保證非人損漏液損害賠償！),43,｛微星 MAG CoreLiquid A13 240 白｝預裝風扇/可換式上蓋/厚:5.2(註冊3+2年)【XZ】,2490,,
11,封閉式｜開放式水冷,微星 MSI (註冊享延保！保內到府收送，品質保證非人損漏液損害賠償！),44,｛微星 MAG CoreLiquid A13 360 黑｝預裝風扇/可換式上蓋/厚:5.2(註冊3+2年)【XZ】,2990,,
11,封閉式｜開放式水冷,微星 MSI (註冊享延保！保內到府收送，品質保證非人損漏液損害賠償！),45,｛微星 MAG CoreLiquid A13 360 白｝預裝風扇/可換式上蓋/厚:5.2(註冊3+2年)【XZ】,2990,,
11,封閉式｜開放式水冷,微星 MSI (註冊享延保！保內到府收送，品質保證非人損漏液損害賠償！),46,｛微星 MPG CoreLiquid P22 360 白｝2.1吋液晶/玻璃上蓋/螺絲裝飾蓋(註冊3+2)【XZ】,3990,,
11,封閉式｜開放式水冷,微星 MSI (註冊享延保！保內到府收送，品質保證非人損漏液損害賠償！),47,｛微星 MPG CoreLiquid P13 360 黑｝2.1吋液晶/曲面玻璃上蓋/螺絲裝飾蓋(註冊3+2)【XZ】,5290,,
11,封閉式｜開放式水冷,微星 MSI (註冊享延保！保內到府收送，品質保證非人損漏液損害賠償！),48,｛微星 MPG CoreLiquid P13 360 白｝2.1吋液晶/曲面玻璃上蓋/螺絲裝飾蓋(註冊3+2)【XZ】,5390,,
11,封閉式｜開放式水冷,微星 MSI (註冊享延保！保內到府收送，品質保證非人損漏液損害賠償！),49,｛微星 MEG CoreLiquid E15 360｝水冷/雙色陽極處理/6.67吋曲面液晶(螢幕2年)/6年【XZ】,13990,,
11,封閉式｜開放式水冷,君主 Montech,52,｛Montech PureFlow ARGB 360 黑｝水冷 磁吸式上蓋/一體式風扇/5年保【WXZ】,1790,,
11,封閉式｜開放式水冷,君主 Montech,53,｛Montech PureFlow ARGB 360 白｝水冷 磁吸式上蓋/一體式風扇/5年保【WXZ】,1790,,
11,封閉式｜開放式水冷,君主 Montech,54,｛Montech HyperFlow Silent 240 黑｝水冷 鏡面環狀冷頭/厚:5.5/6年保【WXZ】,2090,,
11,封閉式｜開放式水冷,君主 Montech,55,｛Montech HyperFlow Silent 240 白｝水冷 鏡面環狀冷頭/厚:5.5/6年保【WXZ】,2090,,
11,封閉式｜開放式水冷,君主 Montech,56,｛Montech HyperFlow Silent 360 黑｝水冷 鏡面環狀冷頭/厚:5.5/6年保【WXZ】,2590,,
11,封閉式｜開放式水冷,君主 Montech,57,｛Montech HyperFlow Silent 360 白｝水冷 鏡面環狀冷頭/厚:5.5/6年保【WXZ】,2590,,
11,封閉式｜開放式水冷,君主 Montech,58,｛Montech HyperFlow ARGB 240 黑｝水冷 ARGB 28mm風扇/厚:5.5/6年保【WXZ】,1590,,
11,封閉式｜開放式水冷,君主 Montech,59,｛Montech HyperFlow ARGB 360 黑｝水冷 ARGB 28mm風扇/厚:5.5/6年保【WXZ】,2790,,
11,封閉式｜開放式水冷,君主 Montech,60,｛Montech HyperFlow ARGB 360 白｝水冷 ARGB 28mm風扇/厚:5.5/6年保【WXZ】,2790,,
11,封閉式｜開放式水冷,君主 Montech,61,｛Montech HyperFlow Digital 240 黑｝數位監控螢幕/28mm厚扇/厚:5.5/6年保【WXZ】,2290,,
11,封閉式｜開放式水冷,君主 Montech,62,｛Montech HyperFlow Digital 240 白｝數位監控螢幕/28mm厚扇/厚:5.5/6年保【WXZ】,2290,,
11,封閉式｜開放式水冷,君主 Montech,63,｛Montech HyperFlow Digital 360 黑｝數位監控螢幕/28mm厚扇/厚:5.5/6年保【WXZ】,2990,,
11,封閉式｜開放式水冷,君主 Montech,64,｛Montech HyperFlow Digital 360 白｝數位監控螢幕/28mm厚扇/厚:5.5/6年保【WXZ】,2990,,
11,封閉式｜開放式水冷,美洲獅 COUGAR,67,｛OUGAR POSEIDON-GT 240 水冷｝90度直角式鰭片/5年保【WXYZ】原價$3290,2290,,
11,封閉式｜開放式水冷,美洲獅 COUGAR,68,｛COUGAR POSEIDON-GT 360 水冷｝90度直角式鰭片/5年保【WXYZ】原價$4290,3290,,
11,封閉式｜開放式水冷,美洲獅 COUGAR,69,｛COUGAR Poseidon Vistek ARGB 240(黑) 水冷｝數位監控螢幕/一體式風扇/5年【WXZ】▼下殺到 9/30 20:00,2290,2590,價格異動 下殺
11,封閉式｜開放式水冷,美洲獅 COUGAR,70,｛COUGAR Poseidon Vistek ARGB 240(白) 水冷｝數位監控螢幕/一體式風扇/5年【WXZ】▼下殺到 9/30 20:00,2390,2690,價格異動 下殺
11,封閉式｜開放式水冷,美洲獅 COUGAR,71,｛COUGAR Poseidon Vistek ARGB 360(黑) 水冷｝數位監控螢幕/一體式風扇/5年【WXZ】▼下殺到 9/30 20:00,2690,3090,價格異動 下殺
11,封閉式｜開放式水冷,美洲獅 COUGAR,72,｛COUGAR Poseidon Vistek ARGB 360(白) 水冷｝數位監控螢幕/一體式風扇/5年【WXZ】▼下殺到 9/30 20:00,2790,3190,價格異動 下殺
11,封閉式｜開放式水冷,美洲獅 COUGAR,73,｛COUGAR Poseidon Vistek Pro ARGB 240(黑) 水冷｝3.95吋液晶/一體式風扇/5年【WXZ】▼下殺到 9/30 20:00,3290,3590,價格異動 下殺
11,封閉式｜開放式水冷,美洲獅 COUGAR,74,｛COUGAR Poseidon Vistek Pro ARGB 240(白) 水冷｝3.95吋液晶/一體式風扇/5年【WXZ】▼下殺到 9/30 20:00,3390,3690,價格異動 下殺
11,封閉式｜開放式水冷,美洲獅 COUGAR,75,｛COUGAR Poseidon Vistek Pro ARGB 360(黑) 水冷｝3.95吋液晶/一體式風扇/5年【WXZ】▼下殺到 9/30 20:00,3890,4290,價格異動 下殺
11,封閉式｜開放式水冷,美洲獅 COUGAR,76,｛COUGAR Poseidon Vistek Pro ARGB 360(白) 水冷｝3.95吋液晶/一體式風扇/5年【WXZ】▼下殺到 9/30 20:00,3990,4390,價格異動 下殺
11,封閉式｜開放式水冷,大飛 darkFlash,79,｛darkFlash Nebula DN240D 黑 水冷｝數位監控顯示/鏈扣串接風扇/厚:5.2/5年【WXZ】,1690,,
11,封閉式｜開放式水冷,大飛 darkFlash,80,｛darkFlash Nebula DN240D 白 水冷｝數位監控顯示/鏈扣串接風扇/厚:5.2/5年【WXZ】,1790,,
11,封閉式｜開放式水冷,大飛 darkFlash,81,｛darkFlash Nebula DN360D 黑 水冷｝數位監控顯示/鏈扣串接風扇/厚:5.2/5年【WXZ】,1990,,熱賣
11,封閉式｜開放式水冷,大飛 darkFlash,82,｛darkFlash DN360D 白 V1.5 水冷｝數位監控顯示/一體式風扇/厚:5.2/5年【WXZ】,2590,,
11,封閉式｜開放式水冷,大飛 darkFlash,83,｛darkFlash Nebula DN360S LCD 黑 水冷｝2.1吋液晶/串接風扇/厚:5.2/5年【WXZ】,3690,,
11,封閉式｜開放式水冷,大飛 darkFlash,84,｛darkFlash WAVE DV360S MAX 黑 水冷｝3.95吋液晶/磁吸冷頭/一體式風扇/5年【WXZ】,2890,,
11,封閉式｜開放式水冷,大飛 darkFlash,85,｛darkFlash WAVE DV360S MAX 白 水冷｝3.95吋液晶/磁吸冷頭/一體式風扇/5年【WXZ】,2990,,
11,封閉式｜開放式水冷,ID-COOLING 一體式水冷,88,｛ID-COOLING FX360 TD 黑 水冷散熱器｝數位監控顯示/厚:5.2cm/5年【WXZ】,2290,,
11,封閉式｜開放式水冷,ID-COOLING 一體式水冷,89,｛ID-COOLING FX360 TD 白 水冷散熱器｝數位監控顯示/厚:5.2cm/5年【WXZ】,2290,,
11,封閉式｜開放式水冷,ID-COOLING 一體式水冷,90,｛ID-COOLING SL240 XE 黑 水冷散熱器｝2.1吋液晶/厚:5.2cm/5年【WXZ】,2990,,
11,封閉式｜開放式水冷,ID-COOLING 一體式水冷,91,｛ID-COOLING SL240 XE 白 水冷散熱器｝2.1吋液晶/厚:5.2cm/5年【WXZ】,2990,,
11,封閉式｜開放式水冷,ID-COOLING 一體式水冷,92,｛ID-COOLING SL360 XE 黑 水冷散熱器｝2.1吋液晶/厚:5.2cm/5年【WXZ】,3490,,
11,封閉式｜開放式水冷,ID-COOLING 一體式水冷,93,｛ID-COOLING SL360 XE 白 水冷散熱器｝2.1吋液晶/厚:5.2cm/5年【WXZ】,3490,,
11,封閉式｜開放式水冷,威剛 XPG,96,｛XPG TRITON II 360SE(黑) 水冷｝可轉向無限鏡上蓋/風扇單線材設計/3年【WXZ】,1890,,
11,封閉式｜開放式水冷,威剛 XPG,97,｛XPG TRITON II 360SE(白) 水冷｝可轉向無限鏡上蓋/風扇單線材設計/3年【WXZ】,1890,,
11,封閉式｜開放式水冷,威剛 XPG,98,｛XPG LEVANTE II 360(黑) 水冷｝無限鏡一體式風扇/高效雙腔水泵/厚:5.4/5年【WXZ】,2790,,
11,封閉式｜開放式水冷,威剛 XPG,99,｛XPG LEVANTE II 360(白) 水冷｝無限鏡一體式風扇/高效雙腔水泵/厚:5.4/5年【WXZ】,2790,,
11,封閉式｜開放式水冷,保銳 ENERMAX,102,｛保銳 AQUAFUSION II ARGB 240 幻彩晶蝶｝磁吸式數位顯示/厚:5.3cm/5年【WXZ】,1390,,
11,封閉式｜開放式水冷,保銳 ENERMAX,103,｛保銳 LIQMAX IV ARGB 360 水冷｝磁吸式數位顯示/厚:5.38cm/5年【WXZ】,1790,,
11,封閉式｜開放式水冷,保銳 ENERMAX,104,｛保銳 LIQMAXFLO 240 風晶凌｝內置6cm VRM風扇/38mm加厚冷排/厚:6.5/5年【WXZ】,2990,,
11,封閉式｜開放式水冷,保銳 ENERMAX,105,｛保銳 LIQMAXFLO 360 風晶凌｝內置6cm VRM風扇/38mm加厚冷排/厚:6.5/5年【WXZ】,3590,,
11,封閉式｜開放式水冷,保銳 ENERMAX,106,｛保銳 LIQMAXFLO 420 風晶凌｝內置6cm VRM風扇/38mm加厚冷排/厚:6.5/5年【WXZ】,4590,,
11,封閉式｜開放式水冷,保銳 ENERMAX,107,｛保銳 LIQTECH XTR 360 ARGB 水冷｝數位顯示/LGA4677/sTR5全覆蓋/5年【Y】,5990,,
11,封閉式｜開放式水冷,DEEPCOOL 九州風神,110,｛DEEPCOOL LE360 V2 水冷｝ARGB光環冷頭/五代水泵/厚:5.2cm/5年【WXZ】,1990,,
11,封閉式｜開放式水冷,DEEPCOOL 九州風神,111,｛DEEPCOOL LE360 V2 WH(白) 水冷｝ARGB光環冷頭/五代水泵/厚:5.2cm/5年【WXZ】,1990,,
11,封閉式｜開放式水冷,DEEPCOOL 九州風神,112,｛DEEPCOOL LM360 水冷散熱器｝2.4吋液晶(3年)/六代水泵/厚:5.2/5年【WXZ】,3690,,
11,封閉式｜開放式水冷,DEEPCOOL 九州風神,113,｛DEEPCOOL LM360 WH(白) 水冷散熱器｝2.4吋液晶(3年)/六代水泵/厚:5.2/5年【WXZ】,3690,,
11,封閉式｜開放式水冷,DEEPCOOL 九州風神,114,｛DEEPCOOL LQ360 水冷散熱器｝磁吸數位顯示/五代水泵/厚:5.2cm/5年【WXZ】,3690,,
11,封閉式｜開放式水冷,DEEPCOOL 九州風神,115,｛DEEPCOOL LT360 ARGB 水冷｝幾何鏡射外殼/五代水泵/厚:5.2cm/5年【WXZ】,3490,,
11,封閉式｜開放式水冷,DEEPCOOL 九州風神,116,｛DEEPCOOL LT360 VISION ARGB 水冷｝4.5吋液晶/六代水泵/厚:5.2cm/5年【WXZ】,4990,,
11,封閉式｜開放式水冷,DEEPCOOL 九州風神,117,｛DEEPCOOL LT360 VISION WH ARGB(白) 水冷｝4.5吋液晶/六代水泵/厚:5.2/5年【WXZ】,4990,,
11,封閉式｜開放式水冷,DEEPCOOL 九州風神,118,｛DEEPCOOL SPARTACUS 360 水冷散熱器｝3.4吋液晶/六代水泵/偏移支架/5年【WXZ】,5490,,
11,封閉式｜開放式水冷,Noctua 貓頭鷹,121,｛貓頭鷹 NL-ACF1 VRM 風扇｝NF-A8 風扇/Noctua NL-LC1 系列水冷專用/6年,650,,
11,封閉式｜開放式水冷,Noctua 貓頭鷹,122,｛貓頭鷹 NL-LC1-24 240水冷｝NF-A12x25 G2降噪風扇/Asetek Emma V2水泵/6年【XZ】,6999,,
11,封閉式｜開放式水冷,Noctua 貓頭鷹,123,｛貓頭鷹 NL-LC1-36 360水冷｝NF-A12x25 G2降噪風扇/Asetek Emma V2水泵/6年【XZ】,7999,,
11,封閉式｜開放式水冷,Noctua 貓頭鷹,124,｛貓頭鷹 NL-LC1-42 420水冷｝NF-A14x25 G2降噪風扇/Asetek Emma V2水泵/6年【XZ】,8999,,
11,封閉式｜開放式水冷,鈦鉭科技 TCOMAS (本體6年保固/液晶2年),127,｛鈦鉭 TCOMAS LE200 240(黑) 水冷｝無限鏡上蓋/加厚冷排/厚:5.9cm/6年【XZ】,2190,,
11,封閉式｜開放式水冷,鈦鉭科技 TCOMAS (本體6年保固/液晶2年),128,｛鈦鉭 TCOMAS LE200 240(白) 水冷｝無限鏡上蓋/加厚冷排/厚:5.9cm/6年【XZ】,2190,,
11,封閉式｜開放式水冷,鈦鉭科技 TCOMAS (本體6年保固/液晶2年),129,｛鈦鉭 TCOMAS LE200 360(黑) 水冷｝無限鏡上蓋/加厚冷排/厚:5.9cm/6年【XZ】,2590,,
11,封閉式｜開放式水冷,鈦鉭科技 TCOMAS (本體6年保固/液晶2年),130,｛鈦鉭 TCOMAS LE200 360(白) 水冷｝無限鏡上蓋/加厚冷排/厚:5.9cm/6年【XZ】,2590,,
11,封閉式｜開放式水冷,鈦鉭科技 TCOMAS (本體6年保固/液晶2年),131,｛鈦鉭 TCOMAS CUBE 360(黑) 水冷｝玻璃上蓋/迷你主機造型/厚:5.4cm/6年【XZ】,2990,,
11,封閉式｜開放式水冷,鈦鉭科技 TCOMAS (本體6年保固/液晶2年),132,｛鈦鉭 TCOMAS CUBE 360(白) 水冷｝玻璃上蓋/迷你主機造型/厚:5.4cm/6年【XZ】,2990,,
11,封閉式｜開放式水冷,鈦鉭科技 TCOMAS (本體6年保固/液晶2年),133,｛鈦鉭 TCOMAS WG600 360(黑) 水冷｝3.95吋液晶/加厚冷排風扇/厚:5.9cm/6年【XZ】,3990,,
11,封閉式｜開放式水冷,鈦鉭科技 TCOMAS (本體6年保固/液晶2年),134,｛鈦鉭 TCOMAS NEOX 360(黑) 水冷｝6.67吋曲面螢幕/M-ONE風扇/厚:5.4/6年【XZ】,7590,,
11,封閉式｜開放式水冷,鈦鉭科技 TCOMAS (本體6年保固/液晶2年),135,｛鈦鉭 TCOMAS NEOX 360(白) 水冷｝6.67吋曲面螢幕/M-ONE風扇/厚:5.4/6年【XZ】,7590,,
11,封閉式｜開放式水冷,鈦鉭科技 TCOMAS (本體6年保固/液晶2年),136,｛鈦鉭 TCOMAS NEOX PRO 360(黑) 水冷｝6.67吋曲面螢幕/LYNK風扇/厚:5.9/6年【XZ】,8890,,
11,封閉式｜開放式水冷,鈦鉭科技 TCOMAS (本體6年保固/液晶2年),137,｛鈦鉭 TCOMAS NEOX PRO 360(白) 水冷｝6.67吋曲面螢幕/LYNK風扇/厚:5.9/6年【XZ】,8890,,
11,封閉式｜開放式水冷,鈦鉭科技 TCOMAS (本體6年保固/液晶2年),138,｛鈦鉭 TCOMAS EXIT D3 360(黑) 水冷｝3.95吋三面螢幕/M-ONE風扇/厚:5.4/6年【XZ】,7490,,
11,封閉式｜開放式水冷,鈦鉭科技 TCOMAS (本體6年保固/液晶2年),139,｛鈦鉭 TCOMAS EXIT D3 360(白) 水冷｝3.95吋三面螢幕/M-ONE風扇/厚:5.4/6年【XZ】,7490,,
11,封閉式｜開放式水冷,鈦鉭科技 TCOMAS (本體6年保固/液晶2年),140,｛鈦鉭 TCOMAS EXIT D3 PRO 360(黑) 水冷｝3.95吋三面螢幕/LYNK風扇/厚:5.9/6年【XZ】,8790,,
11,封閉式｜開放式水冷,鈦鉭科技 TCOMAS (本體6年保固/液晶2年),141,｛鈦鉭 TCOMAS EXIT D3 PRO 360(白) 水冷｝3.95吋三面螢幕/LYNK風扇/厚:5.9/6年【XZ】,8790,,
11,封閉式｜開放式水冷,酷碼 Cooler Master(漏液損害賠償),144,｛酷碼 MasterLiquid PL360 TR5-SP6 水冷｝銅底全覆蓋/Mobius 120風扇/5年【Y】客訂,11990,,
11,封閉式｜開放式水冷,酷碼 Cooler Master(漏液損害賠償),145,｛酷碼 MasterLiquid Core Nex 240 ARGB 黑 水冷｝無限鏡可旋轉上蓋/5年【WXZ】,1890,,
11,封閉式｜開放式水冷,酷碼 Cooler Master(漏液損害賠償),146,｛酷碼 MasterLiquid Core Nex 240 ARGB 白 水冷｝無限鏡可旋轉上蓋/5年【WXZ】,1890,,
11,封閉式｜開放式水冷,酷碼 Cooler Master(漏液損害賠償),147,｛酷碼 MasterLiquid Core Nex 360 ARGB 黑 水冷｝無限鏡可旋轉上蓋/5年【WXZ】,2290,,
11,封閉式｜開放式水冷,酷碼 Cooler Master(漏液損害賠償),148,｛酷碼 MasterLiquid Core Nex 360 ARGB 白 水冷｝無限鏡可旋轉上蓋/5年【WXZ】,2290,,
11,封閉式｜開放式水冷,酷碼 Cooler Master(漏液損害賠償),149,"｛酷碼 MasterLiquid Core LCD 4"" 360 黑 水冷｝4吋液晶/可旋轉底座/5年【WXZ】",3290,,
11,封閉式｜開放式水冷,酷碼 Cooler Master(漏液損害賠償),150,"｛酷碼 MasterLiquid Core LCD 4"" 360 白 水冷｝4吋液晶/可旋轉底座/5年【WXZ】",3290,,
11,封閉式｜開放式水冷,酷碼 Cooler Master(漏液損害賠償),151,"｛酷碼 MasterLiquid Core LCD 6"" 360 黑 水冷｝6吋液晶/6年【WXZ】",4290,,
11,封閉式｜開放式水冷,酷碼 Cooler Master(漏液損害賠償),152,"｛酷碼 MasterLiquid Core LCD 6"" 360 白 水冷｝6吋液晶/6年【WXZ】",4290,,
11,封閉式｜開放式水冷,酷碼 Cooler Master(漏液損害賠償),153,｛酷碼 MasterLiquid 240 Atmos II Stealth 水冷｝VRM風扇/29mm厚排/6年【WXZ】,2990,,
11,封閉式｜開放式水冷,酷碼 Cooler Master(漏液損害賠償),154,｛酷碼 MasterLiquid 360 Atmos II Stealth 水冷｝VRM風扇/29mm厚排/6年【WXZ】,3490,,
11,封閉式｜開放式水冷,酷碼 Cooler Master(漏液損害賠償),155,｛酷碼 MasterLiquid 360 Atmos II LCD ARGB 黑色｝2.1吋液晶/一體式風扇/6年【WXZ】,3990,,
11,封閉式｜開放式水冷,酷碼 Cooler Master(漏液損害賠償),156,｛酷碼 MasterLiquid 360 Atmos II LCD ARGB 白色｝2.1吋液晶/一體式風扇/6年【WXZ】,3990,,
11,封閉式｜開放式水冷,幾何未來 Geometric Future,159,｛幾何未來 Eskimo 愛斯基摩 Plus 36 黑 360水冷｝厚:5.7/龍鱗30mm厚扇/3年【WXZ】,2490,,
11,封閉式｜開放式水冷,幾何未來 Geometric Future,160,｛幾何未來 Eskimo 愛斯基摩 Plus 36 白 360水冷｝厚:5.7/龍鱗30mm厚扇/3年【WXZ】,2490,,
11,封閉式｜開放式水冷,幾何未來 Geometric Future,161,｛幾何未來 Eskimo 愛斯基摩 Pro 36 黑 360水冷｝厚:5.2/高光波紋漸變上蓋/3年【WXZ】,2490,,
11,封閉式｜開放式水冷,幾何未來 Geometric Future,162,｛幾何未來 Eskimo 愛斯基摩 Pro 36 白 360水冷｝厚:5.2/高光波紋漸變上蓋/3年【WXZ】,2490,,
11,封閉式｜開放式水冷,幾何未來 Geometric Future,163,｛幾何未來 Eskimo 愛斯基摩 Pro 42 黑 420水冷｝厚:5.2/高光波紋漸變上蓋/3年【WXZ】,3490,,
11,封閉式｜開放式水冷,幾何未來 Geometric Future,164,｛幾何未來 Eskimo 愛斯基摩 Pro 42 白 420水冷｝厚:5.2/高光波紋漸變上蓋/3年【WXZ】,3490,,
11,封閉式｜開放式水冷,先馬 SAMA,167,｛SAMA L50 240 BK(黑) 水冷｝點陣無限鏡冷頭/28mm風扇/厚:5.5/3年【WXZ】,1390,,
11,封閉式｜開放式水冷,先馬 SAMA,168,｛SAMA L50 240 WH(白) 水冷｝點陣無限鏡冷頭/28mm風扇/厚:5.5/3年【WXZ】,1390,,
11,封閉式｜開放式水冷,先馬 SAMA,169,｛SAMA L50 360 BK(黑) 水冷｝點陣無限鏡冷頭/28mm風扇/厚:5.5/3年【WXZ】,1690,,
11,封閉式｜開放式水冷,先馬 SAMA,170,｛SAMA L50 360 WH(白) 水冷｝點陣無限鏡冷頭/28mm風扇/厚:5.5/3年【WXZ】,1690,,
11,封閉式｜開放式水冷,先馬 SAMA,171,｛SAMA Q70 BK(黑) 360水冷｝2.8吋磁吸液晶(附外接套件)/LCP扇葉/厚:5.5/6年【WXZ】,3590,,
11,封閉式｜開放式水冷,先馬 SAMA,172,｛SAMA Q70 WH(白) 360水冷｝2.8吋磁吸液晶(附外接套件)/LCP扇葉/厚:5.5/6年【WXZ】,3590,,
11,封閉式｜開放式水冷,安鈦克 ANTEC,175,｛Antec Skeleton 240 ARGB 水冷｝幾何骨架造型冷頭/厚:5.2cm/3年【WXZ】,1890,,
11,封閉式｜開放式水冷,安鈦克 ANTEC,176,｛Antec Skeleton 360 ARGB 黑 水冷｝幾何骨架造型冷頭/厚:5.2cm/3年【WXZ】,2290,,
11,封閉式｜開放式水冷,安鈦克 ANTEC,177,｛Antec Skeleton 360 ARGB 白 水冷｝幾何骨架造型冷頭/厚:5.2cm/3年【WXZ】,2290,,
11,封閉式｜開放式水冷,安鈦克 ANTEC,178,｛Antec Vortex View 360 水冷｝5.0吋 360度可旋轉液晶/Asetek 9th泵浦/6年【WXZ】,5990,,
11,封閉式｜開放式水冷,快睿 CRYORIG,181,｛快睿 RHEO 360 睿歐 水冷｝無限鏡水冷頭/加大純銅底座/厚:5.2/3年【WXZ】,1690,,
11,封閉式｜開放式水冷,快睿 CRYORIG,182,｛快睿 CRYO 360 快睿歐(黑) 水冷｝2.8吋液晶/加大純銅底座/厚:5.2/6年【WXZ】,3990,,
11,封閉式｜開放式水冷,快睿 CRYORIG,183,｛快睿 CRYO 360 快睿歐(白) 水冷｝2.8吋液晶/加大純銅底座/厚:5.2/6年【WXZ】,3990,,
11,封閉式｜開放式水冷,追風者 Phanteks,186,｛Phanteks Glacier One 360M25 G2(黑) 水冷｝無限鏡風扇網蓋冷頭/厚:5.2/5年【WXZ】,3390,,
11,封閉式｜開放式水冷,追風者 Phanteks,187,｛Phanteks Glacier One 360M25 G2(白) 水冷｝無限鏡風扇網蓋冷頭/厚:5.2/5年【WXZ】,3390,,
11,封閉式｜開放式水冷,追風者 Phanteks,188,｛Phanteks Glacier One 360M25 LCD(黑) 水冷｝6吋液晶/支援雙向顯示/5年【WXZ】,4690,,
11,封閉式｜開放式水冷,追風者 Phanteks,189,｛Phanteks Glacier One 360M25 LCD(白) 水冷｝6吋液晶/支援雙向顯示/5年【WXZ】,4690,,
11,封閉式｜開放式水冷,追風者 Phanteks,190,｛Phanteks Glacier One 360 D30 X2(黑) 水冷｝D-RGB 冷頭風扇/厚:5.7/5年【WXZ】,4590,,
11,封閉式｜開放式水冷,追風者 Phanteks,191,｛Phanteks Glacier One 360 D30 X2(白) 水冷｝D-RGB 冷頭風扇/厚:5.7/5年【WXZ】,4890,,
11,封閉式｜開放式水冷,恩傑 NZXT,194,｛NZXT Kraken Core 240 RGB 水冷｝一體式風扇/5V-3Pin接頭/5年【WXZ】,2990,,
11,封閉式｜開放式水冷,恩傑 NZXT,195,｛NZXT Kraken Core 360 RGB 水冷｝一體式風扇/5V-3Pin接頭/5年【WXZ】,3690,,
11,封閉式｜開放式水冷,恩傑 NZXT,196,｛NZXT Kraken Plus 240 RGB 黑 水冷｝1.54吋液晶/一體式風扇/6年【WXZ】▼下殺到 9/30 20:00,4990,5590,價格異動 下殺
11,封閉式｜開放式水冷,恩傑 NZXT,197,｛NZXT Kraken Plus 240 RGB 白 水冷｝1.54吋液晶/一體式風扇/6年【WXZ】▼下殺到 9/30 20:00,4990,5590,價格異動 下殺
11,封閉式｜開放式水冷,恩傑 NZXT,198,｛NZXT Kraken Plus 360 RGB 白 水冷｝1.54吋液晶/一體式風扇/6年【WXZ】,6590,,
11,封閉式｜開放式水冷,恩傑 NZXT,199,｛NZXT Kraken Elite 240 RGB 黑(V2) 水冷｝2.72吋液晶/一體式風扇/6年【WXZ】,8990,,
11,封閉式｜開放式水冷,恩傑 NZXT,200,｛NZXT Kraken Elite 240 RGB 白(V2) 水冷｝2.72吋液晶/一體式風扇/6年【WXZ】,8990,,
11,封閉式｜開放式水冷,恩傑 NZXT,201,｛NZXT Kraken Elite 280 RGB 黑(V2) 水冷｝2.72吋液晶/一體式風扇/6年【WXZ】,9490,,
11,封閉式｜開放式水冷,恩傑 NZXT,202,｛NZXT Kraken Elite 280 RGB 白(V2) 水冷｝2.72吋液晶/一體式風扇/6年【WXZ】,9490,,
11,封閉式｜開放式水冷,恩傑 NZXT,203,｛NZXT Kraken Elite 360 RGB 黑(V2) 水冷｝2.72吋液晶/一體式風扇/6年【WXZ】,9900,,
11,封閉式｜開放式水冷,恩傑 NZXT,204,｛NZXT Kraken Elite 360 RGB 白(V2) 水冷｝2.72吋液晶/一體式風扇/6年【WXZ】,9900,,
11,封閉式｜開放式水冷,恩傑 NZXT,205,｛NZXT Kraken Elite 420 RGB 黑 水冷｝2.72吋液晶/一體式風扇/6年【WXZ】,10900,,
11,封閉式｜開放式水冷,恩傑 NZXT,206,｛NZXT Kraken Elite 420 RGB 白 水冷｝2.72吋液晶/一體式風扇/6年【WXZ】,10900,,
11,封閉式｜開放式水冷,美商艾湃電競(首利) Apexgaming,210,｛Apexgaming NANCOOL PRO 魔立方360 黑｝A.RGB/厚:5.2/3年【WXZ】原價$2990！,1490,,
11,封閉式｜開放式水冷,銀欣 SILVERSTONE,213,｛銀欣 XE360-4677 水冷｝LGA 4677腳位專用/銅底全覆蓋/3年保【客訂】,10900,,
11,封閉式｜開放式水冷,銀欣 SILVERSTONE,214,｛銀欣 XE360-TR5-V2 水冷｝sTR5/SP6 腳位專用/銅底全覆蓋/3年保【Y】客訂,10500,,
11,封閉式｜開放式水冷,銀欣 SILVERSTONE,215,｛銀欣 NovaPeak 240 ARGB 水冷｝模組化線材/微凸銅底/3年保【WXZ】原價$2590,1790,,熱賣
11,封閉式｜開放式水冷,銀欣 SILVERSTONE,216,｛銀欣 NovaPeak 360 ARGB 水冷｝模組化線材/微凸銅底/3年保【WXZ】原價$2990,2190,,熱賣
11,封閉式｜開放式水冷,銀欣 SILVERSTONE,217,｛銀欣 IceMyst 360 水冷｝堆疊式冷頭風扇(選購)/3年保【WXZ】送 IMF70冷頭扇*1,3690,,熱賣
11,封閉式｜開放式水冷,銀欣 SILVERSTONE,218,｛銀欣 IMF70 ARGB 水冷｝IceMyst系列專用/ARGB/堆疊式卡扣/320度旋轉設計,390,,
11,封閉式｜開放式水冷,利民 Thermalright(索摩樂),221,｛利民 Frozen Warframe 360 SE BLACK ARGB｝2吋可轉向磁吸液晶/5年【WXZ】,2790,,
11,封閉式｜開放式水冷,利民 Thermalright(索摩樂),222,｛利民 Frozen Warframe 360 SE WHITE ARGB｝2吋可轉向磁吸液晶/5年【WXZ】,2890,,
11,封閉式｜開放式水冷,利民 Thermalright(索摩樂),223,｛利民 Frozen Warframe 240 BLACK ARGB｝2.4吋可轉向磁吸液晶/5年【WXZ】,2790,,
11,封閉式｜開放式水冷,利民 Thermalright(索摩樂),224,｛利民 Frozen Warframe 240 WHITE ARGB｝2.4吋可轉向磁吸液晶/5年【WXZ】,2890,,
11,封閉式｜開放式水冷,利民 Thermalright(索摩樂),225,｛利民 Frozen Warframe 360 BLACK ARGB｝2.4吋可轉向磁吸液晶/5年【WXZ】,3190,,
11,封閉式｜開放式水冷,利民 Thermalright(索摩樂),226,｛利民 Frozen Warframe 360 WHITE ARGB｝2.4吋可轉向磁吸液晶/5年【WXZ】,3290,,
11,封閉式｜開放式水冷,利民 Thermalright(索摩樂),227,｛利民 Frozen Warframe 420 BLACK ARGB｝2.4吋可轉向磁吸液晶/5年【WXZ】,4090,,
11,封閉式｜開放式水冷,利民 Thermalright(索摩樂),228,｛利民 Frozen Warframe 420 WHITE ARGB｝ 2.4吋可轉向磁吸液晶/5年【WXZ】,4390,,
11,封閉式｜開放式水冷,利民 Thermalright(索摩樂),229,｛利民 Grand Vision 360 ARGB BLACK｝3.4吋可轉向磁吸液晶/5年【WXZ】,3890,,
11,封閉式｜開放式水冷,利民 Thermalright(索摩樂),230,｛利民 Grand Vision 360 ARGB WHITE｝3.4吋可轉向磁吸液晶/5年【WXZ】,3990,,
11,封閉式｜開放式水冷,利民 Thermalright(索摩樂),231,｛利民 Trofeo Vision 360 ARGB BLACK｝6.86吋磁吸液晶/一體式風扇/6年【WXZ】,4890,,
11,封閉式｜開放式水冷,利民 Thermalright(索摩樂),232,｛利民 Trofeo Vision 360 ARGB WHITE｝6.86吋磁吸液晶/一體式風扇/6年【WXZ】,4990,,
11,封閉式｜開放式水冷,利民 Thermalright(索摩樂),233,｛利民 Wonder Vision 360 UB ARGB BLACK｝6.67吋曲面液晶/一體式風扇/6年【WXZ】,6990,,
11,封閉式｜開放式水冷,利民 Thermalright(索摩樂),234,｛利民 Wonder Vision 360 UB ARGB WHITE｝6.67吋曲面液晶/一體式風扇/6年【WXZ】,7090,,
11,封閉式｜開放式水冷,聯力工業 LIAN LI【6年/漏液依年限折舊/曲面屏3年】,237,｛聯力 HydroShift II LCD-C 360N 黑 裸排水冷｝風扇選購/2.1吋/側置水冷管/6年【XZ】,4799,,
11,封閉式｜開放式水冷,聯力工業 LIAN LI【6年/漏液依年限折舊/曲面屏3年】,238,｛聯力 HydroShift II LCD-C 360N 白 裸排水冷｝風扇選購/2.1吋/側置水冷管/6年【XZ】,4799,,
11,封閉式｜開放式水冷,聯力工業 LIAN LI【6年/漏液依年限折舊/曲面屏3年】,239,｛聯力 HydroShift II LCD-S 360N 黑 裸排水冷｝風扇選購/3.4吋/側置水冷管/6年【XZ】,4999,,
11,封閉式｜開放式水冷,聯力工業 LIAN LI【6年/漏液依年限折舊/曲面屏3年】,240,｛聯力 HydroShift II LCD-S 360N 白 裸排水冷｝風扇選購/3.4吋/側置水冷管/6年【XZ】,4999,,
11,封閉式｜開放式水冷,聯力工業 LIAN LI【6年/漏液依年限折舊/曲面屏3年】,241,｛聯力 HydroShift II LCD-S 360TL 黑｝TL-Flex風扇+控制器/3.4吋/側置水冷管/6年【XZ】,7699,,
11,封閉式｜開放式水冷,聯力工業 LIAN LI【6年/漏液依年限折舊/曲面屏3年】,242,｛聯力 HydroShift II LCD-S 360TL 白｝TL-Flex風扇+控制器/3.4吋/側置水冷管/6年【XZ】,7699,,
11,封閉式｜開放式水冷,聯力工業 LIAN LI【6年/漏液依年限折舊/曲面屏3年】,243,｛聯力 HydroShift II OLED Curved 360N 黑 裸排｝風扇選購/6.67吋電動曲面液晶/6年【XZ】,8499,,
11,封閉式｜開放式水冷,聯力工業 LIAN LI【6年/漏液依年限折舊/曲面屏3年】,244,｛聯力 HydroShift II OLED Curved 360N 白 裸排｝風扇選購/6.67吋電動曲面液晶/6年【XZ】,8499,,
11,封閉式｜開放式水冷,聯力工業 LIAN LI【6年/漏液依年限折舊/曲面屏3年】,245,｛聯力 HydroShift II OLED Curved 360P 黑｝P28 V2風扇/6.67吋電動曲面液晶/6年【XZ】,9399,,
11,封閉式｜開放式水冷,聯力工業 LIAN LI【6年/漏液依年限折舊/曲面屏3年】,246,｛聯力 HydroShift II OLED Curved 360P 白｝P28 V2風扇/6.67吋電動曲面液晶/6年【XZ】,9399,,
11,封閉式｜開放式水冷,聯力工業 LIAN LI【6年/漏液依年限折舊/曲面屏3年】,247,｛聯力 HydroShift II OLED Curved 360TL 黑｝TL Flex風扇/6.67吋電動曲面液晶/6年【XZ】,10599,,
11,封閉式｜開放式水冷,聯力工業 LIAN LI【6年/漏液依年限折舊/曲面屏3年】,248,｛聯力 HydroShift II OLED Curved 360TL 白｝TL Flex風扇/6.67吋電動曲面液晶/6年【XZ】,10599,,
11,封閉式｜開放式水冷,技嘉 GIGABYTE,251,｛技嘉 EAGLE 360 黑 水冷｝磁吸式可轉向上蓋/預鎖高靜壓風扇/(註冊3+2年)【WXZ】,2490,,
11,封閉式｜開放式水冷,技嘉 GIGABYTE,252,｛技嘉 EAGLE 360 ICE(白) 水冷｝磁吸式可轉向上蓋/預鎖高靜壓風扇/(註冊3+2年)【WXZ】,2490,,
11,封閉式｜開放式水冷,技嘉 GIGABYTE,253,｛技嘉 GAMING 360 黑 飛鷹水冷｝磁吸式可轉向上蓋/滑扣風扇/(註冊3+2年)【WXZ】,2990,,
11,封閉式｜開放式水冷,技嘉 GIGABYTE,255,｛技嘉 GAMING 360 ICE(白) 飛鷹水冷｝磁吸式可轉向上蓋/滑扣風扇/(註冊3+2年)【WXZ】,2990,,
11,封閉式｜開放式水冷,技嘉 GIGABYTE,257,｛技嘉 AORUS WATERFORCE II 360 鷹魂二代｝可旋轉冷頭/卡扣風扇/5年【WXZ】,3990,,
11,封閉式｜開放式水冷,技嘉 GIGABYTE,258,｛技嘉 AORUS WATERFORCE II 360 ICE(白) 鷹魂二代｝可轉冷頭/卡扣風扇/5年【WXZ】,4490,,
11,封閉式｜開放式水冷,技嘉 GIGABYTE,259,｛技嘉 AORUS WATERFORCE X II 240 鷹神二代｝LCD顯示/6年【WXYZ】原價$7990！,3990,,熱賣
11,封閉式｜開放式水冷,技嘉 GIGABYTE,260,｛技嘉 AORUS WATERFORCE X II 360 鷹神二代｝LCD顯示/磁吸串接風扇/6年【WXYZ】,8990,,
11,封閉式｜開放式水冷,技嘉 GIGABYTE,261,｛技嘉 AORUS WATERFORCE X II 360 ICE(白) 鷹神二代｝LCD/磁吸風扇/6年【WXYZ】,9490,,
11,封閉式｜開放式水冷,華擎 ASRock,264,｛ASRock Pro 360 ARGB(黑) 水冷｝環形葉片預裝風扇/0dB低負載停轉/6年【XZ】,2390,,
11,封閉式｜開放式水冷,華擎 ASRock,265,｛ASRock Pro White 360 ARGB(白) 水冷｝環形葉片預裝風扇/0dB低負載停轉/6年【XZ】,2390,,
11,封閉式｜開放式水冷,華擎 ASRock,266,｛ASRock Steel Legend Dark 360 LCD(黑) 水冷｝3.4吋液晶/VRM風扇/LCP扇葉/6年【XZ】,5790,,
11,封閉式｜開放式水冷,華擎 ASRock,267,｛ASRock Steel Legend 360 LCD(白) 水冷｝3.4吋液晶/VRM風扇/LCP扇葉/6年【XZ】,5790,,
11,封閉式｜開放式水冷,全漢 FSP,270,｛全漢 AE24 黑 240水冷｝無限鏡燈效/日本製雙滾珠風扇/厚:5.2/3年【WXZ】,1790,,
11,封閉式｜開放式水冷,全漢 FSP,271,｛全漢 AE24 白 240水冷｝無限鏡燈效/日本製雙滾珠風扇/厚:5.2/3年【WXZ】,1790,,
11,封閉式｜開放式水冷,全漢 FSP,272,｛全漢 AE36 黑 360水冷｝無限鏡燈效/日本製雙滾珠風扇/厚:5.2/3年【WXZ】,2290,,
11,封閉式｜開放式水冷,全漢 FSP,273,｛全漢 AE36 白 360水冷｝無限鏡燈效/日本製雙滾珠風扇/厚:5.2/3年【WXZ】,2290,,
11,封閉式｜開放式水冷,創氪星系 TRYX【水冷/無光扇(6年) 螢幕/ARGB扇(2年)保固】,276,｛TRYX STAGE 360 ARGB 黑 水冷｝4.0吋雙螢幕/Asetek泵浦/6年【WXZ】,7990,,熱賣
11,封閉式｜開放式水冷,創氪星系 TRYX【水冷/無光扇(6年) 螢幕/ARGB扇(2年)保固】,278,｛TRYX STAGE 360 ARGB 白 水冷｝4.0吋雙螢幕/Asetek泵浦/6年【WXZ】,7990,,熱賣
11,封閉式｜開放式水冷,創氪星系 TRYX【水冷/無光扇(6年) 螢幕/ARGB扇(2年)保固】,280,｛TRYX Panorama SE 240 ARGB 黑｝6.5曲面可旋轉螢幕/Asetek泵浦/6年【WXZ】,7690,,
11,封閉式｜開放式水冷,創氪星系 TRYX【水冷/無光扇(6年) 螢幕/ARGB扇(2年)保固】,281,｛TRYX Panorama SE 240 ARGB 白｝6.5曲面可旋轉螢幕/Asetek泵浦/6年【WXZ】,7690,,
11,封閉式｜開放式水冷,創氪星系 TRYX【水冷/無光扇(6年) 螢幕/ARGB扇(2年)保固】,282,｛TRYX Panorama SE 360 ARGB 黑｝6.5曲面可旋轉螢幕/Asetek泵浦/6年【WXZ】,8990,,
11,封閉式｜開放式水冷,創氪星系 TRYX【水冷/無光扇(6年) 螢幕/ARGB扇(2年)保固】,283,｛TRYX Panorama SE 360 ARGB 白｝6.5曲面可旋轉螢幕/Asetek泵浦/6年【WXZ】,8990,,
11,封閉式｜開放式水冷,創氪星系 TRYX【水冷/無光扇(6年) 螢幕/ARGB扇(2年)保固】,284,｛TRYX Panorama 240 ARGB 黑｝6.5曲面螢幕/VRM風扇/Asetek8 v2/6年【WXZ】,9990,,
11,封閉式｜開放式水冷,創氪星系 TRYX【水冷/無光扇(6年) 螢幕/ARGB扇(2年)保固】,285,｛TRYX Panorama 240 ARGB 白｝6.5曲面螢幕/VRM風扇/Asetek8 v2/6年【WXZ】,9990,,
11,封閉式｜開放式水冷,創氪星系 TRYX【水冷/無光扇(6年) 螢幕/ARGB扇(2年)保固】,286,｛TRYX Panorama 360 ARGB 黑｝6.5曲面螢幕/VRM風扇/Asetek8 v2/6年【WXZ】,11490,,
11,封閉式｜開放式水冷,創氪星系 TRYX【水冷/無光扇(6年) 螢幕/ARGB扇(2年)保固】,287,｛TRYX Panorama 360 ARGB 白｝6.5曲面螢幕/VRM風扇/Asetek8 v2/6年【WXZ】,11490,,
11,封閉式｜開放式水冷,創氪星系 TRYX【水冷/無光扇(6年) 螢幕/ARGB扇(2年)保固】,288,｛TRYX Panorama 360 黑(無光)｝6.5曲面螢幕/VRM風扇/Asetek8 v2/6年【WXZ】,11490,,
11,封閉式｜開放式水冷,創氪星系 TRYX【水冷/無光扇(6年) 螢幕/ARGB扇(2年)保固】,289,｛TRYX Panorama 360 白(無光)｝6.5曲面螢幕/VRM風扇/Asetek8 v2/6年【WXZ】,11490,,
11,封閉式｜開放式水冷,喬思伯 JONSBO【立光代理】故障換新、漏液損害賠償！,292,｛喬思伯 TH-240 黑色版｝A.RGB/溫度監控/一體式無限鏡風扇/厚:5.5cm/5年【WXZ】,2190,,
11,封閉式｜開放式水冷,喬思伯 JONSBO【立光代理】故障換新、漏液損害賠償！,293,｛喬思伯 TH-240 白色版｝A.RGB/溫度監控/一體式無限鏡風扇/厚:5.5cm/5年【WXZ】,2190,,
11,封閉式｜開放式水冷,喬思伯 JONSBO【立光代理】故障換新、漏液損害賠償！,294,｛喬思伯 TH-360 黑色版｝A.RGB/溫度監控/一體式無限鏡風扇/厚:5.5cm/5年【WXZ】,2990,,
11,封閉式｜開放式水冷,喬思伯 JONSBO【立光代理】故障換新、漏液損害賠償！,295,｛喬思伯 TH-360 白色版｝A.RGB/溫度監控/一體式無限鏡風扇/厚:5.5cm/5年【WXZ】,2990,,
11,封閉式｜開放式水冷,喬思伯 JONSBO【立光代理】故障換新、漏液損害賠償！,296,｛喬思伯 TX-360 黑色版｝3.95吋磁吸式液晶/一體式風扇/厚:5.5cm/5年【WXZ】,4990,,
11,封閉式｜開放式水冷,喬思伯 JONSBO【立光代理】故障換新、漏液損害賠償！,297,｛喬思伯 TX-360 白色版｝3.95吋磁吸式液晶/一體式風扇/厚:5.5cm/5年【WXZ】,4990,,
11,封閉式｜開放式水冷,喬思伯 JONSBO【立光代理】故障換新、漏液損害賠償！,298,｛喬思伯 TF3-360 黑色版｝4螢幕水冷/3.5吋液晶/一體式三螢幕風扇/厚:5.5/6年【WXZ】,6990,,
11,封閉式｜開放式水冷,喬思伯 JONSBO【立光代理】故障換新、漏液損害賠償！,299,｛喬思伯 TF3-360 白色版｝4螢幕水冷/3.5吋液晶/一體式三螢幕風扇/厚:5.5/6年【WXZ】,6990,,
11,封閉式｜開放式水冷,水冷套件-水冷液【客訂商品】,301,｛曜越 T1000 透明水冷液｝1000ml(CL-W245)【共7種顏色請詢問】,790,,
12,顯示卡VGA,NVIDIA / AMD 顯示卡周邊配件,2,｛華碩 ROG Herculx 黑 顯示卡支撐架｝氣泡水平儀/ARGB燈效/2年(機殼需配置電源倉),1290,,
12,顯示卡VGA,NVIDIA / AMD 顯示卡周邊配件,3,｛華碩 ROG Herculx 白 顯示卡支撐架｝氣泡水平儀/ARGB燈效/2年(機殼需配置電源倉),1390,,
12,顯示卡VGA,NVIDIA / AMD 顯示卡周邊配件,4,｛酷碼 VGA Holder 顯卡用支架｝千斤頂顯卡支撐架/(0005-KUH00),490,,
12,顯示卡VGA,NVIDIA / AMD 顯示卡周邊配件,5,｛酷碼 ARGB 強化玻璃 顯卡支撐架｝(MCA-U000R-GSBTG-00),790,,
12,顯示卡VGA,NVIDIA / AMD 顯示卡周邊配件,6,｛酷碼 ATLAS ARGB 顯卡支撐架｝無限鏡面強化玻璃/鋁製支架,1390,,
12,顯示卡VGA,NVIDIA / AMD 顯示卡周邊配件,7,｛微星 MPG ARGB 顯卡支撐架 黑｝磁吸式底座/90度可旋轉設計,790,,
12,顯示卡VGA,NVIDIA / AMD 顯示卡周邊配件,8,｛微星 MPG ARGB 顯卡支撐架 白｝磁吸式底座/90度可旋轉設計,790,,
12,顯示卡VGA,INTEL Arc Pro B70 專業級顯示卡,10,｛華擎 ARC PRO B70 Creator 32G｝2540MHz/27cm/鼓風扇/註冊五年保,51290,,
12,顯示卡VGA,NVIDIA GeForce 210,12,｛微星 N210-MD1G/D3｝589MHz/1G DDR3/風扇版/14.5cm/三年保,1590,,
12,顯示卡VGA,NVIDIA GT710,14,｛華碩 GT710-SL-2GD5-BRK-EVO｝954MHz/2G DDR5/17cm/註冊四年保/保固最優,2590,,熱賣
12,顯示卡VGA,NVIDIA GT710,15,｛技嘉 N710D3-2GL｝954MHz/2G DDR3/14.4cm/三年保,2490,,
12,顯示卡VGA,NVIDIA GT710,16,｛微星 GT710 2GD3H LP｝954MHz/2G DDR3/靜音版/14.6cm/三年保,2590,,
12,顯示卡VGA,NVIDIA GT710,18,｛ZOTAC GT710-2GD3-L｝954MHz/2G DDR3/靜音版/14.6cm/註四年/三介面 *尾盤,2290,,
12,顯示卡VGA,NVIDIA GT710,19,｛ZOTAC GT710-2GD3｝954MHz/2G DDR3/單風扇/15.7cm/註四年/三介面,2490,,
12,顯示卡VGA,NVIDIA GT710,20,｛INNO3D GT710 2GB DDR3｝954MHz/靜音版/14cm/三年保固,1988,,
12,顯示卡VGA,NVIDIA GT730,22,｛華碩 GT730-SL-2GD5-BRK｝902MHz/2G DDR5/16.5cm/靜音版/註四年,3090,,熱賣
12,顯示卡VGA,NVIDIA GT730,23,｛華碩 GT730-4H-SL-2GD5｝927MHz/2G DDR5/14.8cm/靜音版/註四年/4輸出 HDMI,3490,,
12,顯示卡VGA,NVIDIA GT730,24,｛微星 N730-2GD3V3｝700MHz/2G DDR3 128Bit/14.5cm/三年保/雪精靈系列,2990,,任搭折90
12,顯示卡VGA,NVIDIA GT730,25,｛微星 N730K-2GD3/OCV5｝1006MHz/2G DDR3/15cm/三年保/*尾盤,2990,,任搭折90
12,顯示卡VGA,NVIDIA GT730,26,｛ZOTAC GT730 2GB Zone Edition｝902MHz/2G DDR3/15cm/無風扇/註四年/三介面,2990,,任搭折90
12,顯示卡VGA,NVIDIA GT730,27,｛INNO3D GT730 2GB SDDR3 LP｝902MHz/靜音版/14cm/三年保,2688,,
12,顯示卡VGA,NVIDIA GT730,28,｛INNO3D GT730 4GB SDDR3 LP｝902MHz/單風扇/15cm/三年保,2988,,
12,顯示卡VGA,NVIDIA GT1030,31,｛華碩 GT1030-SL-2G-BRK｝1468MHz/GDDR5/17cm/註四年,3590,,熱賣
12,顯示卡VGA,NVIDIA GT1030,32,｛技嘉 GT1030 Low Profile D4 2G｝1417MHz/GDDR4/15cm/單風扇,3490,,任搭折90
12,顯示卡VGA,NVIDIA GT1030,33,｛微星 GT1030 2GD4 LP OC｝1430MHz/DDR4/15cm/三年保,3590,,任搭折90
12,顯示卡VGA,NVIDIA GT1030,34,｛微星 GT1030 AERO ITX 2GD4 OCV1｝1430MHz/DDR4/15cm/三年保/類比輸出,3590,,任搭折90
12,顯示卡VGA,NVIDIA GT1030,36,｛ZOTAC GT1030 2GB GDDR5 HDMI/DVI Low Profile｝(P10300A-10L),3490,,任搭折90
12,顯示卡VGA,NVIDIA GT1030,37,｛ZOTAC GT1030 2GB GDDR5 HDMI/VGA Low Profile｝P10300E-10L) 類比輸出,3490,,任搭折90
12,顯示卡VGA,NVIDIA GT1030,38,｛INNO3D GT1030 2G｝1468MHz/GDDR5/17cm/三年保,2988,,
12,顯示卡VGA,NVIDIA RTX3050-6GB,40,｛華碩 DUAL-RTX3050-O6G｝1537MHz/20cm/雙風扇/註四年,9990,,
12,顯示卡VGA,NVIDIA RTX3050-6GB,41,｛技嘉 RTX3050 WINDFORCE OC V2 6G｝1477MHz/18cm/雙風扇/註四年,9990,,熱賣 任搭折90
12,顯示卡VGA,NVIDIA RTX3050-6GB,42,｛微星 RTX3050 VENTUS 2X E 6G OC｝1492MHz/19cm/雙風扇/註四年,9990,,任搭折90
12,顯示卡VGA,NVIDIA RTX3050-6GB,43,｛微星 RTX3050 GAMING X 6G｝1507MHz/21cm/雙風扇/註五年,10290,,任搭折90
12,顯示卡VGA,NVIDIA RTX3050-6GB,45,｛ZOTAC RTX3050 6GB GDDR6 Solo｝1470MHz/15cm/單風扇/註四年/滿料四輸出,9790,,熱賣
12,顯示卡VGA,NVIDIA RTX3050-6GB,46,｛ZOTAC RTX3050 6GB GDDR6 LP｝1470MHz/16cm/雙風扇/註四年/短版設計,9890,,任搭折90
12,顯示卡VGA,NVIDIA RTX3050-6GB,47,｛ZOTAC RTX3050 6GB GDDR6 Twin Edge OC｝1477MHz/16cm/雙風扇,9990,,任搭折90
12,顯示卡VGA,NVIDIA RTX3050-6GB,48,｛INNO3D RTX3050 6GB TWIN X2 V2｝1470MHz/22cm/雙風扇/註四年,8888,,
12,顯示卡VGA,NVIDIA RTX3050-8GB,50,｛技嘉 RTX3050 WINDFORCE OC V2 8G｝1792MHz/20cm/雙風扇/註四年,10490,,任搭折90
12,顯示卡VGA,NVIDIA RTX3050-8GB,52,｛ZOTAC RTX3050 ECO SOLO｝1777MHz/15cm/單風扇/註冊四年保,11490,,
12,顯示卡VGA,NVIDIA RTX3050-8GB,53,｛INNO3D RTX3050 TWIN X2｝1777MHZ/24cm/超頻雙風扇/註冊四年保/[1711VA41],9888,,
12,顯示卡VGA,NVIDIA RTX3050-8GB,54,｛INNO3D RTX3050 TWIN X2｝1777MHZ/24cm/雙風扇/註冊四年保/[1190VA42],9888,,
12,顯示卡VGA,NVIDIA RTX3060-12GB,56,｛華碩 DUAL-RTX3060-O12G-V2｝1852MHz/20cm/雙風扇/註四年 OC版.時脈高,15990,,任搭折190
12,顯示卡VGA,NVIDIA RTX3060-12GB,57,｛技嘉 RTX3060 WINDFORCE OC 12G(rev2.0)｝1792MHz/19.8cm/雙風扇/註四年,15990,,任搭折190
12,顯示卡VGA,NVIDIA RTX3060-12GB,58,｛微星 RTX3060 VENTUS 2X 12G OC｝1807MHz/23.5cm/雙風扇/註四年,15590,,任搭折190
12,顯示卡VGA,NVIDIA RTX3060-12GB,59,｛ZOTAC RTX3060 Twin Edge｝1777MHz/23cm/雙風扇/註四年,15890,,任搭折190
12,顯示卡VGA,NVIDIA RTX5050-8GB(GDDR6),61,｛技嘉 RTX5050 WINDFORCE OC 8G｝2587MHz/20cm/雙風扇/註冊四年保,13490,,任搭折190
12,顯示卡VGA,NVIDIA RTX5050-8GB(GDDR6),62,｛技嘉 RTX5050 OC Low Profile 8G｝2632MHz/18cm/三風扇/註冊四年保,13990,,任搭折190
12,顯示卡VGA,NVIDIA RTX5050-8GB(GDDR6),63,｛技嘉 RTX5050 GAMING OC 8G｝2632MHz/28cm/三風扇/註冊五年保,14290,,任搭折190
12,顯示卡VGA,NVIDIA RTX5050-8GB(GDDR6),64,｛微星 RTX5050 8G INSPIRE ITX OC｝2617MHz/15cm/單風扇/註冊四年保,13290,,任搭折190
12,顯示卡VGA,NVIDIA RTX5050-8GB(GDDR6),65,｛微星 RTX5050 8G SHADOW 2X OC｝2617MHz/20cm/雙風扇/註冊四年保,13590,,任搭折190
12,顯示卡VGA,NVIDIA RTX5050-8GB(GDDR6),66,｛微星 RTX5050 8G VENTUS 2X OC｝2617MHz/20cm/雙風扇/註冊四年保,13990,,任搭折190
12,顯示卡VGA,NVIDIA RTX5050-8GB(GDDR6),67,｛微星 RTX5050 8G GAMING OC｝2647MHz/21cm/雙風扇/註冊五年保,14290,,任搭折190
12,顯示卡VGA,NVIDIA RTX5050-8GB(GDDR6),69,｛ZOTAC RTX5050 SOLO｝2572MHz/17cm/單風扇/註冊五年,13590,,任搭折190
12,顯示卡VGA,NVIDIA RTX5050-8GB(GDDR6),70,｛ZOTAC RTX5050 Twin Edge OC｝2602MHz/22cm/雙風扇/註冊五年,13990,,任搭折190
12,顯示卡VGA,NVIDIA RTX5050-8GB(GDDR6),71,｛ZOTAC RTX5050 Twin Edge OC White Edition｝2602MHz/22cm/雙風扇/註五年/白,14290,,任搭折190
12,顯示卡VGA,NVIDIA RTX5050-8GB(GDDR6),72,｛INNO3D RTX5050 8GB TWIN X2｝2572MHz/22.5cm/雙風扇/註冊四年,12888,,任搭折90
12,顯示卡VGA,NVIDIA RTX5060-8GB(GDDR7),74,｛華碩 DUAL-RTX5060-O8G｝2565MHz/23cm/雙風扇/註冊四年/金屬背板,15990,,
12,顯示卡VGA,NVIDIA RTX5060-8GB(GDDR7),75,｛華碩 DUAL-RTX5060-O8G-A｝2587MHz/23cm/雙風扇/註冊四年/Advanced金屬背板,16290,,任搭折190
12,顯示卡VGA,NVIDIA RTX5060-8GB(GDDR7),76,｛華碩 DUAL-RTX5060-O8G-WHITE｝2565MHz/23cm/雙風扇/註冊四年/白/金屬背板,16590,,任搭折190
12,顯示卡VGA,NVIDIA RTX5060-8GB(GDDR7),77,｛華碩 ATS-RTX5060-O8G｝2595MHz/27cm/三風扇/免註冊五年保 [獨家-巨齒鯊]金屬背板,16590,,熱賣 任搭折190
12,顯示卡VGA,NVIDIA RTX5060-8GB(GDDR7),78,｛技嘉 RTX5060 WINDFORCE OC 8G｝2512MHz/20cm/雙風扇/註冊四年,15990,,任搭折190
12,顯示卡VGA,NVIDIA RTX5060-8GB(GDDR7),79,｛技嘉 RTX5060 WINDFORCE MAX OC 8G｝2512MHz/20cm/雙風扇/註冊四年,15990,,任搭折190
12,顯示卡VGA,NVIDIA RTX5060-8GB(GDDR7),80,｛技嘉 RTX5060 WINDFORCE MAX OC V2 8G｝2512MHz/20cm/雙風扇/註冊四年,15990,,
12,顯示卡VGA,NVIDIA RTX5060-8GB(GDDR7),81,｛技嘉 RTX5060 OC Low Profile 8G｝2512MHz/19cm/三風扇/註冊四年,15990,,任搭折190
12,顯示卡VGA,NVIDIA RTX5060-8GB(GDDR7),82,｛技嘉 RTX5060 EAGLE OC 8G｝2550MHz/21cm/雙風扇/註冊五年,16490,,任搭折290
12,顯示卡VGA,NVIDIA RTX5060-8GB(GDDR7),83,｛技嘉 RTX5060 EAGLE MAX OC 8G｝2550MHZ/28cm/三風扇/註五年/Hawk 風扇,16490,,任搭折190
12,顯示卡VGA,NVIDIA RTX5060-8GB(GDDR7),84,｛技嘉 RTX5060 EAGLE OC ICE 8G 白｝2550MHz/21cm/雙風扇/註五年/銀白,16990,,任搭折190
12,顯示卡VGA,NVIDIA RTX5060-8GB(GDDR7),85,｛技嘉 RTX5060 GAMING OC V2 8G｝2602MHz/28cm/三風扇/註冊五年,17490,,任搭折190
12,顯示卡VGA,NVIDIA RTX5060-8GB(GDDR7),86,｛技嘉 RTX5060 AERO OC 8G｝2595MHz/28cm/三風扇/註冊五年/銀白,17990,,熱賣 任搭折190
12,顯示卡VGA,NVIDIA RTX5060-8GB(GDDR7),87,｛技嘉 AORUS RTX5060 ELITE 8G｝2722MHz/33cm/三風扇/註冊五年,18490,,任搭折190
12,顯示卡VGA,NVIDIA RTX5060-8GB(GDDR7),88,｛微星 RTX5060 8G VENTUS 2X OC｝2535MHz/20cm/雙風扇/註冊四年,15990,,任搭折190
12,顯示卡VGA,NVIDIA RTX5060-8GB(GDDR7),89,｛微星 RTX5060 8G VENTUS 2X OC V1｝2535MHz/20cm/雙風扇/註冊四年,15990,,任搭折190
12,顯示卡VGA,NVIDIA RTX5060-8GB(GDDR7),90,｛微星 RTX5060 8G VENTUS 2X OC WHITE｝2535MHz/20cm/雙風扇/註冊四年/純白,16590,,任搭折190
12,顯示卡VGA,NVIDIA RTX5060-8GB(GDDR7),91,｛微星 RTX5060 8G CYCLONE OC｝2535MHz/16cm/免註冊五年保 [獨家-雪螳螂],15990,,熱賣
12,顯示卡VGA,NVIDIA RTX5060-8GB(GDDR7),92,｛微星 RTX5060 8G VENTUS 3X OC｝2550MHz/31cm/三風扇/註冊五年,16990,,任搭折290
12,顯示卡VGA,NVIDIA RTX5060-8GB(GDDR7),93,｛微星 RTX5060 8G GAMING TRIO OC｝2640MHz/30cm/三風扇/註冊五年,17990,,任搭折190
12,顯示卡VGA,NVIDIA RTX5060-8GB(GDDR7),94,｛微星 RTX5060 8G GAMING TRIO OC WHITE｝2640MHz/30cm/三風扇/註冊五年,18590,,任搭折190
12,顯示卡VGA,NVIDIA RTX5060-8GB(GDDR7),96,｛ZOTAC RTX5060 8GB 星辰 OC｝2512MHz/24cm/雙風扇/免註冊五年保/白 [獨家款],15990,,熱賣 任搭折190
12,顯示卡VGA,NVIDIA RTX5060-8GB(GDDR7),97,｛ZOTAC RTX5060 SOLO｝2497MHz/17cm/單風扇/註冊五年,16490,,任搭折190
12,顯示卡VGA,NVIDIA RTX5060-8GB(GDDR7),98,｛ZOTAC RTX5060 Twin Edge OC｝2527MHz/22cm/雙風扇/註冊五年/金屬背板,15990,,任搭折190
12,顯示卡VGA,NVIDIA RTX5060-8GB(GDDR7),99,｛ZOTAC RTX5060 Twin Edge OC White Edition｝2527MHz/22cm/雙風扇/註五年/金屬背板,16490,,任搭折190
12,顯示卡VGA,NVIDIA RTX5060-8GB(GDDR7),100,｛ZOTAC RTX5060 Low Profile｝2497MHz/18.3cm/三風扇/短卡設計/註冊五年,16490,,任搭折190
12,顯示卡VGA,NVIDIA RTX5060-8GB(GDDR7),101,｛ZOTAC RTX5060 AMP｝2550MHz/22cm/雙風扇/註冊五年,16990,,任搭折190
12,顯示卡VGA,NVIDIA RTX5060-8GB(GDDR7),102,｛INNO3D RTX5060 8GB TWIN X2 V2｝2497MHz/23cm/註四年/雙風扇,15488,,任搭折188
12,顯示卡VGA,NVIDIA RTX5060-8GB(GDDR7),103,｛INNO3D RTX5060 8GB TWIN X2 OC WHITE｝2527MHz/25cm/超頻雙風扇/映雪,16488,,任搭折188
12,顯示卡VGA,NVIDIA RTX5060-8GB(GDDR7),104,｛INNO3D RTX5060 X3 LOW PROFILE｝2497MHz/18cm/三風扇/註冊四年/短卡,15488,,任搭折188
12,顯示卡VGA,NVIDIA RTX5060Ti-8GB(GDDR7),106,｛華碩 PRIME-RTX5060TI-O8G｝2647MHz/31cm/三風扇/註五年/2.5 Slot 設計,20990,,任搭折190
12,顯示卡VGA,NVIDIA RTX5060Ti-8GB(GDDR7),107,｛華碩 T1-RTX5060TI-O8G-GAMING｝2662MHz/26.7cm/三風扇/註五年/T1冠軍戰隊版,21990,,
12,顯示卡VGA,NVIDIA RTX5060Ti-8GB(GDDR7),108,｛技嘉 RTX5060Ti WINDFORCE 8G｝2572MHz/21cm/雙風扇/註冊四年保,18590,,任搭折190
12,顯示卡VGA,NVIDIA RTX5060Ti-8GB(GDDR7),109,｛技嘉 RTX5060Ti WINDFORCE OC 8G｝2587MHz/21cm/雙風扇/註四年保,18990,,任搭折190
12,顯示卡VGA,NVIDIA RTX5060Ti-8GB(GDDR7),110,｛技嘉 RTX5060Ti WINDFORCE MAX OC 8G｝2587MHz/21cm/雙風扇/註冊四年保,18990,,任搭折190
12,顯示卡VGA,NVIDIA RTX5060Ti-8GB(GDDR7),111,｛技嘉 RTX5060Ti EAGLE OC 8G｝2617MHz/22cm/雙風扇/註冊五年保,19490,,任搭折190
12,顯示卡VGA,NVIDIA RTX5060Ti-8GB(GDDR7),112,｛技嘉 RTX5060Ti EAGLE MAX OC 8G｝2617MHz/28cm/三風扇/註冊五年保,19490,,任搭折190
12,顯示卡VGA,NVIDIA RTX5060Ti-8GB(GDDR7),113,｛技嘉 RTX5060Ti EAGLE OC ICE 8G｝2617MHz/22cm/雙風扇/註冊五年保/白,19990,,任搭折190
12,顯示卡VGA,NVIDIA RTX5060Ti-8GB(GDDR7),114,｛技嘉 RTX5060Ti GAMING OC 8G｝2647MHz/28cm/三風扇/註冊五年保,20990,,任搭折190
12,顯示卡VGA,NVIDIA RTX5060Ti-8GB(GDDR7),115,｛技嘉 RTX5060Ti AERO OC 8G｝2647MHz/28cm/三風扇/註冊五年保/白,21590,,任搭折190
12,顯示卡VGA,NVIDIA RTX5060Ti-8GB(GDDR7),116,｛微星 RTX5060Ti 8G CYCLONE OC｝2617MHz/16cm/免註冊五年保 [獨家-雪螳螂],18990,,熱賣
12,顯示卡VGA,NVIDIA RTX5060Ti-8GB(GDDR7),117,｛微星 RTX5060Ti 8G VENTUS 2X PLUS｝2587MHz/23cm/雙風扇/註四年,18990,,任搭折190
12,顯示卡VGA,NVIDIA RTX5060Ti-8GB(GDDR7),118,｛微星 RTX5060Ti 8G SHADOW 2X OC PLUS｝2617MHz/23cm/雙風扇/註四年,18990,,任搭折190
12,顯示卡VGA,NVIDIA RTX5060Ti-8GB(GDDR7),119,｛微星 RTX5060Ti 8G VENTUS 2X OC PLUS｝2617MHz/23cm/雙風扇/註四年,19590,,任搭折190
12,顯示卡VGA,NVIDIA RTX5060Ti-8GB(GDDR7),120,｛微星 RTX5060Ti 8G VENTUS 2X OC WHITE PLUS｝2617MHz/23cm/雙風/註四年/白,19990,,任搭折190
12,顯示卡VGA,NVIDIA RTX5060Ti-8GB(GDDR7),121,｛微星 RTX5060Ti 8G VENTUS 3X OC｝2617MHz/31cm/三風扇/註五年,19990,,任搭折190
12,顯示卡VGA,NVIDIA RTX5060Ti-8GB(GDDR7),122,｛微星 RTX5060Ti 8G GAMING TRIO OC｝2662MHz/30cm/三風扇/註五年,20990,,任搭折190
12,顯示卡VGA,NVIDIA RTX5060Ti-8GB(GDDR7),123,｛微星 RTX5060Ti 8G GAMING TRIO OC WHITE｝2662MHz/30cm/三風扇/註五年/白,21590,,任搭折190
12,顯示卡VGA,NVIDIA RTX5060Ti-8GB(GDDR7),125,｛ZOTAC RTX5060Ti 8GB 月白 OC｝2602MHz/30cm/三風扇/免註冊五年保/白 [獨家版],19490,,熱賣
12,顯示卡VGA,NVIDIA RTX5060Ti-8GB(GDDR7),126,｛ZOTAC RTX5060Ti 8GB Twin Edge OC｝2602MHz/22cm/雙風扇/註五年/金屬背板,19490,,任搭折190
12,顯示卡VGA,NVIDIA RTX5060Ti-8GB(GDDR7),127,｛ZOTAC RTX5060Ti 8GB AMP｝2632MHz/22cm/雙風扇/註五年/金屬背板,20490,,
12,顯示卡VGA,NVIDIA RTX5060Ti-8GB(GDDR7),128,｛INNO3D RTX5060Ti 8GB TWIN X2｝2572MHz/25cm/註四年/雙風扇,18488,,
12,顯示卡VGA,NVIDIA RTX5060Ti-8GB(GDDR7),129,｛INNO3D RTX5060Ti 8GB TWIN X2 OC WHITE｝2602MHz/25cm/註四年/雙風/映雪,19488,,
12,顯示卡VGA,NVIDIA RTX5060Ti-16GB(GDDR7),131,｛華碩 DUAL-RTX5060TI-O16G｝2632MHz/23cm/雙風扇/註冊四年保固,25590,,任搭折190
12,顯示卡VGA,NVIDIA RTX5060Ti-16GB(GDDR7),132,｛華碩 DUAL-RTX5060TI-O16G-WHITE｝2632MHz/23cm/雙風扇/註冊四年保/白,26590,,任搭折190
12,顯示卡VGA,NVIDIA RTX5060Ti-16GB(GDDR7),133,｛華碩 PRIME-RTX5060TI-16G｝2602MHz/31cm/三風扇/註冊五年保固,26590,,任搭折190
12,顯示卡VGA,NVIDIA RTX5060Ti-16GB(GDDR7),134,｛華碩 PRIME-RTX5060TI-O16G｝2647MHz/31cm/三風扇/註冊五年保固,27590,,任搭折190
12,顯示卡VGA,NVIDIA RTX5060Ti-16GB(GDDR7),135,｛技嘉 AORUS RTX5060Ti AI BOX｝2572MHz/外接式顯示卡/Thunderbolt 5隨插即用,31990,,任搭折190
12,顯示卡VGA,NVIDIA RTX5060Ti-16GB(GDDR7),136,｛微星 RTX5060Ti 16G CYCLONE OC｝2617MHz/16cm/免註冊五年保 [獨家-雪螳螂],25590,,熱賣 任搭折190
12,顯示卡VGA,NVIDIA RTX5060Ti-16GB(GDDR7),137,｛微星 RTX5060Ti 16G SHADOW 2X OC PLUS｝2617MHz/23cm/雙風扇/註四年,25590,,任搭折190
12,顯示卡VGA,NVIDIA RTX5060Ti-16GB(GDDR7),138,｛微星 RTX5060Ti 16G VENTUS 2X OC PLUS｝2617MHz/23cm/雙風扇/註四年,25990,,任搭折190
12,顯示卡VGA,NVIDIA RTX5060Ti-16GB(GDDR7),140,｛ZOTAC RTX5060Ti 16GB Twin Edge｝2572MHz/22cm/雙風扇/註冊五年保/金屬背板,24490,,任搭折190
12,顯示卡VGA,NVIDIA RTX5060Ti-16GB(GDDR7),141,｛ZOTAC RTX5060Ti 16GB Twin Edge OC｝2602MHz/22cm/雙風扇/註五年/金屬背板,24990,,任搭折190
12,顯示卡VGA,NVIDIA RTX5060Ti-16GB(GDDR7),142,｛INNO3D RTX5060Ti 16GB TWIN X2｝2572MHz/25cm/註四年/雙風扇,24488,,任搭折188
12,顯示卡VGA,NVIDIA RTX5070-12GB(GDDR7),145,｛華碩 PRIME-RTX5070-12G｝2542MHz/31cm/三風扇/註冊五年保,30990,,任搭折190
12,顯示卡VGA,NVIDIA RTX5070-12GB(GDDR7),146,｛華碩 PRIME-RTX5070-O12G｝2587MHz/31cm/三風扇/註冊五年保,31990,,熱賣 任搭折190
12,顯示卡VGA,NVIDIA RTX5070-12GB(GDDR7),147,｛華碩 T1-RTX5070-O12G-GAMING｝2595MHz/31cm/三風扇/註五年/T1冠軍戰隊版,32990,,
12,顯示卡VGA,NVIDIA RTX5070-12GB(GDDR7),148,｛技嘉 RTX5070 WINDFORCE OC SFF 12G｝2542MHz/29cm/三風扇/註冊四年保,29990,,熱賣 任搭折190
12,顯示卡VGA,NVIDIA RTX5070-12GB(GDDR7),149,｛技嘉 RTX5070 EAGLE OC SFF 12G｝2587MHz/29cm/三風扇/註五年,30990,,任搭折190
12,顯示卡VGA,NVIDIA RTX5070-12GB(GDDR7),150,｛技嘉 RTX5070 EAGLE OC ICE SFF 12G｝2587MHz/29cm/三風扇/註五年/冰魄白,31490,,任搭折190
12,顯示卡VGA,NVIDIA RTX5070-12GB(GDDR7),151,｛技嘉 RTX5070 GAMING OC 12G｝2625MHz/33cm/三風扇/註五年,32490,,任搭折190
12,顯示卡VGA,NVIDIA RTX5070-12GB(GDDR7),152,｛技嘉 RTX5070 AERO OC 12G｝2625MHz/33cm/三風扇/註五年,32990,,任搭折190
12,顯示卡VGA,NVIDIA RTX5070-12GB(GDDR7),153,｛技嘉 AORUS RTX5070 MASTER 12G｝2715MHz/32cm/三風扇/註五年,33990,,任搭折190
12,顯示卡VGA,NVIDIA RTX5070-12GB(GDDR7),154,｛技嘉 AORUS RTX5070 INFINITY 12G｝2715MHz/31cm/渦流雙風扇/註五年,33990,,任搭折190
12,顯示卡VGA,NVIDIA RTX5070-12GB(GDDR7),156,｛微星 RTX5070 12G SHADOW 2X OC｝2557MHz/24cm/雙風扇/註四年,29990,,任搭折190
12,顯示卡VGA,NVIDIA RTX5070-12GB(GDDR7),157,｛微星 RTX5070 12G VENTUS 2X OC｝2557MHz/24cm/雙風扇/註四年,30590,,任搭折190
12,顯示卡VGA,NVIDIA RTX5070-12GB(GDDR7),158,｛微星 RTX5070 12G VENTUS 2X OC WHITE｝2557MHz/24cm/雙風扇/雪白,30990,,熱賣 任搭折190
12,顯示卡VGA,NVIDIA RTX5070-12GB(GDDR7),159,｛微星 RTX5070 12G INSPIRE 3X OC｝2557MHz/29cm/三風扇/註五年,30990,,任搭折190
12,顯示卡VGA,NVIDIA RTX5070-12GB(GDDR7),160,｛微星 RTX5070 12G VENTUS 3X OC｝2557MHz/31cm/三風扇/註五年,31590,,任搭折190
12,顯示卡VGA,NVIDIA RTX5070-12GB(GDDR7),161,｛微星 RTX5070 12G GAMING TRIO OC｝2625MHz/34cm/三風扇/註五年,32990,,任搭折190
12,顯示卡VGA,NVIDIA RTX5070-12GB(GDDR7),163,｛ZOTAC RTX5070 Twin Edge｝2512MHz/24cm/雙風扇/註五年,28990,,任搭折190
12,顯示卡VGA,NVIDIA RTX5070-12GB(GDDR7),164,｛ZOTAC RTX5070 Twin Edge OC｝2542MHz/24cm/雙風扇/註五年,29990,,任搭折190
12,顯示卡VGA,NVIDIA RTX5070-12GB(GDDR7),165,｛ZOTAC RTX5070 SOLID｝2512MHz/31cm/三風扇/註五年,30990,,任搭折190
12,顯示卡VGA,NVIDIA RTX5070-12GB(GDDR7),166,｛ZOTAC RTX5070 SOLID OC｝2542MHz/31cm/三風扇/註五年,31490,,熱賣 任搭折190
12,顯示卡VGA,NVIDIA RTX5070-12GB(GDDR7),167,｛ZOTAC RTX5070 AMP White Edition｝2587MHz/31cm/三風扇/註五年,31990,,任搭折190
12,顯示卡VGA,NVIDIA RTX5070-12GB(GDDR7),168,｛INNO3D RTX5070 TWIN X2｝2512MHz/25cm/雙風扇/註四年,28888,,
12,顯示卡VGA,NVIDIA RTX5070-12GB(GDDR7),169,｛INNO3D RTX5070 TWIN X2 OC WHITE｝2542MHz/25cm/超頻雙風/白註四年,29888,,
12,顯示卡VGA,NVIDIA RTX5070-12GB(GDDR7),170,｛INNO3D RTX5070 iChill X3｝2572MHz/34cm/ARGB三風扇/註冊五年,30888,,
12,顯示卡VGA,NVIDIA RTX5070Ti-16GB(GDDR7),173,限搭機｛華碩 TUF-RTX5070TI-O16G-GAMING｝2610MHz/33cm/三風扇/註五年,46990,,限搭機 任搭折190
12,顯示卡VGA,NVIDIA RTX5070Ti-16GB(GDDR7),174,限搭機｛ROG-STRIX-RTX5070TI-16G-GAMING｝2482MHz/33cm/三風扇/註五年,49990,,限搭機 任搭折190
12,顯示卡VGA,NVIDIA RTX5070Ti-16GB(GDDR7),175,限搭機｛技嘉 RTX5070Ti EAGLE OC SFF 16G｝2542MHz/31cm/三風扇/註五年,45990,,限搭機 任搭折190
12,顯示卡VGA,NVIDIA RTX5070Ti-16GB(GDDR7),176,限搭機｛技嘉 RTX5070Ti GAMING OC 16G｝2588MHz/34cm/三風扇/註五年,46990,,限搭機 任搭折190
12,顯示卡VGA,NVIDIA RTX5070Ti-16GB(GDDR7),177,限搭機｛微星 RTX5070Ti 16G SHADOW 3X OC｝2497MHz/31cm/三風扇/註四年),44990,,限搭機 任搭折190
12,顯示卡VGA,NVIDIA RTX5070Ti-16GB(GDDR7),178,限搭機｛微星 RTX5070Ti 16G GAMING TRIO OC｝2580MHz/34cm/三風扇/註五年,46990,,限搭機 任搭折190
12,顯示卡VGA,NVIDIA RTX5070Ti-16GB(GDDR7),180,｛ZOTAC RTX5070Ti 16GB 天啟 OC｝2572MHz/36cm/三風扇/免註冊五年保 [獨家版],46490,,熱賣
12,顯示卡VGA,NVIDIA RTX5080-16GB(GDDR7),183,｛技嘉 RTX5080 WINDFORCE OC SFF 16G｝2670MHz/31cm/三風扇/註冊四年保,53990,,任搭折190
12,顯示卡VGA,NVIDIA RTX5080-16GB(GDDR7),184,｛技嘉 RTX5080 GAMING OC 16G｝2730MHz/34cm/三風扇/註冊五年保,54990,,熱賣 任搭折190
12,顯示卡VGA,NVIDIA RTX5080-16GB(GDDR7),185,｛技嘉 RTX5080 AERO OC SFF 16G｝2730MHz/31cm/三風扇/註冊五年保,55990,,任搭折190
12,顯示卡VGA,NVIDIA RTX5080-16GB(GDDR7),186,｛技嘉 AORUS RTX5080 MASTER 16G｝2805MHz/36cm/三風扇/註冊五年保,57990,,任搭折190
12,顯示卡VGA,NVIDIA RTX5080-16GB(GDDR7),187,｛技嘉 AORUS RTX5080 INFINITY 16G｝2805MHz/33cm/渦流雙風扇/註五年,61990,,任搭折390
12,顯示卡VGA,NVIDIA RTX5080-16GB(GDDR7),189,｛微星 RTX5080 16G VENTUS 3X OC｝2655MHz/31cm/三風扇/註五年,53990,,任搭折190
12,顯示卡VGA,NVIDIA RTX5080-16GB(GDDR7),190,｛微星 RTX5080 16G GAMING TRIO OC｝2715MHz/34cm/三風扇/註冊五年保,55990,,任搭折190
12,顯示卡VGA,NVIDIA RTX5080-16GB(GDDR7),192,｛ZOTAC RTX5080 SOLID CORE OC｝2640MHz/31cm/三風扇/註五年,53990,,熱賣 任搭折1000
12,顯示卡VGA,NVIDIA RTX5080-16GB(GDDR7),193,｛ZOTAC RTX5080 SOLID OC White Edition｝2640MHz/33cm/三風扇/註五年/白色,54990,,任搭折1000
12,顯示卡VGA,NVIDIA RTX5080-16GB(GDDR7),194,｛ZOTAC RTX5080 SOLID CORE OC 20th Anniversary Edition｝二十周年紀念版,55990,,
12,顯示卡VGA,NVIDIA RTX5080-16GB(GDDR7),195,｛INNO3D RTX5080 X3｝2617MHz/30cm/三風扇/Dual Slot/註四年,52888,,任搭折1000
12,顯示卡VGA,NVIDIA RTX5080-16GB(GDDR7),196,｛INNO3D RTX5080 X3 OC｝2640MHz/30cm/註四年/超頻三風扇/註四年,53888,,任搭折1000
12,顯示卡VGA,NVIDIA RTX5080-16GB(GDDR7),197,｛INNO3D RTX5080 X3 OC WHITE｝2640MHz/30cm/超頻三風扇/註四年/映雪,53888,,任搭折1000
12,顯示卡VGA,NVIDIA RTX5080-16GB(GDDR7),198,｛INNO3D RTX5080 iChill X3 V2｝2715MHz/34cm/ARGB三風扇/註冊五年,54888,,任搭折1000
12,顯示卡VGA,NVIDIA RTX5090-32GB(GDDR7),204,限搭機｛華碩 PROART-RTX5090-O32G｝2512MHz/31cm/雙風扇/註五年/2.5-slot/少量.先詢問),175990,,限搭機
12,顯示卡VGA,NVIDIA RTX5090-32GB(GDDR7),205,限搭機｛華碩 ROG-ASTRAL-RTX5090-O32G-BTF-GAMING｝背插/16PIN兩用電源,176990,,限搭機
12,顯示卡VGA,NVIDIA RTX5090-32GB(GDDR7),206,限搭機｛技嘉 AORUS RTX5090 MASTER ICE 32G｝2655MHz/36cm/註冊五年保,169990,,限搭機
12,顯示卡VGA,NVIDIA RTX5090-32GB(GDDR7),207,限搭機｛技嘉 AORUS RTX5090 STEALTH ICE 32G｝2655MHz/36cm/註五年/背藏線電源,172990,,限搭機
12,顯示卡VGA,NVIDIA RTX5090-32GB(GDDR7),208,限搭機｛技嘉 AORUS RTX5090 XTREME WATERFORCE 32G｝水冷/註冊五年保,174990,,限搭機
12,顯示卡VGA,NVIDIA RTX5090-32GB(GDDR7),209,限搭機｛技嘉 AORUS RTX5090 INFINITY 32G｝2730MHz/33cm/渦流雙風扇,179990,,限搭機
12,顯示卡VGA,NVIDIA RTX5090-32GB(GDDR7),214,限搭機｛微星 RTX5090 32G GAMING TRIO OC｝2497MHz/36cm/三風扇/註冊五年保,165990,,限搭機
12,顯示卡VGA,NVIDIA RTX5090-32GB(GDDR7),215,限搭機｛微星 RTX5090 32G SUPRIM SOC｝2580MHz/36cm/三風扇/註五年,169990,,限搭機
12,顯示卡VGA,NVIDIA RTX5090-32GB(GDDR7),216,限搭機｛ZOTAC RTX5090 SOLID OC White Edition｝2422MHz/33cm/三風扇/註五年/白色(少量.先詢問,164990,,限搭機
12,顯示卡VGA,NVIDIA 專業工作站繪圖卡,219,｛麗臺 NVIDIA RTX A400｝4G GDDR6 64bit/CUDA:768/16.26cm/三年保固,9100,,任搭折300
12,顯示卡VGA,NVIDIA 專業工作站繪圖卡,220,｛麗臺 NVIDIA RTX A1000｝8G GDDR6 128bit/CUDA:2304/16.26cm/三年保固,20600,,任搭折600
12,顯示卡VGA,NVIDIA 專業工作站繪圖卡,221,｛麗臺 NVIDIA RTX 2000 Ada｝16GB GDDR6/CUDA:2816/16.76cm/三年保固,29300,,任搭折1000
12,顯示卡VGA,NVIDIA 專業工作站繪圖卡,222,｛麗臺 NVIDIA RTX 4000 SFF Ada｝20GB GDDR6 ECC/16.76cm/三年保固/小卡,55000,,任搭折2000
12,顯示卡VGA,NVIDIA 專業工作站繪圖卡,223,｛麗臺 NVIDIA RTX 6000 Ada｝48GB GDDR6 ECC/26.67cm/三年保固,289900,,任搭折2000
12,顯示卡VGA,NVIDIA 專業工作站繪圖卡,224,｛麗臺 NVIDIA RTX PRO 2000 Blackwell 16GB GDDR7｝工作站繪圖卡,66300,,任搭折2300
12,顯示卡VGA,NVIDIA 專業工作站繪圖卡,225,｛麗臺 NVIDIA RTX PRO 4000 Blackwell SFF 24GB GDDR7｝工作站繪圖卡,124000,,任搭折4000
12,顯示卡VGA,NVIDIA 專業工作站繪圖卡,226,｛麗臺 NVIDIA RTX PRO 4000 Blackwell 24GB GDDR7｝工作站繪圖卡,124000,,任搭折4000
12,顯示卡VGA,NVIDIA 專業工作站繪圖卡,227,｛麗臺 NVIDIA RTX PRO 4500 Blackwell 32GB GDDR7｝工作站繪圖卡,189000,,任搭折4000
12,顯示卡VGA,NVIDIA 專業工作站繪圖卡,228,｛麗臺 NVIDIA RTX PRO 5000 Blackwell 48GB GDDR7｝工作站繪圖卡,325000,,任搭折5000
12,顯示卡VGA,NVIDIA 專業工作站繪圖卡,229,｛麗臺 NVIDIA RTX PRO 5000 Blackwell 72GB GDDR7｝工作站繪圖卡,435000,,任搭折5000
12,顯示卡VGA,NVIDIA 專業工作站繪圖卡,230,｛麗臺 NVIDIA RTX PRO 6000 Blackwell Max-Q 96GB GDDR7｝工作站級,575000,,任搭折5000
12,顯示卡VGA,NVIDIA 專業工作站繪圖卡,231,[加購價]｛麗臺 mini-DP轉DVI-D轉接線｝,190,,
12,顯示卡VGA,AMD Radeon RX7650GRE-8G,233,｛藍寶石 白金版 PULSE RX7650GRE GAMING 8GB｝2695MHz/24cm/雙風/註五年/金屬背板,9590,,任搭折200
12,顯示卡VGA,AMD Radeon RX7650GRE-8G,234,｛藍寶石 極地 PURE RX7650GRE GAMING 8GB｝2695MHz/24cm/雙風/註五年/白/金屬背板,9690,,任搭折200
12,顯示卡VGA,AMD Radeon RX7650GRE-8G,235,｛撼訊 RX7650GRE 8G-L/OC Hellhound 暗黑犬｝2755MHz/24cm/雙風扇/註四年,8490,,
12,顯示卡VGA,AMD Radeon RX9060XT-8G,237,｛技嘉 RX9060XT GAMING OC 8G｝3320MHz/28cm/三風扇/註冊五年保,11490,,任搭折190
12,顯示卡VGA,AMD Radeon RX9060XT-8G,238,｛華擎 RX9060XT Challenger 8GB OC｝3290MHz/25cm/雙風扇/註冊四年保,11990,,任搭折190
12,顯示卡VGA,AMD Radeon RX9060XT-8G,239,｛Acer Nitro RX9060XT OC 8GB｝3320MHz/27cm/雙風扇/三年保固),10990,,任搭折100
12,顯示卡VGA,AMD Radeon RX9060XT-8G,240,｛撼訊 RX9060XT 8G-L/OC Hellhound 暗黑犬｝3310MHz/33cm/三風/註四年/MIT台灣製,11490,,任搭折290
12,顯示卡VGA,AMD Radeon RX9060XT-16G,242,｛技嘉 RX9060XT GAMING OC 16G｝3300MHz/28cm/三風扇/註冊五年保,16890,,任搭折190
12,顯示卡VGA,AMD Radeon RX9060XT-16G,243,｛技嘉 RX9060XT GAMING OC ICE 16G｝3320MHz/28cm/三風扇/註冊五年保/白,17390,,任搭折190
12,顯示卡VGA,AMD Radeon RX9060XT-16G,244,｛華擎 RX9060XT Challenger 16GB OC｝3290MHz/25cm/雙風扇/註冊四年保,16790,,任搭折190
12,顯示卡VGA,AMD Radeon RX9060XT-16G,245,｛Acer Nitro RX9060XT OC 16GB｝3320MHz/27cm/雙風扇/三年保固,17390,,任搭折190
12,顯示卡VGA,AMD Radeon RX9060XT-16G,246,｛藍寶石 脈動 PULSE RX9060XT GAMING OC 16GB｝3290MHz/25cm/雙風/註五年/金屬背板,15800,,熱賣
12,顯示卡VGA,AMD Radeon RX9060XT-16G,247,｛藍寶石 極地 PURE RX9060XT GAMING OC 16GB｝3290MHz/24cm/雙風/註五年/白/金屬背板,16490,,任搭折190
12,顯示卡VGA,AMD Radeon RX9060XT-16G,248,｛藍寶石 氮動 NITRO+ RX9060XT GAMING OC 16GB｝3320MHz/30cm/三風/註五年/金屬背板,16990,,任搭折190
12,顯示卡VGA,AMD Radeon RX9060XT-16G,249,｛撼訊 RX9060XT 16G-A Reaper 遊蕩者｝3230MHz/22cm/雙風扇/三年保固/MIT台灣製,14590,,熱賣 任搭折190
12,顯示卡VGA,AMD Radeon RX9060XT-16G,250,｛撼訊 RX9060XT 16G-L/OC Hellhound 暗黑犬｝3310MHz/33cm/三風扇/四年固/MIT台灣製,15990,,任搭折190
12,顯示卡VGA,AMD Radeon RX9070GRE-12G,253,限組裝｛華碩 ATS-RX9070GRE-O12G ｝2880MHz/31cm/三風扇/免註冊五年保 [獨家-巨齒鯊],18990,,限組裝 任搭折190
12,顯示卡VGA,AMD Radeon RX9070GRE-12G,254,｛技嘉 RX9070GRE GAMING OC 12G｝2920MHz/29cm/三風扇/註冊五年保,19990,,任搭折190
12,顯示卡VGA,AMD Radeon RX9070GRE-12G,255,｛華擎 RX9070GRE Steel Legend Dark 12GB OC｝2920MHz/30cm/三風扇/註五保,20690,,任搭折190
12,顯示卡VGA,AMD Radeon RX9070GRE-12G,256,｛藍寶石 脈動 PULSE RX9070GRE GAMING 12GB｝2790MHz/28cm/雙風/註五年,19990,,熱賣 任搭折190
12,顯示卡VGA,AMD Radeon RX9070GRE-12G,257,｛藍寶石 脈動 PULSE RX9070GRE GAMING OC 12GB｝2920MHz/28cm/雙風/註五年,20490,,任搭折190
12,顯示卡VGA,AMD Radeon RX9070GRE-12G,258,｛藍寶石 極地 PURE RX9070GRE GAMING OC 12GB｝2920MHz/32cm/三風/註五年/白/金屬背板,20590,,任搭折290
12,顯示卡VGA,AMD Radeon RX9070GRE-12G,259,｛撼訊 RX9070GRE 12G-A Reaper 遊蕩者｝2790MHz/31cm/三風扇/三年保固,17990,,任搭折190
12,顯示卡VGA,AMD Radeon RX9070GRE-12G,260,｛撼訊 RX9070GRE 12G-L/OC Hellhound 暗黑犬｝2860MHz/33cm/三風扇/註四年,18990,,任搭折190
12,顯示卡VGA,AMD Radeon RX9070-16G,263,｛華碩 PRIME-RX9070-O16G-EVO｝2610MHz/32cm/三風扇/五年保,24900,,任搭折200
12,顯示卡VGA,AMD Radeon RX9070-16G,264,｛技嘉 RX9070 GAMING OC 16G｝2700MHz/29cm/三風扇/五年保,24890,,任搭折190
12,顯示卡VGA,AMD Radeon RX9070-16G,265,｛華擎 RX9070 Challenger 16GB｝2520MHz/29cm/三風扇/五年保,24590,,任搭折190
12,顯示卡VGA,AMD Radeon RX9070-16G,266,限搭機｛華擎 RX9070 Challenger 16GB｝2520MHz/29cm/三風扇/五年保,23990,,限搭機
12,顯示卡VGA,AMD Radeon RX9070XT-16G,269,｛技嘉 AORUS RX9070XT ELITE 16G｝3100MHz/34cm/三風扇/五年保,29890,,任搭折190
12,顯示卡VGA,AMD Radeon RX9070XT-16G,270,｛華擎 RX9070XT Challenger 16GB｝2970MHz/29cm/三風扇/註五年保,26890,,任搭折190
12,顯示卡VGA,AMD Radeon RX9070XT-16G,271,｛Acer NITRO RX9070XT 16G OC｝3100MHz/30cm/三風扇/三年保),25990,,熱賣 任搭折190
12,顯示卡VGA,AMD Radeon RX9070XT-16G,272,｛Acer Predator BiFrost RX9070XT 16G OC White｝3100MHz/30cm/三風扇/三年保,26990,,任搭折190
12,顯示卡VGA,AMD Radeon RX9070XT-16G,273,｛藍寶石 脈動 PULSE RX9070XT GAMING 16GB｝2970MHz/32cm/三風/註五年/全鋁背板,25990,,任搭折190
12,顯示卡VGA,AMD Radeon RX9070XT-16G,274,｛藍寶石 極地 PURE RX9070XT GAMING OC 16GB｝3010MHz/32cm/三風/註五年/白/金屬背板,26990,,任搭折290
12,顯示卡VGA,AMD Radeon RX9070XT-16G,275,｛藍寶石 氮動 NITRO+ RX9070XT GAMING OC 16GB｝3060MHz/33cm/三風/註五年/隱藏電源設計,28990,,熱賣 任搭折190
12,顯示卡VGA,AMD Radeon RX9070XT-16G,276,｛藍寶石 氮動 NITRO+ RX9070XT Crimson Desert｝赤血沙漠版/註五年-附限量塗裝背板,28990,,任搭折290
12,顯示卡VGA,AMD Radeon RX9070XT-16G,277,｛藍寶石 氮動 NITRO+ RX9070XT OC 16GB PhantomLink｝背插式GC HWPR/註五年,30490,,任搭折290
12,顯示卡VGA,AMD Radeon RX9070XT-16G,278,｛藍寶石 氮動 NITRO+ RX9070XT OC 16GB PhantomLink Polar｝背插式GC HWPR/註五年/白,30990,,任搭折290
12,顯示卡VGA,AMD Radeon RX9070XT-16G,279,｛撼訊 RX9070XT 16G-A 遊蕩者｝2970MHz/31cm/三風扇/三年保/MIT台灣製,25590,,任搭折190
12,顯示卡VGA,AMD Radeon RX9070XT-16G,280,｛撼訊 RX9070XT 16G-L/OC 暗黑犬｝3010MHz/34cm/三風扇/註四年/MIT台灣製,26990,,任搭折190
12,顯示卡VGA,AMD Radeon RX9070XT-16G,281,｛撼訊 RX9070XT 16G-L/OC/WHITE 暗黑犬(白)｝3010MHz/34cm/三風扇/MIT台灣製,27990,,任搭折190
12,顯示卡VGA,AMD Radeon RX9070XT-16G,282,｛撼訊 RX9070XT 16G-L/OC/REVA 夜嵐紀念版｝3010MHz/35cm/三風扇/附夜嵐磁吸背板,27990,,任搭折190
12,顯示卡VGA,AMD Radeon RX9070XT-16G,283,｛撼訊 RX9070XT 16G-E/OC 紅魔｝3060MHz/36cm/三風扇/註五年/MIT台灣製,28990,,任搭折190
12,顯示卡VGA,AMD 專業級/工作站級 顯卡,285,｛撼訊 AI PRO R9700 32G-B｝2920MHz/27cm/鼓風扇/三年保/專業級繪圖卡,58990,,
13,螢幕｜投影機｜壁掛,【主機搭購螢幕促銷專區】,7,銀欣 SST-ARM13 (單螢幕 / 機械彈簧 / 穿夾兩用 / 最大32吋or9公斤) 省$1000,990,,
13,螢幕｜投影機｜壁掛,【主機搭購螢幕促銷專區】,8,銀欣 SST-ARM14 白色 (單螢幕 / 氣壓彈簧 / 穿夾兩用 / 最大49吋or20公斤) 省$1400,1599,,
13,螢幕｜投影機｜壁掛,【主機搭購螢幕促銷專區】,9,銀欣 SST-ARM14B 黑色 (單螢幕 / 氣壓彈簧 / 穿夾兩用 / 最大49吋or20公斤) 省$1400,1599,,
13,螢幕｜投影機｜壁掛,【主機搭購螢幕促銷專區】,11,威世波 WST-MNT001 鋁合金螢幕支架 夾桌式/承載9.5KG/17-35吋【暗夜黑】省$800,2480,,
13,螢幕｜投影機｜壁掛,【主機搭購螢幕促銷專區】,12,威世波 WST-MNT002 鋁合金螢幕支架 夾桌式/承載9.5KG/17-35吋【冰川銀】省$800,2480,,
13,螢幕｜投影機｜壁掛,【主機搭購螢幕促銷專區】,13,威世波 WST-MNT003 鋁合金螢幕支架 夾桌式/承載9.5KG/17-35吋【冰雪白】省$800,2480,,
13,螢幕｜投影機｜壁掛,【主機搭購螢幕促銷專區】,14,Raymii LS-67-M1 (單螢幕 / 穿夾兩用 /機械彈簧) 承載11KG / 17-35吋/白色 省$1000,1299,,
13,螢幕｜投影機｜壁掛,【主機搭購螢幕促銷專區】,15,Raymii LS5U (單螢幕/穿夾兩用/高負重氣壓/17-43吋/承載18KG) 省$1000,1499,,
13,螢幕｜投影機｜壁掛,【主機搭購螢幕促銷專區】,16,Raymii LS-140-M1 RGB 黑色 (單螢幕 /氣壓式) 承載12KG / 17-35吋 )省$400,1999,,
13,螢幕｜投影機｜壁掛,【主機搭購螢幕促銷專區】,17,Raymii HALO-MAX2-1M 白色 (單螢幕 / 氣壓式)承載27KG/15-57吋/USB3.0*2) 省$500,2299,,
13,螢幕｜投影機｜壁掛,【主機搭購螢幕促銷專區】,18,Raymii HALO-MAX2-1M 黑色 (單螢幕 / 氣壓式)承載27KG/15-57吋/USB3.0*2) 省$500,2299,,
13,螢幕｜投影機｜壁掛,【主機搭購螢幕促銷專區】,19,Raymii LS-140-M2 RGB 黑色 (雙螢幕 /氣壓式) 承載12KG / 17-35吋 )省$500,3399,,
13,螢幕｜投影機｜壁掛,【主機搭購螢幕促銷專區】,20,｛BenQ ERGO ARM BSL01 黑色｝單螢幕/穿夾兩用/承載11KG/三年保,1990,,
13,螢幕｜投影機｜壁掛,【主機搭購螢幕促銷專區】,21,BenQ ERGO ARM BSH01 黑色 (單螢幕/穿夾兩用/底座加固板/承載20KG),2590,,
13,螢幕｜投影機｜壁掛,【主機搭購螢幕促銷專區】,22,BenQ ERGO ARM BSH02 白色 (單螢幕/穿夾兩用/底座加固板/承載20KG),2590,,
13,螢幕｜投影機｜壁掛,【主機搭購螢幕促銷專區】,23,【主機搭購】MSI PRO MP242 E14C〈1H1C/IPS/144Hz/含喇叭/Type-C連接埠〉省$200,2388,,
13,螢幕｜投影機｜壁掛,【主機搭購螢幕促銷專區】,24,【主機搭購】MSI PRO MP272 E14C〈1H1C/IPS/144Hz/含喇叭/Type-C連接埠〉省$200,2688,,
13,螢幕｜投影機｜壁掛,【主機搭購螢幕促銷專區】,25,【主機搭購】AOC 25B40HM〈1A1H/VA/100Hz〉,1999,,
13,螢幕｜投影機｜壁掛,【主機搭購螢幕促銷專區】,26,【主機搭購】｛PHILIPS 272M2N2100NF｝〈1H/IPS/144Hz〉省$200,2788,,
13,螢幕｜投影機｜壁掛,【主機搭購螢幕促銷專區】,27,【主機搭購】三星 S3 S27D300GAC〈1A1H/IPS/100Hz〉,2999,,
13,螢幕｜投影機｜壁掛,【主機搭購螢幕促銷專區】,28,【主機搭購】三星 Odyssey G5 S27FG502EC〈1H1P/IPS/180Hz/HDR10〉可升降旋轉,5590,,
13,螢幕｜投影機｜壁掛,【主機搭購螢幕促銷專區】,29,【主機搭購】Acer Nitro VG240Y P6〈1H1P/IPS/144Hz/含喇叭〉省$300,2388,,
13,螢幕｜投影機｜壁掛,【主機搭購螢幕促銷專區】,30,【主機搭購】BenQ GW2790〈2H1P/IPS/100Hz/含喇叭〉.光智慧2.0 省$1200,2788,,
13,螢幕｜投影機｜壁掛,【主機搭購螢幕促銷專區】,31,【主機搭購】BenQ GW2491P〈1H1P/IPS/120Hz〉省$200,2388,,
13,螢幕｜投影機｜壁掛,【主機搭購螢幕促銷專區】,32,【主機搭購】BenQ GW2791P〈1H1P/IPS/120Hz〉省$200,2788,,
13,螢幕｜投影機｜壁掛,【主機搭購螢幕促銷專區】,33,【主機搭購】AOPEN 16PM1Q J〈15.6吋/1H2C/IPS/含喇叭〉,1999,,
13,螢幕｜投影機｜壁掛,20吋(16:9)〈亮暗點保固視廠商保固條款而定〉,38,｛AOPEN 20E0Q｝〈1A1H/TN〉,1768,,
13,螢幕｜投影機｜壁掛,20吋(16:9)〈亮暗點保固視廠商保固條款而定〉,39,｛華碩 VS207DF｝〈1A/TN〉Splendid 影像智慧技術,1988,,
13,螢幕｜投影機｜壁掛,22吋(1920*1080)(16:9)〈亮暗點保固視廠商保固條款而定〉,42,｛MSI PRO MP225 E12VL｝〈1A1H/VA/120Hz〉,1859,,
13,螢幕｜投影機｜壁掛,22吋(1920*1080)(16:9)〈亮暗點保固視廠商保固條款而定〉,43,｛Acer EK220Q E3｝〈1A1H/IPS/100Hz〉,1888,,
13,螢幕｜投影機｜壁掛,22吋(1920*1080)(16:9)〈亮暗點保固視廠商保固條款而定〉,44,｛Acer EK220Q J0｝〈1A1H/VA/120Hz〉,1788,,
13,螢幕｜投影機｜壁掛,22吋(1920*1080)(16:9)〈亮暗點保固視廠商保固條款而定〉,45,｛Acer KA222Q J0｝〈1A1H/VA/120Hz/含喇叭〉,2188,,
13,螢幕｜投影機｜壁掛,22吋(1920*1080)(16:9)〈亮暗點保固視廠商保固條款而定〉,46,｛Acer UT222Q E｝〈1A1H1P/IPS/100Hz/含喇叭〉10點觸控螢幕,7499,,
13,螢幕｜投影機｜壁掛,22吋(1920*1080)(16:9)〈亮暗點保固視廠商保固條款而定〉,47,｛PHILIPS 22E1N1100LA｝〈1A1H/VA/120Hz/含喇叭〉,2088,,
13,螢幕｜投影機｜壁掛,22吋(1920*1080)(16:9)〈亮暗點保固視廠商保固條款而定〉,48,｛AOPEN 22CL1Q J0｝〈1A1H/VA/120Hz〉,1766,,
13,螢幕｜投影機｜壁掛,22吋(1920*1080)(16:9)〈亮暗點保固視廠商保固條款而定〉,49,｛AOPEN 22SA2Q H｝〈1A1H/VA/100Hz〉,1999,,
13,螢幕｜投影機｜壁掛,22吋(1920*1080)(16:9)〈亮暗點保固視廠商保固條款而定〉,50,｛ViewSonic VA220-H｝〈1A1H/VA/100Hz〉,2368,,
13,螢幕｜投影機｜壁掛,22吋(1920*1080)(16:9)〈亮暗點保固視廠商保固條款而定〉,51,｛AOC 22B15H2｝〈1A1H/IPS/120Hz〉,1888,,
13,螢幕｜投影機｜壁掛,22吋(1920*1080)(16:9)〈亮暗點保固視廠商保固條款而定〉,52,｛華碩 VP227HF｝〈1A1H/VA/100Hz〉,1955,,
13,螢幕｜投影機｜壁掛,22吋(1920*1080)(16:9)〈亮暗點保固視廠商保固條款而定〉,53,｛華碩 VP229QF｝〈1A1H1P/IPS/100Hz/含喇叭〉,2588,,
13,螢幕｜投影機｜壁掛,22吋(1920*1080)(16:9)〈亮暗點保固視廠商保固條款而定〉,54,｛華碩 VY229HE｝〈1A1H/IPS〉,2340,,
13,螢幕｜投影機｜壁掛,22吋(1920*1080)(16:9)〈亮暗點保固視廠商保固條款而定〉,55,｛DELL SE2225HM｝〈1A1H/VA/100Hz/四年保〉,2598,,
13,螢幕｜投影機｜壁掛,24吋(1920*1080)(16:9)〈亮暗點保固視廠商保固條款而定〉,59,｛MSI PRO MP243L E14｝〈1A1H/IPS/144Hz〉,2788,,
13,螢幕｜投影機｜壁掛,24吋(1920*1080)(16:9)〈亮暗點保固視廠商保固條款而定〉,60,｛MSI PRO MP243 E14｝〈1H1P/IPS/144Hz/含喇叭〉,2490,,
13,螢幕｜投影機｜壁掛,24吋(1920*1080)(16:9)〈亮暗點保固視廠商保固條款而定〉,61,｛MSI PRO MP243W E14｝〈1H1P/IPS/144Hz/白色/含喇叭〉,2510,,
13,螢幕｜投影機｜壁掛,24吋(1920*1080)(16:9)〈亮暗點保固視廠商保固條款而定〉,62,｛MSI PRO MP242 E14C｝〈1H1C/IPS/144Hz/含喇叭/Type-C連接埠〉【優惠洽門市】,2588,,
13,螢幕｜投影機｜壁掛,24吋(1920*1080)(16:9)〈亮暗點保固視廠商保固條款而定〉,63,｛MSI PRO MP245PG E14｝〈1A1H1P/IPS/144Hz/含喇叭〉可升降旋轉,2988,,
13,螢幕｜投影機｜壁掛,24吋(1920*1080)(16:9)〈亮暗點保固視廠商保固條款而定〉,64,｛MSI PRO MAX 241PHW E14｝〈1H1P1C/IPS/144Hz/含喇叭〉可升降旋轉,4290,,
13,螢幕｜投影機｜壁掛,24吋(1920*1080)(16:9)〈亮暗點保固視廠商保固條款而定〉,65,｛MSI Modern MD2412PW｝〈1H1C/IPS/100Hz/含喇叭/白色〉可升降旋轉,3222,,
13,螢幕｜投影機｜壁掛,24吋(1920*1080)(16:9)〈亮暗點保固視廠商保固條款而定〉,66,｛MSI G242L E14｝〈1H1P/IPS/144Hz〉【優惠洽門市】,2388,,
13,螢幕｜投影機｜壁掛,24吋(1920*1080)(16:9)〈亮暗點保固視廠商保固條款而定〉,67,｛MSI MAG 245C X24｝〈2H1P/VA曲面/1500R/240Hz〉,2990,,
13,螢幕｜投影機｜壁掛,24吋(1920*1080)(16:9)〈亮暗點保固視廠商保固條款而定〉,68,｛MSI MAG 245PF X24｝〈2H1P/IPS/240Hz〉,3590,,
13,螢幕｜投影機｜壁掛,24吋(1920*1080)(16:9)〈亮暗點保固視廠商保固條款而定〉,69,｛MSI MAG 245F X24｝〈2H1P/IPS/240Hz〉,3451,,
13,螢幕｜投影機｜壁掛,24吋(1920*1080)(16:9)〈亮暗點保固視廠商保固條款而定〉,70,｛MSI MPG 242R X60N｝〈2H1P1C/TN/600Hz/HDR400〉,14453,,
13,螢幕｜投影機｜壁掛,24吋(1920*1080)(16:9)〈亮暗點保固視廠商保固條款而定〉,71,｛Acer EK241Y P6｝〈1A1H/IPS/144Hz〉,2188,,
13,螢幕｜投影機｜壁掛,24吋(1920*1080)(16:9)〈亮暗點保固視廠商保固條款而定〉,72,｛Acer SA243Y P0｝〈1A1H/VA/144Hz〉,2488,,
13,螢幕｜投影機｜壁掛,24吋(1920*1080)(16:9)〈亮暗點保固視廠商保固條款而定〉,73,｛Acer SA243Y P1b｝〈1A1H/IPS/144Hz/含喇叭/黑色〉,2588,,
13,螢幕｜投影機｜壁掛,24吋(1920*1080)(16:9)〈亮暗點保固視廠商保固條款而定〉,74,｛Acer SA243Y P1w｝〈1A1H/IPS/144Hz/含喇叭/白色〉,2788,,
13,螢幕｜投影機｜壁掛,24吋(1920*1080)(16:9)〈亮暗點保固視廠商保固條款而定〉,75,｛Acer SB243Y G0｝〈1A1H/IPS/120Hz/含喇叭〉,2999,,
13,螢幕｜投影機｜壁掛,24吋(1920*1080)(16:9)〈亮暗點保固視廠商保固條款而定〉,76,｛Acer SH242Y E｝〈1H1C/IPS/100Hz/含喇叭〉支援PD 65W,2688,,
13,螢幕｜投影機｜壁掛,24吋(1920*1080)(16:9)〈亮暗點保固視廠商保固條款而定〉,77,｛Acer KA242Y P6｝〈1A1H/IPS/144Hz/含喇叭〉,2388,,
13,螢幕｜投影機｜壁掛,24吋(1920*1080)(16:9)〈亮暗點保固視廠商保固條款而定〉,78,｛Acer Nitro KG241Y X3｝〈1H1P/VA/200Hz/HDR10〉,2388,,
13,螢幕｜投影機｜壁掛,24吋(1920*1080)(16:9)〈亮暗點保固視廠商保固條款而定〉,79,｛Acer Nitro VG240Y P6｝〈1H1P/IPS/144Hz/含喇叭〉【優惠洽門市】,2588,,
13,螢幕｜投影機｜壁掛,24吋(1920*1080)(16:9)〈亮暗點保固視廠商保固條款而定〉,80,｛Acer Nitro VG240Y S6｝〈1A1H/IPS/180Hz/含喇叭〉,2688,,
13,螢幕｜投影機｜壁掛,24吋(1920*1080)(16:9)〈亮暗點保固視廠商保固條款而定〉,81,｛Acer Nitro VG240Y X1｝〈2H1P/IPS/200Hz/含喇叭/HDR10〉,2799,,
13,螢幕｜投影機｜壁掛,24吋(1920*1080)(16:9)〈亮暗點保固視廠商保固條款而定〉,82,｛Acer Nitro VG240Y W3｝〈2H1P/IPS/240Hz/含喇叭/HDR10〉,3099,,
13,螢幕｜投影機｜壁掛,24吋(1920*1080)(16:9)〈亮暗點保固視廠商保固條款而定〉,83,｛Acer Nitro VG240Y W5｝〈2H1P/IPS/260Hz/含喇叭/HDR10〉,3199,,
13,螢幕｜投影機｜壁掛,24吋(1920*1080)(16:9)〈亮暗點保固視廠商保固條款而定〉,84,｛Acer Nitro XV240Y X1｝〈2H1P/IPS/200Hz/含喇叭/HDR10〉,3188,,
13,螢幕｜投影機｜壁掛,24吋(1920*1080)(16:9)〈亮暗點保固視廠商保固條款而定〉,85,｛Acer Nitro ED240Q P0｝〈1A1H/VA曲面/1500R/144Hz〉,2388,,
13,螢幕｜投影機｜壁掛,24吋(1920*1080)(16:9)〈亮暗點保固視廠商保固條款而定〉,86,｛Acer Nitro ED240Q W0｝〈2H1P/VA曲面/1500R/240Hz/含喇叭/HDR10〉,3288,,
13,螢幕｜投影機｜壁掛,24吋(1920*1080)(16:9)〈亮暗點保固視廠商保固條款而定〉,87,｛Acer Nitro XV240 F6｝〈2H1P/TN/600Hz/含喇叭/HDR400〉600Hz高速更新率~,8999,,
13,螢幕｜投影機｜壁掛,24吋(1920*1080)(16:9)〈亮暗點保固視廠商保固條款而定〉,88,｛BenQ GW2491｝〈1H1P/IPS/100Hz〉,2488,,
13,螢幕｜投影機｜壁掛,24吋(1920*1080)(16:9)〈亮暗點保固視廠商保固條款而定〉,89,｛BenQ GW2491P｝〈1H1P/IPS/120Hz〉,2488,,
13,螢幕｜投影機｜壁掛,24吋(1920*1080)(16:9)〈亮暗點保固視廠商保固條款而定〉,90,｛BenQ GW2490P｝〈1H1P/IPS/120Hz/含喇叭〉,2788,,
13,螢幕｜投影機｜壁掛,24吋(1920*1080)(16:9)〈亮暗點保固視廠商保固條款而定〉,91,｛BenQ GW2490C｝〈1H1P1C/IPS/144Hz/含喇叭〉光智慧2.0,2988,,
13,螢幕｜投影機｜壁掛,24吋(1920*1080)(16:9)〈亮暗點保固視廠商保固條款而定〉,92,｛BenQ GW2490TC｝〈1H1P1C/IPS/144Hz/含喇叭〉光智慧.可升降旋轉,4988,,
13,螢幕｜投影機｜壁掛,24吋(1920*1080)(16:9)〈亮暗點保固視廠商保固條款而定〉,93,｛BenQ GW2486TC｝〈1H1P1C/IPS/100Hz/含喇叭/白色〉光智慧.降噪麥克風.可升降旋轉,4488,,酷幣300
13,螢幕｜投影機｜壁掛,24吋(1920*1080)(16:9)〈亮暗點保固視廠商保固條款而定〉,94,｛PHILIPS 24E1N2100A｝〈1A1H/IPS/120Hz/含喇叭〉,2488,,
13,螢幕｜投影機｜壁掛,24吋(1920*1080)(16:9)〈亮暗點保固視廠商保固條款而定〉,95,｛PHILIPS 24M2N2100NF｝〈1H/IPS/144Hz〉,2588,,
13,螢幕｜投影機｜壁掛,24吋(1920*1080)(16:9)〈亮暗點保固視廠商保固條款而定〉,96,｛AOC 24B36X｝〈1H1P/IPS/144Hz〉,2288,,
13,螢幕｜投影機｜壁掛,24吋(1920*1080)(16:9)〈亮暗點保固視廠商保固條款而定〉,97,｛AOC 24G10ZNE｝〈2H1P/VA/240Hz〉,2888,,
13,螢幕｜投影機｜壁掛,24吋(1920*1080)(16:9)〈亮暗點保固視廠商保固條款而定〉,98,｛AOC 24G11ZE｝〈1H1P/IPS/240Hz〉,3320,,
13,螢幕｜投影機｜壁掛,24吋(1920*1080)(16:9)〈亮暗點保固視廠商保固條款而定〉,99,｛AOC 24G50Z｝〈1H1P/IPS/260Hz〉,3388,,
13,螢幕｜投影機｜壁掛,24吋(1920*1080)(16:9)〈亮暗點保固視廠商保固條款而定〉,100,｛AOPEN 24CL1Y P6｝〈1A1H/IPS/144Hz〉,1999,,
13,螢幕｜投影機｜壁掛,24吋(1920*1080)(16:9)〈亮暗點保固視廠商保固條款而定〉,101,｛AOPEN 24HC5QR S3｝〈2H1P/VA曲面/1500R/180Hz/含喇叭/HDR10〉,2788,,
13,螢幕｜投影機｜壁掛,24吋(1920*1080)(16:9)〈亮暗點保固視廠商保固條款而定〉,102,｛DELL SE2426H｝〈2H/IPS/144Hz/四年保〉,2988,,
13,螢幕｜投影機｜壁掛,24吋(1920*1080)(16:9)〈亮暗點保固視廠商保固條款而定〉,103,｛DELL S2425HSM｝〈2H/IPS/144Hz/含喇叭/無亮點/四年保〉可升降旋轉,3888,,
13,螢幕｜投影機｜壁掛,24吋(1920*1080)(16:9)〈亮暗點保固視廠商保固條款而定〉,104,｛DELL P2425HE｝〈1H2P1C/IPS/100Hz/無亮點/四年保〉RJ-45介面.可升降旋轉,7988,,
13,螢幕｜投影機｜壁掛,24吋(1920*1080)(16:9)〈亮暗點保固視廠商保固條款而定〉,105,｛DELL P2426H｝〈1H1P/IPS/120Hz/無亮點/四年保〉可升降旋轉,5799,,
13,螢幕｜投影機｜壁掛,24吋(1920*1080)(16:9)〈亮暗點保固視廠商保固條款而定〉,106,｛DELL P2426HE｝〈1H2P1C/IPS/100Hz/無亮點/四年保〉RJ-45介面.可升降旋轉,7988,,
13,螢幕｜投影機｜壁掛,24吋(1920*1080)(16:9)〈亮暗點保固視廠商保固條款而定〉,107,｛DELL U2424H｝〈1H2P1C/IPS/120Hz/無亮點/四年保〉可升降旋轉,6688,,
13,螢幕｜投影機｜壁掛,24吋(1920*1080)(16:9)〈亮暗點保固視廠商保固條款而定〉,108,｛DELL U2424HE｝〈1H2P1C/IPS/120Hz/無亮點/四年保〉RJ-45介面.可升降旋轉,9888,,
13,螢幕｜投影機｜壁掛,24吋(1920*1080)(16:9)〈亮暗點保固視廠商保固條款而定〉,109,｛terra 2441W｝〈1A1H/IPS/含喇叭/144Hz〉,1999,,
13,螢幕｜投影機｜壁掛,24吋(1920*1080)(16:9)〈亮暗點保固視廠商保固條款而定〉,110,｛terra 2427W HA｝〈1H1P/VA/含喇叭〉可升降,2899,,
13,螢幕｜投影機｜壁掛,24吋(1920*1080)(16:9)〈亮暗點保固視廠商保固條款而定〉,111,｛ViewSonic VA2414-H｝〈1A1H/IPS/100Hz〉,2888,,
13,螢幕｜投影機｜壁掛,24吋(1920*1080)(16:9)〈亮暗點保固視廠商保固條款而定〉,112,｛ViewSonic VA2432-H-2｝〈1A1H/IPS/100Hz〉,3088,,
13,螢幕｜投影機｜壁掛,24吋(1920*1080)(16:9)〈亮暗點保固視廠商保固條款而定〉,113,｛ViewSonic VA2432-MHD-3｝〈1A1H1P/IPS/100Hz/含喇叭〉,2888,,
13,螢幕｜投影機｜壁掛,24吋(1920*1080)(16:9)〈亮暗點保固視廠商保固條款而定〉,114,｛ViewSonic VA2408-HDJ｝〈1A1H1P/IPS/100Hz〉可升降旋轉,4580,,
13,螢幕｜投影機｜壁掛,24吋(1920*1080)(16:9)〈亮暗點保固視廠商保固條款而定〉,115,｛ViewSonic VX2479-HD-PRO｝〈2H1P/IPS/180Hz/HDR10/無亮點〉,3288,,
13,螢幕｜投影機｜壁掛,24吋(1920*1080)(16:9)〈亮暗點保固視廠商保固條款而定〉,116,｛ViewSonic VX24G30｝〈2H1P/IPS/240Hz/HDR10/無亮點〉,2988,,
13,螢幕｜投影機｜壁掛,24吋(1920*1080)(16:9)〈亮暗點保固視廠商保固條款而定〉,117,｛ViewSonic VX24G30-W｝〈2H1P/IPS/240Hz/HDR10/無亮點/白色〉,2988,,
13,螢幕｜投影機｜壁掛,24吋(1920*1080)(16:9)〈亮暗點保固視廠商保固條款而定〉,118,｛ViewSonic VX24G30-BL｝〈2H1P/IPS/240Hz/HDR10/無亮點/蘇打藍〉,2988,,
13,螢幕｜投影機｜壁掛,24吋(1920*1080)(16:9)〈亮暗點保固視廠商保固條款而定〉,119,｛ViewSonic VX24G30-PK｝〈2H1P/IPS/240Hz/HDR10/無亮點/粉紅色〉,3399,,
13,螢幕｜投影機｜壁掛,24吋(1920*1080)(16:9)〈亮暗點保固視廠商保固條款而定〉,120,｛ViewSonic VX2479A-HD-PRO｝〈2H1P/IPS/240Hz/HDR10/無亮點〉,2988,,
13,螢幕｜投影機｜壁掛,24吋(1920*1080)(16:9)〈亮暗點保固視廠商保固條款而定〉,121,｛ViewSonic VX2485-MHU｝〈1A1H1C/IPS/含喇叭/無亮點〉,4988,,
13,螢幕｜投影機｜壁掛,24吋(1920*1080)(16:9)〈亮暗點保固視廠商保固條款而定〉,122,｛三星 S3 S24F332EAC｝〈1A1H/VA/100Hz〉,2390,,
13,螢幕｜投影機｜壁掛,24吋(1920*1080)(16:9)〈亮暗點保固視廠商保固條款而定〉,123,｛華碩 VA249HG｝〈1A1H/IPS/120Hz〉,2588,,
13,螢幕｜投影機｜壁掛,24吋(1920*1080)(16:9)〈亮暗點保固視廠商保固條款而定〉,124,｛華碩 VA249QG｝〈1A1H1P/IPS/120Hz/含喇叭〉,2718,,
13,螢幕｜投影機｜壁掛,24吋(1920*1080)(16:9)〈亮暗點保固視廠商保固條款而定〉,125,｛華碩 VA249QGS｝〈1A1H1P/IPS/120Hz/含喇叭〉可升降旋轉,3550,,
13,螢幕｜投影機｜壁掛,24吋(1920*1080)(16:9)〈亮暗點保固視廠商保固條款而定〉,126,｛華碩 VA249QGS-W｝〈1A1H1P/IPS/120Hz/含喇叭/白色〉可升降旋轉,3588,,
13,螢幕｜投影機｜壁掛,24吋(1920*1080)(16:9)〈亮暗點保固視廠商保固條款而定〉,127,｛華碩 VZ24EHF-W｝〈1H/IPS/100Hz/白色〉,2349,,
13,螢幕｜投影機｜壁掛,24吋(1920*1080)(16:9)〈亮暗點保固視廠商保固條款而定〉,128,｛華碩 VZ249HE-W｝〈1A1H/IPS/白色〉,2388,,
13,螢幕｜投影機｜壁掛,24吋(1920*1080)(16:9)〈亮暗點保固視廠商保固條款而定〉,129,｛華碩 VZ249HG｝〈1A1H/IPS/120Hz〉,2328,,
13,螢幕｜投影機｜壁掛,24吋(1920*1080)(16:9)〈亮暗點保固視廠商保固條款而定〉,130,｛華碩 VZ249HG-W｝〈1A1H/IPS/120Hz/白色〉,2328,,
13,螢幕｜投影機｜壁掛,24吋(1920*1080)(16:9)〈亮暗點保固視廠商保固條款而定〉,131,｛華碩 VZ249H-W｝〈1A1H/IPS/含喇叭/白色〉,3190,,
13,螢幕｜投影機｜壁掛,24吋(1920*1080)(16:9)〈亮暗點保固視廠商保固條款而定〉,132,｛華碩 VU249CFE-B｝〈1H1C/IPS/100Hz/靜謐藍色〉,3790,,
13,螢幕｜投影機｜壁掛,24吋(1920*1080)(16:9)〈亮暗點保固視廠商保固條款而定〉,133,｛華碩 VU249CFE-G｝〈1H1C/IPS/100Hz/灰綠色〉,3790,,
13,螢幕｜投影機｜壁掛,24吋(1920*1080)(16:9)〈亮暗點保固視廠商保固條款而定〉,134,｛華碩 VU249CFE-M｝〈1H1C/IPS/100Hz/燕麥奶色〉,3790,,
13,螢幕｜投影機｜壁掛,24吋(1920*1080)(16:9)〈亮暗點保固視廠商保固條款而定〉,135,｛華碩 VU249CFE-P｝〈1H1C/IPS/100Hz/淡玫瑰色〉,3790,,
13,螢幕｜投影機｜壁掛,24吋(1920*1080)(16:9)〈亮暗點保固視廠商保固條款而定〉,136,｛華碩 VU249HFI-W｝〈2H/IPS/100Hz/白色〉負離子產生器螢幕,2988,,
13,螢幕｜投影機｜壁掛,24吋(1920*1080)(16:9)〈亮暗點保固視廠商保固條款而定〉,137,｛華碩 VY249HGR｝〈1A1H/IPS/120Hz〉,2788,,
13,螢幕｜投影機｜壁掛,24吋(1920*1080)(16:9)〈亮暗點保固視廠商保固條款而定〉,138,｛華碩 VY249HG2｝〈1A1H/IPS/144Hz〉,2988,,
13,螢幕｜投影機｜壁掛,24吋(1920*1080)(16:9)〈亮暗點保固視廠商保固條款而定〉,139,｛華碩 VG249QM5F ｝〈2H1P/IPS/260Hz〉,3688,,
13,螢幕｜投影機｜壁掛,24吋(1920*1080)(16:9)〈亮暗點保固視廠商保固條款而定〉,140,｛華碩 ProArt PA247CV｝〈1H2P1C/IPS/含喇叭/無亮點〉可升降旋轉,5888,,
13,螢幕｜投影機｜壁掛,24吋(1920*1080)(16:9)〈亮暗點保固視廠商保固條款而定〉,141,｛華碩 ProArt PA249CGV｝〈1H2P1C/IPS/144Hz/含喇叭/無亮點〉可升降旋轉,6488,,
13,螢幕｜投影機｜壁掛,24吋(1920*1080)(16:9)〈亮暗點保固視廠商保固條款而定〉,142,｛華碩 TUF Gaming VG249QE5A｝〈1H1P/IPS/146Hz/含喇叭〉,2688,,
13,螢幕｜投影機｜壁掛,24吋(1920*1080)(16:9)〈亮暗點保固視廠商保固條款而定〉,143,｛華碩 ROG Strix XG248QSG Ace｝〈2H1P/TN/610Hz/HDR400〉,22888,,
13,螢幕｜投影機｜壁掛,24吋(1920*1200)(16:10)〈亮暗點保固視廠商保固條款而定〉,147,｛AOC CS24A/P｝〈2H1P/TN/610Hz/HDR400/HDMI2.1〉《絕對武力 2》聯名款,18888,,
13,螢幕｜投影機｜壁掛,24吋(1920*1200)(16:10)〈亮暗點保固視廠商保固條款而定〉,149,｛DELL P2425E｝〈1H2P1C/IPS/100Hz/無亮點/四年保〉RJ-45介面.可升降旋轉,7988,,
13,螢幕｜投影機｜壁掛,24吋(1920*1200)(16:10)〈亮暗點保固視廠商保固條款而定〉,150,｛DELL P2426｝〈1H1P/IPS/100Hz/無亮點/四年保〉可升降旋轉,7578,,
13,螢幕｜投影機｜壁掛,24吋(1920*1200)(16:10)〈亮暗點保固視廠商保固條款而定〉,151,｛華碩 ProArt PA248QV｝〈1A1H1P/IPS/含喇叭/無亮點〉可升降旋轉,5809,,
13,螢幕｜投影機｜壁掛,24吋(1920*1200)(16:10)〈亮暗點保固視廠商保固條款而定〉,152,｛華碩 ProArt PA248QFV｝〈1H1P/IPS/100Hz/含喇叭/無亮點〉可升降旋轉,5618,,
13,螢幕｜投影機｜壁掛,24吋(2560*1440)(16:9)〈亮暗點保固視廠商保固條款而定〉,156,｛DELL P2425D｝〈1H1P/IPS/100Hz/無亮點/四年保〉可升降旋轉,8999,,
13,螢幕｜投影機｜壁掛,24吋(2560*1440)(16:9)〈亮暗點保固視廠商保固條款而定〉,157,｛華碩 ProArt PA24ACRV｝〈1H2P1C/IPS/含喇叭/HDR400/無亮點〉可升降旋轉,8809,,
13,螢幕｜投影機｜壁掛,24吋(2560*1600)(16:10)〈亮暗點保固視廠商保固條款而定〉,160,｛BenQ RD240Q｝〈1H1P1C/IPS/含喇叭〉光智慧2.0.可升降旋轉,9988,,
13,螢幕｜投影機｜壁掛,24吋(2560*1600)(16:10)〈亮暗點保固視廠商保固條款而定〉,163,｛BenQ SW242Q｝〈1H1P1C/IPS/HDR10〉SDI轉HDMI設備兼容性,16888,,熱賣
13,螢幕｜投影機｜壁掛,25吋(1920*1080)(16:9)〈亮暗點保固視廠商保固條款而定〉,166,｛MSI MAG 255F E20｝〈2H1P/IPS/200Hz〉,2590,,
13,螢幕｜投影機｜壁掛,25吋(1920*1080)(16:9)〈亮暗點保固視廠商保固條款而定〉,167,｛MSI MAG 255F X24｝〈2H1P/IPS/240Hz〉,3290,,
13,螢幕｜投影機｜壁掛,25吋(1920*1080)(16:9)〈亮暗點保固視廠商保固條款而定〉,168,｛華碩 VA259HGA｝〈1A1H/IPS/120Hz/含喇叭〉,2628,,
13,螢幕｜投影機｜壁掛,25吋(1920*1080)(16:9)〈亮暗點保固視廠商保固條款而定〉,169,｛華碩 TUF Gaming VG257Q5A｝〈2H1P/VA/200Hz/含喇叭/HDR10〉,2788,,
13,螢幕｜投影機｜壁掛,25吋(1920*1080)(16:9)〈亮暗點保固視廠商保固條款而定〉,170,｛華碩 TUF Gaming VG259Q5A｝〈2H1P/IPS/200Hz/含喇叭/HDR10〉,2988,,
13,螢幕｜投影機｜壁掛,25吋(1920*1080)(16:9)〈亮暗點保固視廠商保固條款而定〉,171,｛華碩 TUF Gaming VG259QMR5A｝〈2H1P/IPS/310Hz/含喇叭/HDR10〉,4288,,
13,螢幕｜投影機｜壁掛,25吋(1920*1080)(16:9)〈亮暗點保固視廠商保固條款而定〉,172,｛華碩 ROG Strix XG259QNS｝〈2H1P/IPS/380Hz/HDR400〉可升降旋轉,9988,,
13,螢幕｜投影機｜壁掛,25吋(1920*1080)(16:9)〈亮暗點保固視廠商保固條款而定〉,173,｛華碩 ROG Strix XG259QNS-W｝〈2H1P/IPS/380Hz/HDR400/白色〉可升降旋轉,9988,,
13,螢幕｜投影機｜壁掛,25吋(1920*1080)(16:9)〈亮暗點保固視廠商保固條款而定〉,174,｛AOC 25B40HM｝〈1A1H/VA/100Hz〉,2088,,
13,螢幕｜投影機｜壁掛,25吋(1920*1080)(16:9)〈亮暗點保固視廠商保固條款而定〉,175,｛AOC CS25G｝〈2H1P/IPS/310Hz/HDR400〉《絕對武力 2》聯名款,5388,,
13,螢幕｜投影機｜壁掛,25吋(1920*1080)(16:9)〈亮暗點保固視廠商保固條款而定〉,176,｛DELL Alienware AW2525HM｝〈2H1P/IPS/320Hz/無亮點〉可升降旋轉,5988,,
13,螢幕｜投影機｜壁掛,25吋(1920*1080)(16:9)〈亮暗點保固視廠商保固條款而定〉,177,｛Acer KA252Q P0｝〈1A1H/IPS/144Hz〉,2188,,
13,螢幕｜投影機｜壁掛,25吋(1920*1080)(16:9)〈亮暗點保固視廠商保固條款而定〉,178,｛Acer Nitro VG250Q W5｝〈2H1P/IPS/260Hz〉,3299,,
13,螢幕｜投影機｜壁掛,25吋(1920*1080)(16:9)〈亮暗點保固視廠商保固條款而定〉,179,｛Acer Nitro VG250Q F3｝〈2H1P/IPS/320Hz/含喇叭〉,3288,,
13,螢幕｜投影機｜壁掛,25吋(1920*1080)(16:9)〈亮暗點保固視廠商保固條款而定〉,180,｛Acer Predator XB253Q F3｝〈2H1P/IPS/320Hz/含喇叭/HDR10〉可升降旋轉,4188,,
13,螢幕｜投影機｜壁掛,25吋(1920*1080)(16:9)〈亮暗點保固視廠商保固條款而定〉,181,｛BenQ ZOWIE XL2540X+｝〈3H1P/TN/280Hz〉,9990,,
13,螢幕｜投影機｜壁掛,25吋(1920*1080)(16:9)〈亮暗點保固視廠商保固條款而定〉,182,｛BenQ ZOWIE XL2546X+｝〈3H1P/TN/280Hz〉DyAc 2動態精準技術,14490,,
13,螢幕｜投影機｜壁掛,25吋(1920*1080)(16:9)〈亮暗點保固視廠商保固條款而定〉,183,｛BenQ ZOWIE XL2566X+｝〈3H1P/TN/400Hz〉DyAc 2動態精準技術,19490,,
13,螢幕｜投影機｜壁掛,25吋(1920*1080)(16:9)〈亮暗點保固視廠商保固條款而定〉,184,｛BenQ ZOWIE XL2586X+｝〈3H1P/TN/600Hz/HDMI 2.1〉DyAc 2動態精準技術,31900,,
13,螢幕｜投影機｜壁掛,25吋(2560*1440)(16:9)〈亮暗點保固視廠商保固條款而定〉,187,｛BenQ ZOWIE XQ2566X｝〈3H1P/TN/360Hz/HDMI 2.1〉DyAc 3動態精準技術,29990,,
13,螢幕｜投影機｜壁掛,27吋(1920*1080)(16:9)〈亮暗點保固視廠商保固條款而定〉,192,｛MSI PRO MP273L E14｝〈1A1H/IPS/144Hz〉,2888,,
13,螢幕｜投影機｜壁掛,27吋(1920*1080)(16:9)〈亮暗點保固視廠商保固條款而定〉,193,｛MSI PRO MP272 E14C｝〈1H1C/IPS/144Hz/含喇叭/Type-C連接埠〉獨家款,2888,,熱賣
13,螢幕｜投影機｜壁掛,27吋(1920*1080)(16:9)〈亮暗點保固視廠商保固條款而定〉,194,｛MSI PRO MP273 E14A｝〈1A1H1P/IPS/144Hz/含喇叭〉,2988,,
13,螢幕｜投影機｜壁掛,27吋(1920*1080)(16:9)〈亮暗點保固視廠商保固條款而定〉,195,｛MSI PRO MP273W E14A｝〈1A1H1P/IPS/144Hz/含喇叭/白色〉,2988,,
13,螢幕｜投影機｜壁掛,27吋(1920*1080)(16:9)〈亮暗點保固視廠商保固條款而定〉,196,｛MSI PRO MP275PG E14｝〈1A1H1P/IPS/144Hz/含喇叭〉可升降旋轉,3488,,
13,螢幕｜投影機｜壁掛,27吋(1920*1080)(16:9)〈亮暗點保固視廠商保固條款而定〉,197,｛MSI PRO MAX 271PHW E14｝〈1H1P1C/IPS/144Hz/含喇叭/白色〉可升降旋轉,4590,,
13,螢幕｜投影機｜壁掛,27吋(1920*1080)(16:9)〈亮暗點保固視廠商保固條款而定〉,198,｛MSI G275L E14｝〈1H1P/IPS/144Hz〉,2990,,
13,螢幕｜投影機｜壁掛,27吋(1920*1080)(16:9)〈亮暗點保固視廠商保固條款而定〉,199,｛MSI MAG 274CF E20｝〈2H1P/VA曲面/200Hz〉,3990,,
13,螢幕｜投影機｜壁掛,27吋(1920*1080)(16:9)〈亮暗點保固視廠商保固條款而定〉,200,｛MSI MAG 272PF X24｝〈2H1P/IPS/240Hz/含喇叭〉,3690,,
13,螢幕｜投影機｜壁掛,27吋(1920*1080)(16:9)〈亮暗點保固視廠商保固條款而定〉,201,｛MSI MAG 274CF X24｝〈2H1P/VA曲面/1500R/240Hz〉,4390,,
13,螢幕｜投影機｜壁掛,27吋(1920*1080)(16:9)〈亮暗點保固視廠商保固條款而定〉,202,｛MSI MAG 276CXF｝〈2H1P/VA曲面/1500R/280Hz〉,4990,,
13,螢幕｜投影機｜壁掛,27吋(1920*1080)(16:9)〈亮暗點保固視廠商保固條款而定〉,203,｛MSI MAG 276CPXF｝〈2H1P/VA曲面/1500R/280Hz〉可升降,4990,,
13,螢幕｜投影機｜壁掛,27吋(1920*1080)(16:9)〈亮暗點保固視廠商保固條款而定〉,204,｛Acer Vero CB272 P6｝〈1A1H1P/IPS/144Hz/含喇叭〉可升降旋轉,3488,,
13,螢幕｜投影機｜壁掛,27吋(1920*1080)(16:9)〈亮暗點保固視廠商保固條款而定〉,205,｛Acer CS272｝〈3H/IPS/含喇叭/HDR10/白色〉智慧螢幕.支援Airplay,5488,,
13,螢幕｜投影機｜壁掛,27吋(1920*1080)(16:9)〈亮暗點保固視廠商保固條款而定〉,206,｛Acer EK271 P6｝〈1A1H/IPS/144Hz〉,2588,,
13,螢幕｜投影機｜壁掛,27吋(1920*1080)(16:9)〈亮暗點保固視廠商保固條款而定〉,207,｛Acer SA273 P1｝〈1A1H/IPS/144Hz/含喇叭〉,2999,,
13,螢幕｜投影機｜壁掛,27吋(1920*1080)(16:9)〈亮暗點保固視廠商保固條款而定〉,208,｛Acer SA273 P1｝〈1A1H/IPS/144Hz/含喇叭/白色〉,2999,,
13,螢幕｜投影機｜壁掛,27吋(1920*1080)(16:9)〈亮暗點保固視廠商保固條款而定〉,209,｛Acer SH272 E｝〈1H1C/IPS/100Hz/含喇叭〉支援PD 65W,3688,,
13,螢幕｜投影機｜壁掛,27吋(1920*1080)(16:9)〈亮暗點保固視廠商保固條款而定〉,210,｛Acer KA272 P6｝〈1A1H/IPS/144Hz/含喇叭〉,2788,,
13,螢幕｜投影機｜壁掛,27吋(1920*1080)(16:9)〈亮暗點保固視廠商保固條款而定〉,211,｛Acer Nitro ED270 P0｝〈1H1P/VA曲面/1500R/144Hz/含喇叭〉,3588,,
13,螢幕｜投影機｜壁掛,27吋(1920*1080)(16:9)〈亮暗點保固視廠商保固條款而定〉,212,｛Acer Nitro ED270 S0｝〈1H1P/VA曲面/1500R/180Hz〉,3499,,
13,螢幕｜投影機｜壁掛,27吋(1920*1080)(16:9)〈亮暗點保固視廠商保固條款而定〉,213,｛Acer Nitro ED273 P0｝〈1H1P/VA曲面/1500R/144Hz/含喇叭〉,3999,,
13,螢幕｜投影機｜壁掛,27吋(1920*1080)(16:9)〈亮暗點保固視廠商保固條款而定〉,214,｛Acer Nitro ED270 X0｝〈2H1P/VA曲面/1500R/200Hz/含喇叭〉,3599,,
13,螢幕｜投影機｜壁掛,27吋(1920*1080)(16:9)〈亮暗點保固視廠商保固條款而定〉,215,｛Acer Nitro ED270 W0｝〈2H1P/VA曲面/1500R/240Hz/含喇叭〉,3699,,
13,螢幕｜投影機｜壁掛,27吋(1920*1080)(16:9)〈亮暗點保固視廠商保固條款而定〉,216,｛Acer Nitro ED270 Z｝〈2H1P/VA曲面/1500R/280Hz/含喇叭〉,3888,,
13,螢幕｜投影機｜壁掛,27吋(1920*1080)(16:9)〈亮暗點保固視廠商保固條款而定〉,217,｛Acer Nitro KG271 X1｝〈2H1P/IPS/200Hz/HDR10〉,2999,,
13,螢幕｜投影機｜壁掛,27吋(1920*1080)(16:9)〈亮暗點保固視廠商保固條款而定〉,218,｛Acer Nitro VG270 P6｝〈1H1P/IPS/144Hz/含喇叭〉,2999,,
13,螢幕｜投影機｜壁掛,27吋(1920*1080)(16:9)〈亮暗點保固視廠商保固條款而定〉,219,｛Acer Nitro VG270 S6｝〈1A1H/IPS/180Hz/含喇叭〉,3188,,
13,螢幕｜投影機｜壁掛,27吋(1920*1080)(16:9)〈亮暗點保固視廠商保固條款而定〉,220,｛Acer Nitro VG270 X1｝〈2H1P/IPS/200Hz/含喇叭/HDR10〉,3390,,
13,螢幕｜投影機｜壁掛,27吋(1920*1080)(16:9)〈亮暗點保固視廠商保固條款而定〉,221,｛Acer Nitro VG270 W3｝〈2H1P/IPS/240Hz/含喇叭/HDR10〉,3388,,
13,螢幕｜投影機｜壁掛,27吋(1920*1080)(16:9)〈亮暗點保固視廠商保固條款而定〉,222,｛Acer Nitro VG270 W5｝〈2H1P/IPS/260Hz/含喇叭/HDR10〉,3699,,
13,螢幕｜投影機｜壁掛,27吋(1920*1080)(16:9)〈亮暗點保固視廠商保固條款而定〉,223,｛Acer Nitro VG271 Z｝〈2H1P/IPS/260Hz/含喇叭/HDR10〉,3688,,
13,螢幕｜投影機｜壁掛,27吋(1920*1080)(16:9)〈亮暗點保固視廠商保固條款而定〉,224,｛Acer Nitro XV270 X1｝〈2H1P/IPS/200Hz/含喇叭/HDR10〉可升降旋轉,3999,,
13,螢幕｜投影機｜壁掛,27吋(1920*1080)(16:9)〈亮暗點保固視廠商保固條款而定〉,225,｛Acer Nitro XV270 W3｝〈2H1P/IPS/240Hz/含喇叭/HDR10〉可升降旋轉,3688,,
13,螢幕｜投影機｜壁掛,27吋(1920*1080)(16:9)〈亮暗點保固視廠商保固條款而定〉,226,｛Acer Nitro XV271 Z｝〈2H1P/IPS/280Hz/含喇叭/HDR400〉可升降旋轉,3888,,
13,螢幕｜投影機｜壁掛,27吋(1920*1080)(16:9)〈亮暗點保固視廠商保固條款而定〉,227,｛Acer Nitro XV270 W5｝〈2H1P/IPS/260Hz/含喇叭/HDR10〉可升降旋轉,3999,,
13,螢幕｜投影機｜壁掛,27吋(1920*1080)(16:9)〈亮暗點保固視廠商保固條款而定〉,228,｛Acer Nitro XV275 F｝〈2H1P/IPS/360Hz/含喇叭/HDR400〉360Hz高速更新率~,6699,,
13,螢幕｜投影機｜壁掛,27吋(1920*1080)(16:9)〈亮暗點保固視廠商保固條款而定〉,229,｛BenQ GW2791｝〈1H1P/IPS/100Hz〉,2788,,
13,螢幕｜投影機｜壁掛,27吋(1920*1080)(16:9)〈亮暗點保固視廠商保固條款而定〉,230,｛BenQ GW2791P｝〈1H1P/IPS/120Hz〉,2988,,
13,螢幕｜投影機｜壁掛,27吋(1920*1080)(16:9)〈亮暗點保固視廠商保固條款而定〉,231,｛BenQ GW2790｝〈2H1P/IPS/100Hz/含喇叭〉光智慧2.0,2988,,酷幣200
13,螢幕｜投影機｜壁掛,27吋(1920*1080)(16:9)〈亮暗點保固視廠商保固條款而定〉,232,｛BenQ GW2790C｝〈1H1P1C/IPS/144Hz/含喇叭〉光智慧2.0,3988,,
13,螢幕｜投影機｜壁掛,27吋(1920*1080)(16:9)〈亮暗點保固視廠商保固條款而定〉,233,｛BenQ GW2790T｝〈2H1P/IPS/100Hz/含喇叭〉光智慧.可升降旋轉,4288,,
13,螢幕｜投影機｜壁掛,27吋(1920*1080)(16:9)〈亮暗點保固視廠商保固條款而定〉,234,｛BenQ GW2790TC｝〈1H1P1C/IPS/144Hz/含喇叭〉光智慧.可升降旋轉,4988,,
13,螢幕｜投影機｜壁掛,27吋(1920*1080)(16:9)〈亮暗點保固視廠商保固條款而定〉,235,｛BenQ GW2786TC｝〈1H1P1C/IPS/100Hz/含喇叭/白色〉降噪麥克風.可升降旋轉,5388,,
13,螢幕｜投影機｜壁掛,27吋(1920*1080)(16:9)〈亮暗點保固視廠商保固條款而定〉,236,｛PHILIPS 27E2G2200｝〈1H1P/IPS/144Hz/HDR10〉,2777,,
13,螢幕｜投影機｜壁掛,27吋(1920*1080)(16:9)〈亮暗點保固視廠商保固條款而定〉,237,｛PHILIPS 27M2N2100NF｝〈1H/IPS/144Hz〉,2988,,
13,螢幕｜投影機｜壁掛,27吋(1920*1080)(16:9)〈亮暗點保固視廠商保固條款而定〉,238,｛PHILIPS 27M2N3200FQ｝〈1H1P/IPS/200Hz/HDR10〉,2788,,
13,螢幕｜投影機｜壁掛,27吋(1920*1080)(16:9)〈亮暗點保固視廠商保固條款而定〉,239,｛PHILIPS 27E1N1300A｝〈1H1C/IPS/100Hz/含喇叭/無亮點〉,2799,,
13,螢幕｜投影機｜壁掛,27吋(1920*1080)(16:9)〈亮暗點保固視廠商保固條款而定〉,240,｛AOC 27B36X｝〈1H1P/IPS/144Hz〉,2788,,
13,螢幕｜投影機｜壁掛,27吋(1920*1080)(16:9)〈亮暗點保固視廠商保固條款而定〉,241,｛AOC 27B36XE｝〈1A1H/IPS/144Hz〉,2788,,
13,螢幕｜投影機｜壁掛,27吋(1920*1080)(16:9)〈亮暗點保固視廠商保固條款而定〉,242,｛AOC 27G11ZE2｝〈1H1P/IPS/240Hz〉,3288,,
13,螢幕｜投影機｜壁掛,27吋(1920*1080)(16:9)〈亮暗點保固視廠商保固條款而定〉,243,｛AOC 27G50Z｝〈1H1P/IPS/260Hz〉,3788,,
13,螢幕｜投影機｜壁掛,27吋(1920*1080)(16:9)〈亮暗點保固視廠商保固條款而定〉,244,｛AOC C27G4Z｝〈1H1P/VA曲面/1500R/280Hz/HDR10〉,4799,,
13,螢幕｜投影機｜壁掛,27吋(1920*1080)(16:9)〈亮暗點保固視廠商保固條款而定〉,245,｛AOPEN 27CL1 P6｝〈1A1H/IPS/144Hz〉,2499,,
13,螢幕｜投影機｜壁掛,27吋(1920*1080)(16:9)〈亮暗點保固視廠商保固條款而定〉,246,｛AOPEN 27KG3 M3｝〈1H1P/IPS/180Hz/HDR10〉,3188,,
13,螢幕｜投影機｜壁掛,27吋(1920*1080)(16:9)〈亮暗點保固視廠商保固條款而定〉,247,｛AOPEN 27KG3 X1｝〈1H1P/IPS/200Hz/HDR10〉,3188,,
13,螢幕｜投影機｜壁掛,27吋(1920*1080)(16:9)〈亮暗點保固視廠商保固條款而定〉,248,｛AOPEN 27HC5R P0｝〈1H1P/VA曲面/1500R/144Hz/含喇叭〉,2999,,
13,螢幕｜投影機｜壁掛,27吋(1920*1080)(16:9)〈亮暗點保固視廠商保固條款而定〉,249,｛AOPEN 27HC5R X0｝〈2H1P/VA曲面/1500R/200Hz/含喇叭〉,3488,,
13,螢幕｜投影機｜壁掛,27吋(1920*1080)(16:9)〈亮暗點保固視廠商保固條款而定〉,250,｛AOPEN 27HC5R X2｝〈2H1P/VA曲面/1500R/240Hz/含喇叭/HDR10〉,3888,,
13,螢幕｜投影機｜壁掛,27吋(1920*1080)(16:9)〈亮暗點保固視廠商保固條款而定〉,251,｛AOPEN 27HC5R Z1｝〈2H1P/VA曲面/1500R/280Hz/含喇叭/HDR10〉,3688,,
13,螢幕｜投影機｜壁掛,27吋(1920*1080)(16:9)〈亮暗點保固視廠商保固條款而定〉,252,｛DELL SE2725HM｝〈1A1H/IPS/100Hz/四年保〉,3488,,
13,螢幕｜投影機｜壁掛,27吋(1920*1080)(16:9)〈亮暗點保固視廠商保固條款而定〉,253,｛DELL SE2726H｝〈2H/IPS/144Hz/四年保〉,3468,,
13,螢幕｜投影機｜壁掛,27吋(1920*1080)(16:9)〈亮暗點保固視廠商保固條款而定〉,254,｛DELL S2725HS｝〈2H/IPS/100Hz/含喇叭/無亮點/四年保〉可升降旋轉,5688,,
13,螢幕｜投影機｜壁掛,27吋(1920*1080)(16:9)〈亮暗點保固視廠商保固條款而定〉,255,｛DELL S2725HSM｝〈2H/IPS/144Hz/含喇叭/無亮點/四年保〉可升降旋轉,4799,,
13,螢幕｜投影機｜壁掛,27吋(1920*1080)(16:9)〈亮暗點保固視廠商保固條款而定〉,256,｛DELL P2726H｝〈1H1P/IPS/120Hz/無亮點/四年保〉可升降旋轉,6699,,
13,螢幕｜投影機｜壁掛,27吋(1920*1080)(16:9)〈亮暗點保固視廠商保固條款而定〉,257,｛LG 27U411A-B｝〈1A1H/IPS/120Hz/HDR10〉,2888,,
13,螢幕｜投影機｜壁掛,27吋(1920*1080)(16:9)〈亮暗點保固視廠商保固條款而定〉,258,｛LG 27MR400-B｝〈1A1H/IPS/100Hz〉,2790,,
13,螢幕｜投影機｜壁掛,27吋(1920*1080)(16:9)〈亮暗點保固視廠商保固條款而定〉,259,｛LG 27U511SA-W｝〈2H/IPS/100Hz/含喇叭/HDR10/白色〉智慧螢幕.支援Airplay,6590,,
13,螢幕｜投影機｜壁掛,27吋(1920*1080)(16:9)〈亮暗點保固視廠商保固條款而定〉,260,｛terra 2742W V2｝〈1A1H/IPS/100Hz/含喇叭〉硬體低藍光,2988,,
13,螢幕｜投影機｜壁掛,27吋(1920*1080)(16:9)〈亮暗點保固視廠商保固條款而定〉,261,｛ViewSonic VA2732-H-2｝〈1A1H/IPS/100Hz〉,3188,,
13,螢幕｜投影機｜壁掛,27吋(1920*1080)(16:9)〈亮暗點保固視廠商保固條款而定〉,262,｛ViewSonic VA2732-H-W-2｝〈1A1H/IPS/100Hz/白色〉,3099,,
13,螢幕｜投影機｜壁掛,27吋(1920*1080)(16:9)〈亮暗點保固視廠商保固條款而定〉,263,｛ViewSonic VA2732-MH-2｝〈1A1H/IPS/100Hz/含喇叭〉,3188,,
13,螢幕｜投影機｜壁掛,27吋(1920*1080)(16:9)〈亮暗點保固視廠商保固條款而定〉,264,｛ViewSonic VX2776-SH｝〈1A2H/IPS/無亮點〉金屬質感底座,4288,,
13,螢幕｜投影機｜壁掛,27吋(1920*1080)(16:9)〈亮暗點保固視廠商保固條款而定〉,265,｛三星 S3 S27D300GAC｝〈1A1H/IPS/100Hz〉,3290,,
13,螢幕｜投影機｜壁掛,27吋(1920*1080)(16:9)〈亮暗點保固視廠商保固條款而定〉,266,｛三星 S3 S27D362GAC｝〈1A1H/VA曲面/1800R/100Hz〉,3990,,
13,螢幕｜投影機｜壁掛,27吋(1920*1080)(16:9)〈亮暗點保固視廠商保固條款而定〉,267,｛華碩 VA27DQFS｝〈1A1H1P/IPS/100Hz/含喇叭〉可升降旋轉,5090,,
13,螢幕｜投影機｜壁掛,27吋(1920*1080)(16:9)〈亮暗點保固視廠商保固條款而定〉,268,｛華碩 VA279HG｝〈1A1H/IPS/120Hz〉,2820,,
13,螢幕｜投影機｜壁掛,27吋(1920*1080)(16:9)〈亮暗點保固視廠商保固條款而定〉,269,｛華碩 VA279QG｝〈1A1H1P/IPS/120Hz/含喇叭〉,2988,,
13,螢幕｜投影機｜壁掛,27吋(1920*1080)(16:9)〈亮暗點保固視廠商保固條款而定〉,270,｛華碩 VA279QGS｝〈1A1H1P/IPS/120Hz/含喇叭〉可升降旋轉,4688,,
13,螢幕｜投影機｜壁掛,27吋(1920*1080)(16:9)〈亮暗點保固視廠商保固條款而定〉,271,｛華碩 VA279QGS-W｝〈1A1H1P/IPS/120Hz/含喇叭/白色〉可升降旋轉,4688,,
13,螢幕｜投影機｜壁掛,27吋(1920*1080)(16:9)〈亮暗點保固視廠商保固條款而定〉,272,｛華碩 VZ279HG-W｝〈1A1H/IPS/120Hz/白色〉,3288,,
13,螢幕｜投影機｜壁掛,27吋(1920*1080)(16:9)〈亮暗點保固視廠商保固條款而定〉,273,｛華碩 VU279CFE-B｝〈1H1C/IPS/100Hz/靜謐藍〉,3788,,
13,螢幕｜投影機｜壁掛,27吋(1920*1080)(16:9)〈亮暗點保固視廠商保固條款而定〉,274,｛華碩 VU279CFE-G｝〈1H1C/IPS/100Hz/灰綠色〉,3788,,
13,螢幕｜投影機｜壁掛,27吋(1920*1080)(16:9)〈亮暗點保固視廠商保固條款而定〉,275,｛華碩 VU279CFE-M｝〈1H1C/IPS/100Hz/燕麥奶色〉,4889,,
13,螢幕｜投影機｜壁掛,27吋(1920*1080)(16:9)〈亮暗點保固視廠商保固條款而定〉,276,｛華碩 VU279CFE-P｝〈1H1C/IPS/100Hz/淡玫瑰色〉,4988,,
13,螢幕｜投影機｜壁掛,27吋(1920*1080)(16:9)〈亮暗點保固視廠商保固條款而定〉,277,｛華碩 VU279HFI-W｝〈2H/IPS/100Hz/白色〉負離子產生器螢幕,3688,,
13,螢幕｜投影機｜壁掛,27吋(1920*1080)(16:9)〈亮暗點保固視廠商保固條款而定〉,278,｛華碩 VY279HF｝〈1H/IPS/100Hz〉抗菌處理,3188,,
13,螢幕｜投影機｜壁掛,27吋(1920*1080)(16:9)〈亮暗點保固視廠商保固條款而定〉,279,｛華碩 VY279HF-W｝〈1H/IPS/100Hz/白色〉抗菌處理,3288,,
13,螢幕｜投影機｜壁掛,27吋(1920*1080)(16:9)〈亮暗點保固視廠商保固條款而定〉,280,｛華碩 VY279HGR｝〈1A1H/IPS/120Hz〉,2988,,
13,螢幕｜投影機｜壁掛,27吋(1920*1080)(16:9)〈亮暗點保固視廠商保固條款而定〉,281,｛華碩 VY279HG2｝〈1A1H/IPS/144Hz〉,3288,,
13,螢幕｜投影機｜壁掛,27吋(1920*1080)(16:9)〈亮暗點保固視廠商保固條款而定〉,282,｛華碩 TUF Gaming VG279QE5A｝〈1H1P/IPS/146Hz/含喇叭〉,2918,,
13,螢幕｜投影機｜壁掛,27吋(1920*1080)(16:9)〈亮暗點保固視廠商保固條款而定〉,283,｛華碩 TUF Gaming VG279Q5A｝〈2H1P/IPS/200Hz/含喇叭/HDR10〉,3288,,
13,螢幕｜投影機｜壁掛,27吋(1920*1080)(16:9)〈亮暗點保固視廠商保固條款而定〉,284,｛華碩 TUF Gaming VG279Q5A-W｝〈2H1P/IPS/200Hz/含喇叭/HDR10/白色〉,3288,,
13,螢幕｜投影機｜壁掛,27吋(1920*1080)(16:9)〈亮暗點保固視廠商保固條款而定〉,285,｛華碩 TUF Gaming VG279QM5A｝〈2H1P/IPS/240Hz/含喇叭/HDR10〉,3688,,
13,螢幕｜投影機｜壁掛,27吋(1920*1080)(16:9)〈亮暗點保固視廠商保固條款而定〉,286,｛華碩 TUF Gaming VG27VQ3B｝〈2H1P/VA曲面/1500R/180Hz/含喇叭〉,3948,,
13,螢幕｜投影機｜壁掛,27吋(1920*1080)(16:9)〈亮暗點保固視廠商保固條款而定〉,287,｛華碩 TUF Gaming VG279QM5F｝〈2H1P/IPS/260Hz/含喇叭/HDR10〉,3988,,
13,螢幕｜投影機｜壁掛,27吋(1920*1080)(16:9)〈亮暗點保固視廠商保固條款而定〉,288,｛華碩 ROG Strix XG279CNS｝〈1H1P1C/IPS/380Hz/HDR400/HDMI 2.1〉可升降旋轉,8888,,
13,螢幕｜投影機｜壁掛,27吋(2560*1440)(16:9)〈亮暗點保固視廠商保固條款而定〉,293,｛MSI PRO MP273Q E14｝〈2H1P/IPS/144Hz/含喇叭〉,3988,,
13,螢幕｜投影機｜壁掛,27吋(2560*1440)(16:9)〈亮暗點保固視廠商保固條款而定〉,294,｛MSI PRO MP273QW E14｝〈2H1P/IPS/144Hz/含喇叭/白色〉,3988,,
13,螢幕｜投影機｜壁掛,27吋(2560*1440)(16:9)〈亮暗點保固視廠商保固條款而定〉,295,｛MSI PRO MP273QP E14｝〈2H1P/IPS/144Hz/含喇叭/HDR400〉可升降旋轉 (獨家款),4688,,
13,螢幕｜投影機｜壁掛,27吋(2560*1440)(16:9)〈亮暗點保固視廠商保固條款而定〉,297,｛MSI Modern MD272QXPW｝〈1H1P1C/IPS/100Hz/含喇叭/HDR400/白色〉可升降旋轉,5690,,
13,螢幕｜投影機｜壁掛,27吋(2560*1440)(16:9)〈亮暗點保固視廠商保固條款而定〉,298,｛MSI PRO MAX 271QPHW E14｝〈2H1P1C/IPS/144Hz/含喇叭/白色〉可升降旋轉,5990,,
13,螢幕｜投影機｜壁掛,27吋(2560*1440)(16:9)〈亮暗點保固視廠商保固條款而定〉,299,｛MSI MAG 274QF X24｝〈2H1P/IPS/240Hz〉,5490,,
13,螢幕｜投影機｜壁掛,27吋(2560*1440)(16:9)〈亮暗點保固視廠商保固條款而定〉,300,｛MSI MAG 275QF E21｝〈2H1P/IPS/210Hz/HDR400〉,4288,,
13,螢幕｜投影機｜壁掛,27吋(2560*1440)(16:9)〈亮暗點保固視廠商保固條款而定〉,301,｛MSI MAG 274QPF E20｝〈2H1P1C/IPS/200Hz/HDR400〉可升降旋轉,4688,,
13,螢幕｜投影機｜壁掛,27吋(2560*1440)(16:9)〈亮暗點保固視廠商保固條款而定〉,302,｛MSI MAG 275CQF E18｝〈2H1P/VA曲面/1500R/180Hz〉,5490,,
13,螢幕｜投影機｜壁掛,27吋(2560*1440)(16:9)〈亮暗點保固視廠商保固條款而定〉,303,｛MSI MAG 275CQPF｝〈2H1P/VA曲面/1500R/180Hz〉可升降,5490,,
13,螢幕｜投影機｜壁掛,27吋(2560*1440)(16:9)〈亮暗點保固視廠商保固條款而定〉,304,｛MSI MAG 274QRFW E20｝〈2H1P/IPS/200Hz/HDR400/白色〉,5288,,
13,螢幕｜投影機｜壁掛,27吋(2560*1440)(16:9)〈亮暗點保固視廠商保固條款而定〉,305,｛MSI MAG 275CQRF QD E2｝〈2H1P1C/VA曲面/1500R/180Hz〉,5990,,
13,螢幕｜投影機｜壁掛,27吋(2560*1440)(16:9)〈亮暗點保固視廠商保固條款而定〉,306,｛MSI MAG 274QRFW X32｝〈2H1P/IPS/320Hz/HDR400/白色〉,6590,,
13,螢幕｜投影機｜壁掛,27吋(2560*1440)(16:9)〈亮暗點保固視廠商保固條款而定〉,307,｛MSI MAG 274QPF X32｝〈2H1P/IPS/320Hz/HDR400〉,6590,,
13,螢幕｜投影機｜壁掛,27吋(2560*1440)(16:9)〈亮暗點保固視廠商保固條款而定〉,308,｛MSI MAG 275CQDF X24｝〈2H1P/VA曲面/1500R/240Hz〉2K-240Hz/HD-400Hz 雙模式,6990,,
13,螢幕｜投影機｜壁掛,27吋(2560*1440)(16:9)〈亮暗點保固視廠商保固條款而定〉,309,｛MSI MAG 274CQPDF X32｝〈2H1P/VA曲面/1500R/240Hz〉2K-320Hz/HD-400Hz 雙模式,7990,,
13,螢幕｜投影機｜壁掛,27吋(2560*1440)(16:9)〈亮暗點保固視廠商保固條款而定〉,310,｛MSI MAG 272QP QD-OLED X24｝〈2H1P1C/OLED/240Hz/HDMI 2.1〉,10888,,
13,螢幕｜投影機｜壁掛,27吋(2560*1440)(16:9)〈亮暗點保固視廠商保固條款而定〉,312,｛MSI MAG 271QP QD-OLED｝〈2H1P/OLED/240Hz/HDR400/HDMI 2.1〉限網單,13300,,
13,螢幕｜投影機｜壁掛,27吋(2560*1440)(16:9)〈亮暗點保固視廠商保固條款而定〉,313,｛MSI MAG 274QP QD-OLED X24｝〈2H1P/OLED/240Hz/HDMI 2.1〉可升降旋轉,12980,,
13,螢幕｜投影機｜壁掛,27吋(2560*1440)(16:9)〈亮暗點保固視廠商保固條款而定〉,314,｛MSI MAG 272QP QD-OLED X50｝〈2H1P1C/OLED/500Hz/HDR500/HDMI 2.1〉,16900,,
13,螢幕｜投影機｜壁掛,27吋(2560*1440)(16:9)〈亮暗點保固視廠商保固條款而定〉,315,｛MSI MPG 271QRX QD-OLED｝〈2H1P1C/OLED/360Hz/HDR400/HDMI 2.1〉,18900,,
13,螢幕｜投影機｜壁掛,27吋(2560*1440)(16:9)〈亮暗點保固視廠商保固條款而定〉,316,｛MSI MPG 271QR QD-OLED X50｝〈2H1P1C/OLED/500Hz/HDR500/HDMI&DP 2.1〉,23900,,
13,螢幕｜投影機｜壁掛,27吋(2560*1440)(16:9)〈亮暗點保固視廠商保固條款而定〉,317,｛MSI MPG 272QRF X36｝〈2H1P1C/IPS/360Hz/G-SYNC Pulsar/HDMI 2.1〉,23900,,
13,螢幕｜投影機｜壁掛,27吋(2560*1440)(16:9)〈亮暗點保固視廠商保固條款而定〉,318,｛ViewSonic VG2708U-2K｝〈1H1P1C/IPS/75Hz/含喇叭〉可升降旋轉,5288,,
13,螢幕｜投影機｜壁掛,27吋(2560*1440)(16:9)〈亮暗點保固視廠商保固條款而定〉,319,｛ViewSonic VP2766-2K｝〈1H1C/IPS/120Hz/含喇叭〉可升降旋轉,7688,,
13,螢幕｜投影機｜壁掛,27吋(2560*1440)(16:9)〈亮暗點保固視廠商保固條款而定〉,320,｛ViewSonic VX2758A-2K-PRO-4｝〈2H1P/IPS/180Hz〉,4988,,
13,螢幕｜投影機｜壁掛,27吋(2560*1440)(16:9)〈亮暗點保固視廠商保固條款而定〉,321,｛ViewSonic XG2735-2K-W｝〈2H1P/IPS/210Hz/HDR400/白色〉可升降旋轉,4988,,
13,螢幕｜投影機｜壁掛,27吋(2560*1440)(16:9)〈亮暗點保固視廠商保固條款而定〉,322,｛ViewSonic XG2738-2K-OLED｝〈2H2P/OLED/240Hz/HDR10/含喇叭〉可升降旋轉,14999,,
13,螢幕｜投影機｜壁掛,27吋(2560*1440)(16:9)〈亮暗點保固視廠商保固條款而定〉,323,｛Acer SA272U P1｝〈1H1P/IPS/144Hz/含喇叭/HDR10〉,3888,,
13,螢幕｜投影機｜壁掛,27吋(2560*1440)(16:9)〈亮暗點保固視廠商保固條款而定〉,324,｛Acer Nitro VG270U P6｝〈2H1P/IPS/144Hz/含喇叭/HDR10〉,3999,,
13,螢幕｜投影機｜壁掛,27吋(2560*1440)(16:9)〈亮暗點保固視廠商保固條款而定〉,325,｛Acer Nitro KG272U X2｝〈2H1P/IPS/210Hz/含喇叭/HDR10〉,4099,,
13,螢幕｜投影機｜壁掛,27吋(2560*1440)(16:9)〈亮暗點保固視廠商保固條款而定〉,326,｛Acer Nitro XV272U X2｝〈2H1P/IPS/210Hz/含喇叭/HDR400〉,4788,,
13,螢幕｜投影機｜壁掛,27吋(2560*1440)(16:9)〈亮暗點保固視廠商保固條款而定〉,327,｛Acer Nitro ED270U S3｝〈2H1P/VA曲面/1500R/180Hz/含喇叭/HDR10〉,4999,,
13,螢幕｜投影機｜壁掛,27吋(2560*1440)(16:9)〈亮暗點保固視廠商保固條款而定〉,328,｛Acer Nitro ED270U F｝〈2H1P/VA曲面/1500R/300Hz/含喇叭/HDR10/HDMI 2.1〉,5499,,
13,螢幕｜投影機｜壁掛,27吋(2560*1440)(16:9)〈亮暗點保固視廠商保固條款而定〉,329,｛Acer Nitro ED270U F6｝〈2H1P/VA曲面/1500R/320Hz/含喇叭〉2K-320Hz/HD-400Hz 雙模式,5688,,
13,螢幕｜投影機｜壁掛,27吋(2560*1440)(16:9)〈亮暗點保固視廠商保固條款而定〉,330,｛Acer Nitro GA271U P｝〈1H1P1C/IPS/180Hz/含喇叭/白色〉智慧螢幕,6999,,
13,螢幕｜投影機｜壁掛,27吋(2560*1440)(16:9)〈亮暗點保固視廠商保固條款而定〉,331,｛Acer Nitro KG271U X1｝〈2H1P/IPS/200Hz/含喇叭/HDR10〉,3999,,
13,螢幕｜投影機｜壁掛,27吋(2560*1440)(16:9)〈亮暗點保固視廠商保固條款而定〉,332,｛Acer Nitro VG272U W2｝〈2H1P/IPS/240Hz/含喇叭/HDR400〉,4999,,
13,螢幕｜投影機｜壁掛,27吋(2560*1440)(16:9)〈亮暗點保固視廠商保固條款而定〉,333,｛Acer Nitro VG270U Z1｝〈2H1P/IPS/270Hz/含喇叭/HDR10〉,4688,,
13,螢幕｜投影機｜壁掛,27吋(2560*1440)(16:9)〈亮暗點保固視廠商保固條款而定〉,334,｛Acer Nitro XV270U X1｝〈2H1P/IPS/200Hz/含喇叭HDR10/白色〉可升降旋轉,4388,,
13,螢幕｜投影機｜壁掛,27吋(2560*1440)(16:9)〈亮暗點保固視廠商保固條款而定〉,335,｛Acer Nitro XV270U X1w｝〈2H1P/IPS/200Hz/含喇叭HDR10/白色〉可升降旋轉,4488,,
13,螢幕｜投影機｜壁掛,27吋(2560*1440)(16:9)〈亮暗點保固視廠商保固條款而定〉,336,｛Acer Nitro XV272U X1｝〈2H1P/IPS/200Hz/含喇叭HDR400〉可升降旋轉,4488,,
13,螢幕｜投影機｜壁掛,27吋(2560*1440)(16:9)〈亮暗點保固視廠商保固條款而定〉,337,｛Acer Nitro VG270U Z2｝〈2H1P/IPS/275Hz/含喇叭HDR10/HDMI2.1〉,4788,,
13,螢幕｜投影機｜壁掛,27吋(2560*1440)(16:9)〈亮暗點保固視廠商保固條款而定〉,338,｛Acer Nitro XV272U W2｝〈2H1P/IPS/240Hz/含喇叭/HDR400〉可升降旋轉,5688,,
13,螢幕｜投影機｜壁掛,27吋(2560*1440)(16:9)〈亮暗點保固視廠商保固條款而定〉,339,｛Acer Nitro XV270U Z1｝〈2H1P/IPS/270Hz/含喇叭/HDR10〉可升降旋轉,5288,,熱賣
13,螢幕｜投影機｜壁掛,27吋(2560*1440)(16:9)〈亮暗點保固視廠商保固條款而定〉,340,｛Acer Nitro XV272U Z2｝〈2H1P/IPS/275Hz/含喇叭/HDR400〉可升降旋轉,5588,,
13,螢幕｜投影機｜壁掛,27吋(2560*1440)(16:9)〈亮暗點保固視廠商保固條款而定〉,341,｛Acer Nitro XV272U F3｝〈2H1P/IPS/300Hz/含喇叭/HDR400/HDMI 2.1〉300Hz高速更新率,6799,,
13,螢幕｜投影機｜壁掛,27吋(2560*1440)(16:9)〈亮暗點保固視廠商保固條款而定〉,342,｛Acer Nitro XV270U F3｝〈2H1P/IPS/320Hz/含喇叭/HDR10/HDMI 2.1〉320Hz高速更新率,5799,,熱賣
13,螢幕｜投影機｜壁掛,27吋(2560*1440)(16:9)〈亮暗點保固視廠商保固條款而定〉,343,｛Acer Predator XB273U X1｝〈2H1P/IPS/200Hz/含喇叭/HDR400〉可升降旋轉,4999,,
13,螢幕｜投影機｜壁掛,27吋(2560*1440)(16:9)〈亮暗點保固視廠商保固條款而定〉,344,｛Acer Predator X27U X2｝〈2H1P/OLED/240Hz/含喇叭/HDMI 2.1/無亮點〉,10999,,
13,螢幕｜投影機｜壁掛,27吋(2560*1440)(16:9)〈亮暗點保固視廠商保固條款而定〉,345,｛Acer Predator X27U P2｝〈2H1P/OLED/144Hz/含喇叭/HDMI 2.1〉可升降旋轉,10490,,
13,螢幕｜投影機｜壁掛,27吋(2560*1440)(16:9)〈亮暗點保固視廠商保固條款而定〉,346,｛Acer Predator X27U W2｝〈2H1P/OLED/240Hz/含喇叭/HDMI 2.1〉可升降旋轉,10999,,
13,螢幕｜投影機｜壁掛,27吋(2560*1440)(16:9)〈亮暗點保固視廠商保固條款而定〉,347,｛Acer Predator X27U Z2｝〈2H1P/OLED/280Hz/含喇叭/HDR400/HDMI 2.1〉,11999,,
13,螢幕｜投影機｜壁掛,27吋(2560*1440)(16:9)〈亮暗點保固視廠商保固條款而定〉,348,｛Acer Predator XB273U F5｝〈2H1P/IPS/360Hz/含喇叭/HDMI 2.1/G-SYNC Pulsar〉,15999,,
13,螢幕｜投影機｜壁掛,27吋(2560*1440)(16:9)〈亮暗點保固視廠商保固條款而定〉,349,｛Acer Predator X27U F3｝〈2H1P1C/OLED/480Hz/含喇叭/HDR10/HDMI 2.1/無亮點〉,18888,,
13,螢幕｜投影機｜壁掛,27吋(2560*1440)(16:9)〈亮暗點保固視廠商保固條款而定〉,350,｛BenQ GW2790Q｝〈2H1P/IPS/含喇叭〉光智慧.護眼提醒,3988,,熱賣
13,螢幕｜投影機｜壁掛,27吋(2560*1440)(16:9)〈亮暗點保固視廠商保固條款而定〉,351,｛BenQ EW270Q｝〈1H1P1C/IPS/200Hz/含喇叭/HDR10/白色〉,5688,,
13,螢幕｜投影機｜壁掛,27吋(2560*1440)(16:9)〈亮暗點保固視廠商保固條款而定〉,352,｛BenQ EW2790Q｝〈3H1C/IPS/100Hz/含喇叭/HDR10/白色〉光智慧.類瞳孔.可升降旋轉,7988,,
13,螢幕｜投影機｜壁掛,27吋(2560*1440)(16:9)〈亮暗點保固視廠商保固條款而定〉,353,｛BenQ MOBIUZ EX271QMZ｝〈2H1P/OLED/240Hz/HDR10〉,14888,,
13,螢幕｜投影機｜壁掛,27吋(2560*1440)(16:9)〈亮暗點保固視廠商保固條款而定〉,354,｛BenQ MOBIUZ EX271QZ｝〈2H1P/OLED/500Hz/HDR500〉,26888,,
13,螢幕｜投影機｜壁掛,27吋(2560*1440)(16:9)〈亮暗點保固視廠商保固條款而定〉,355,｛BenQ RD270Q｝〈1H1P1C/IPS/144Hz/含喇叭/HDR10〉可升降旋轉,11888,,
13,螢幕｜投影機｜壁掛,27吋(2560*1440)(16:9)〈亮暗點保固視廠商保固條款而定〉,357,｛BenQ PD2706QN｝〈1H1P1C/IPS/含喇叭/HDR400〉可升降旋轉.Pantone色彩認證,9688,,
13,螢幕｜投影機｜壁掛,27吋(2560*1440)(16:9)〈亮暗點保固視廠商保固條款而定〉,358,｛BenQ SW272Q｝〈2H1P1C/IPS/HDR10〉數位紙技術.SDI轉HDMI設備兼容性,27688,,
13,螢幕｜投影機｜壁掛,27吋(2560*1440)(16:9)〈亮暗點保固視廠商保固條款而定〉,359,｛BenQ ZOWIE XQ2766X｝〈3H1P/TN/360Hz/HDMI 2.1〉DyAc 3動態清晰技術,34900,,
13,螢幕｜投影機｜壁掛,27吋(2560*1440)(16:9)〈亮暗點保固視廠商保固條款而定〉,361,｛PHILIPS 27E2N1500L｝〈1H1P/IPS/75Hz/HDR10〉,3288,,熱賣
13,螢幕｜投影機｜壁掛,27吋(2560*1440)(16:9)〈亮暗點保固視廠商保固條款而定〉,362,｛PHILIPS Evnia 27M2N3500PF｝〈2H1P/IPS/260Hz/HDR10〉,5088,,
13,螢幕｜投影機｜壁掛,27吋(2560*1440)(16:9)〈亮暗點保固視廠商保固條款而定〉,363,｛PHILIPS Evnia 27M2N3500UK｝〈1H1P/IPS/300Hz/HDR400/HDMI2.1/圓偏光護眼〉,6988,,
13,螢幕｜投影機｜壁掛,27吋(2560*1440)(16:9)〈亮暗點保固視廠商保固條款而定〉,364,｛AOC Q27G42ZE｝〈1H1P/IPS/260Hz/HDR10〉,4288,,
13,螢幕｜投影機｜壁掛,27吋(2560*1440)(16:9)〈亮暗點保固視廠商保固條款而定〉,365,｛AOC Q27G4SL/WS｝〈2H1P/IPS/320Hz/HDR400/HDMI2.1/圓偏光認證/白色〉,7588,,
13,螢幕｜投影機｜壁掛,27吋(2560*1440)(16:9)〈亮暗點保固視廠商保固條款而定〉,366,｛AOC Q27G40XMN｝〈2H1P/VA/180Hz/Mini-LED〉,7588,,
13,螢幕｜投影機｜壁掛,27吋(2560*1440)(16:9)〈亮暗點保固視廠商保固條款而定〉,367,｛AOC Q27G4ZMN｝〈2H1P/VA/240Hz/HDR1000〉1152區 Mini-LED分區控光.可升降旋轉,7988,,
13,螢幕｜投影機｜壁掛,27吋(2560*1440)(16:9)〈亮暗點保固視廠商保固條款而定〉,368,｛AOC Q27G40ZDF｝〈1H1P/OLED/240Hz/HDR10〉▼下殺到 9/20 23:59,8888,9988,熱賣 價格異動 下殺
13,螢幕｜投影機｜壁掛,27吋(2560*1440)(16:9)〈亮暗點保固視廠商保固條款而定〉,369,｛DELL SE2726D｝〈1H1P/IPS/144Hz〉,5688,,
13,螢幕｜投影機｜壁掛,27吋(2560*1440)(16:9)〈亮暗點保固視廠商保固條款而定〉,370,｛DELL S2725DC｝〈1H1P1C/IPS/144Hz/含喇叭/無亮點/四年保〉可升降旋轉,8898,,
13,螢幕｜投影機｜壁掛,27吋(2560*1440)(16:9)〈亮暗點保固視廠商保固條款而定〉,371,｛DELL P2725D｝〈1H1P/IPS/100Hz/無亮點/四年保〉可升降旋轉,10598,,
13,螢幕｜投影機｜壁掛,27吋(2560*1440)(16:9)〈亮暗點保固視廠商保固條款而定〉,372,｛DELL P2725DE｝〈1H1P1C/IPS/100Hz/無亮點/四年保〉RJ-45介面.可升降旋轉,12418,,
13,螢幕｜投影機｜壁掛,27吋(2560*1440)(16:9)〈亮暗點保固視廠商保固條款而定〉,373,｛DELL U2724D｝〈1H2P/IPS/120Hz/無亮點/四年保〉可升降旋轉,12888,,
13,螢幕｜投影機｜壁掛,27吋(2560*1440)(16:9)〈亮暗點保固視廠商保固條款而定〉,374,｛DELL U2724DE｝〈1H2P2C/IPS/120Hz/無亮點/四年保〉RJ-45介面.可升降旋轉,16288,,
13,螢幕｜投影機｜壁掛,27吋(2560*1440)(16:9)〈亮暗點保固視廠商保固條款而定〉,375,｛DELL Alienware AW2725DM｝〈2H1P/IPS/180Hz/HDR400/HDMI 2.1/無亮點/四年保〉可升降旋轉,8988,,熱賣
13,螢幕｜投影機｜壁掛,27吋(2560*1440)(16:9)〈亮暗點保固視廠商保固條款而定〉,376,｛DELL Alienware AW2726DL｝〈1H1P/IPS/280Hz/HDMI 2.1〉可升降旋轉,7988,,
13,螢幕｜投影機｜壁掛,27吋(2560*1440)(16:9)〈亮暗點保固視廠商保固條款而定〉,377,｛DELL Alienware AW2726DM｝〈2H1P/OLED/240Hz/HDR400/HDMI 2.1〉可升降旋轉,11888,,
13,螢幕｜投影機｜壁掛,27吋(2560*1440)(16:9)〈亮暗點保固視廠商保固條款而定〉,378,｛DELL Alienware AW2725D｝〈2H1P/OLED/280Hz/HDR400/HDMI 2.1/無亮點〉可升降旋轉,14988,,
13,螢幕｜投影機｜壁掛,27吋(2560*1440)(16:9)〈亮暗點保固視廠商保固條款而定〉,379,｛LG UltraGear 27G610A-B｝〈2H1P/IPS/200Hz/HDR400〉可升降旋轉,4990,,
13,螢幕｜投影機｜壁掛,27吋(2560*1440)(16:9)〈亮暗點保固視廠商保固條款而定〉,380,｛LG UltraGear 27GX790A-B｝〈2H1P/OLED/480Hz/HDR400/HDMI 2.1/DP 2.1/二年保〉,22900,,
13,螢幕｜投影機｜壁掛,27吋(2560*1440)(16:9)〈亮暗點保固視廠商保固條款而定〉,381,｛三星 ViewFinity S6 S27F612EAC｝〈2H1P/IPS/100Hz〉可升降旋轉,4990,,
13,螢幕｜投影機｜壁掛,27吋(2560*1440)(16:9)〈亮暗點保固視廠商保固條款而定〉,382,｛三星 ViewFinity S6 S27D606UAC｝〈1H1P1C/IPS/100Hz/HDR10〉可升降旋轉,8990,,
13,螢幕｜投影機｜壁掛,27吋(2560*1440)(16:9)〈亮暗點保固視廠商保固條款而定〉,383,｛三星 Odyssey G5 S27CG552EC｝〈1H1P/VA曲面/1000R/165Hz/HDR10〉,4990,,
13,螢幕｜投影機｜壁掛,27吋(2560*1440)(16:9)〈亮暗點保固視廠商保固條款而定〉,384,｛三星 Odyssey G5 S27FG532EC｝〈1H1P/IPS/200Hz/HDR10〉,4990,,
13,螢幕｜投影機｜壁掛,27吋(2560*1440)(16:9)〈亮暗點保固視廠商保固條款而定〉,385,｛三星 Odyssey G5 S27FG502EC｝〈1H1P/IPS/180Hz/HDR10〉可升降旋轉,5690,,
13,螢幕｜投影機｜壁掛,27吋(2560*1440)(16:9)〈亮暗點保固視廠商保固條款而定〉,386,｛三星 Odyssey G5 S27FG502SC｝〈1H1P/OLED/180Hz/HDR10〉,11900,,酷幣500
13,螢幕｜投影機｜壁掛,27吋(2560*1440)(16:9)〈亮暗點保固視廠商保固條款而定〉,387,｛三星 Odyssey G6 S27DG602SC｝〈2H1P/OLED/360Hz/HDR10/HDMI 2.1〉可升降旋轉,16900,,
13,螢幕｜投影機｜壁掛,27吋(2560*1440)(16:9)〈亮暗點保固視廠商保固條款而定〉,388,｛三星 Odyssey G6 S27FG602SC｝〈2H1P/OLED/500Hz/HDR500/HDMI 2.1〉,19900,,
13,螢幕｜投影機｜壁掛,27吋(2560*1440)(16:9)〈亮暗點保固視廠商保固條款而定〉,389,｛技嘉 G27Q20T｝〈2H1P/IPS/210Hz/HDR10〉,4290,,
13,螢幕｜投影機｜壁掛,27吋(2560*1440)(16:9)〈亮暗點保固視廠商保固條款而定〉,390,｛技嘉 G27Q20｝〈2H1P/IPS/200Hz(OC 210Hz)/HDR10〉,4690,,
13,螢幕｜投影機｜壁掛,27吋(2560*1440)(16:9)〈亮暗點保固視廠商保固條款而定〉,391,｛技嘉 M27Q2 QD｝〈2H1P1C/量子點/200Hz/HDR400〉可升降旋轉,6990,,
13,螢幕｜投影機｜壁掛,27吋(2560*1440)(16:9)〈亮暗點保固視廠商保固條款而定〉,392,"｛技嘉 M27Q2 QD ICE｝〈2H1P1C/量子點/200Hz/HDR400/白色〉可升降旋轉""",6999,,
13,螢幕｜投影機｜壁掛,27吋(2560*1440)(16:9)〈亮暗點保固視廠商保固條款而定〉,393,｛技嘉 M27QS｝〈1H1P1C/IPS/180Hz/HDR400〉Google TV 智慧螢幕,7666,,
13,螢幕｜投影機｜壁掛,27吋(2560*1440)(16:9)〈亮暗點保固視廠商保固條款而定〉,394,｛技嘉 GO27Q24｝〈2H1P1C/OLED/240Hz/HDR10〉可升降旋轉▼下殺到 9/30 23:59,8888,10490,熱賣 價格異動 下殺
13,螢幕｜投影機｜壁掛,27吋(2560*1440)(16:9)〈亮暗點保固視廠商保固條款而定〉,395,｛技嘉 GO27Q24A｝〈2H1P/QD-OLED/240Hz/HDR10〉可升降旋轉,10490,,熱賣
13,螢幕｜投影機｜壁掛,27吋(2560*1440)(16:9)〈亮暗點保固視廠商保固條款而定〉,396,｛技嘉 GO27Q24G｝〈2H1P1C/WOLED/240Hz/HDR400〉可升降旋轉,11990,,
13,螢幕｜投影機｜壁掛,27吋(2560*1440)(16:9)〈亮暗點保固視廠商保固條款而定〉,397,｛技嘉 MO27Q28G｝〈2H1P1C/WOLED/280Hz/含喇叭/HDR500/HDMI 2.1/霧面面板〉可升降旋轉,14990,,
13,螢幕｜投影機｜壁掛,27吋(2560*1440)(16:9)〈亮暗點保固視廠商保固條款而定〉,398,｛技嘉 MO27Q2A｝〈2H1P1C/OLED/280Hz/含喇叭/HDR400/HDMI 2.1〉可升降旋轉,14666,,
13,螢幕｜投影機｜壁掛,27吋(2560*1440)(16:9)〈亮暗點保固視廠商保固條款而定〉,399,｛技嘉 MO27Q28GR｝〈2H1P1C/WOLED/280Hz/含喇叭/HDR500/HDMI 2.1/鏡面面板〉可升降旋轉,14990,,
13,螢幕｜投影機｜壁掛,27吋(2560*1440)(16:9)〈亮暗點保固視廠商保固條款而定〉,400,｛華碩 VA27AQ｝〈1A1H1P/IPS/含喇叭/HDR10〉,3688,,
13,螢幕｜投影機｜壁掛,27吋(2560*1440)(16:9)〈亮暗點保固視廠商保固條款而定〉,401,｛華碩 VA27AQSE｝〈1A1H1P/IPS/含喇叭/HDR10〉可升降旋轉,4550,,
13,螢幕｜投影機｜壁掛,27吋(2560*1440)(16:9)〈亮暗點保固視廠商保固條款而定〉,402,｛華碩 ProArt PA278QEV｝〈1D1H2P/IPS/無亮點〉可升降旋轉,5988,,
13,螢幕｜投影機｜壁掛,27吋(2560*1440)(16:9)〈亮暗點保固視廠商保固條款而定〉,403,｛華碩 ProArt PA278QGV｝〈1H1P/IPS/120Hz/含喇叭/無亮點〉可升降旋轉,7878,,
13,螢幕｜投影機｜壁掛,27吋(2560*1440)(16:9)〈亮暗點保固視廠商保固條款而定〉,404,｛華碩 ProArt PA278CFRV｝〈1H2P1C/IPS/100Hz/含喇叭/HDR400/無亮點〉可升降旋轉,9888,,
13,螢幕｜投影機｜壁掛,27吋(2560*1440)(16:9)〈亮暗點保固視廠商保固條款而定〉,405,｛華碩 ProArt PA278CGRV｝〈1H2P1C/IPS/144Hz/含喇叭HDR400〉可升降旋轉,9878,,
13,螢幕｜投影機｜壁掛,27吋(2560*1440)(16:9)〈亮暗點保固視廠商保固條款而定〉,406,｛華碩 TUF Gaming VG27AQE5A｝〈2H1P/IPS/165Hz/含喇叭〉,3988,,熱賣
13,螢幕｜投影機｜壁掛,27吋(2560*1440)(16:9)〈亮暗點保固視廠商保固條款而定〉,407,｛華碩 TUF Gaming VG27AQ5A｝〈2H1P/IPS/210Hz/含喇叭/HDR10〉,4288,,
13,螢幕｜投影機｜壁掛,27吋(2560*1440)(16:9)〈亮暗點保固視廠商保固條款而定〉,408,｛華碩 TUF Gaming VG27AQL5A｝〈2H1P/IPS/210Hz/含喇叭/HDR400〉可升降旋轉,4688,,
13,螢幕｜投影機｜壁掛,27吋(2560*1440)(16:9)〈亮暗點保固視廠商保固條款而定〉,409,｛華碩 TUF Gaming VG27AQ5F｝〈2H1P/IPS/220Hz/含喇叭/HDR10〉,5488,,
13,螢幕｜投影機｜壁掛,27吋(2560*1440)(16:9)〈亮暗點保固視廠商保固條款而定〉,410,｛華碩 TUF Gaming VG27AQL5F｝〈2H1P/IPS/220Hz/含喇叭/HDR400〉,5688,,
13,螢幕｜投影機｜壁掛,27吋(2560*1440)(16:9)〈亮暗點保固視廠商保固條款而定〉,411,｛華碩 TUF Gaming VG27AQME5F｝〈2H1P/IPS/255Hz/含喇叭/HDR10〉,5988,,
13,螢幕｜投影機｜壁掛,27吋(2560*1440)(16:9)〈亮暗點保固視廠商保固條款而定〉,412,｛華碩 TUF Gaming VG27AQM5A｝〈2H1P/IPS/300Hz/含喇叭/HDR10/HDMI 2.1〉,5988,,
13,螢幕｜投影機｜壁掛,27吋(2560*1440)(16:9)〈亮暗點保固視廠商保固條款而定〉,413,｛華碩 ROG Strix XG27ACS｝〈1H1P1C/IPS/180Hz/HDR400〉,5218,,
13,螢幕｜投影機｜壁掛,27吋(2560*1440)(16:9)〈亮暗點保固視廠商保固條款而定〉,414,｛華碩 ROG Strix XG27ACS-W｝〈1H1P1C/IPS/180Hz/HDR400/白色〉,5218,,
13,螢幕｜投影機｜壁掛,27吋(2560*1440)(16:9)〈亮暗點保固視廠商保固條款而定〉,415,｛華碩 ROG Strix XG27ACSR｝〈1H1P1C/IPS/220Hz/HDR400〉,6588,,
13,螢幕｜投影機｜壁掛,27吋(2560*1440)(16:9)〈亮暗點保固視廠商保固條款而定〉,416,｛華碩 ROG Strix XG27ACSR-W｝〈1H1P1C/IPS/220Hz/HDR400/白色〉,6588,,
13,螢幕｜投影機｜壁掛,27吋(2560*1440)(16:9)〈亮暗點保固視廠商保固條款而定〉,417,｛華碩 ROG Strix XG27ACMES｝〈1H1P1C/IPS/255Hz/HDR400/〉,6618,,
13,螢幕｜投影機｜壁掛,27吋(2560*1440)(16:9)〈亮暗點保固視廠商保固條款而定〉,418,｛華碩 ROG Strix XG27ACMES-W｝〈1H1P1C/IPS/255Hz/HDR400/白色〉,6618,,
13,螢幕｜投影機｜壁掛,27吋(2560*1440)(16:9)〈亮暗點保固視廠商保固條款而定〉,419,｛華碩 ROG Strix XG27WCMS｝〈1H1P1C/VA曲面/1500R/280Hz/HDR400/HDMI 2.1〉,9688,,
13,螢幕｜投影機｜壁掛,27吋(2560*1440)(16:9)〈亮暗點保固視廠商保固條款而定〉,420,｛華碩 ROG Strix XG27AQDMGR｝〈2H1P/WOLED/240Hz/HDR400/HDMI 2.1〉可升降旋轉,13888,,
13,螢幕｜投影機｜壁掛,27吋(2560*1440)(16:9)〈亮暗點保固視廠商保固條款而定〉,421,｛華碩 ROG Strix XG27AQDMES｝〈2H1P/OLED/240Hz/HDR10/HDMI2.1〉,10888,,
13,螢幕｜投影機｜壁掛,27吋(2560*1440)(16:9)〈亮暗點保固視廠商保固條款而定〉,422,｛華碩 ROG Strix XG27AQWMG｝〈2H1P/WOLED/280Hz/HDR500/HDMI 2.1〉可升降旋轉,15888,,
13,螢幕｜投影機｜壁掛,27吋(2560*1440)(16:9)〈亮暗點保固視廠商保固條款而定〉,423,｛華碩 ROG Strix XG27ACDMS｝〈1H1P1C/OLED/280Hz/HDR400/HDMI 2.1〉可升降旋轉,13888,,
13,螢幕｜投影機｜壁掛,27吋(2560*1440)(16:9)〈亮暗點保固視廠商保固條款而定〉,424,｛華碩 ROG Strix XG27AQDNG｝〈2H1P/OLED/360Hz/HDR400/HDMI 2.1〉,17888,,
13,螢幕｜投影機｜壁掛,27吋(2560*1440)(16:9)〈亮暗點保固視廠商保固條款而定〉,425,｛華碩 ROG Strix XG27AQNGV｝〈2H1P/Ultrafast IPS/360Hz/G-Sync Pulsar/電競雙模〉可升降旋轉,17888,,
13,螢幕｜投影機｜壁掛,27吋(2560*1440)(16:9)〈亮暗點保固視廠商保固條款而定〉,426,｛華碩 ROG Swift PG27AQWP-G 20周年限定版｝〈2H1P/OLED/HDR500〉2K-540Hz/HD-720Hz切換,32888,,
13,螢幕｜投影機｜壁掛,27吋(2560*1440)(16:9)〈亮暗點保固視廠商保固條款而定〉,427,｛華碩 ROG Swift PG27AQWP-W｝〈2H1P/OLED/540Hz/HDR500/DP 2.1〉2K-540Hz/HD-720Hz切換,32888,,
13,螢幕｜投影機｜壁掛,27吋(3840*2160)(4K 16:9)〈亮暗點保固視廠商保固條款而定〉,432,｛MSI PRO MP273UP E6｝〈2H1P/IPS/含喇叭〉,4988,,
13,螢幕｜投影機｜壁掛,27吋(3840*2160)(4K 16:9)〈亮暗點保固視廠商保固條款而定〉,433,｛MSI Modern MD272UPHW｝〈2H1P1C/IPS/含喇叭/HDR400/白色〉可升降旋轉,7490,,
13,螢幕｜投影機｜壁掛,27吋(3840*2160)(4K 16:9)〈亮暗點保固視廠商保固條款而定〉,434,｛MSI Modern MD272UPSW｝〈1H1P1C/IPS/含喇叭/白色〉智慧螢幕.可升降旋轉,6990,,
13,螢幕｜投影機｜壁掛,27吋(3840*2160)(4K 16:9)〈亮暗點保固視廠商保固條款而定〉,435,｛MSI PRO MAX 271UPXW12G｝〈2H1P2C/OLED/120Hz/含喇叭/白色〉可升降旋轉,23900,,
13,螢幕｜投影機｜壁掛,27吋(3840*2160)(4K 16:9)〈亮暗點保固視廠商保固條款而定〉,436,｛MSI MAG 275UPD E14｝〈2H1P/IPS/含喇叭/HDMI 2.1〉4K-144Hz/FHD-288Hz切換,6990,,
13,螢幕｜投影機｜壁掛,27吋(3840*2160)(4K 16:9)〈亮暗點保固視廠商保固條款而定〉,437,｛MSI MAG 274UPDF E16M｝〈2H1P1C/IPS/HDR1000/HDMI 2.1〉Mini-LED.4K-160Hz/FHD-320Hz切換,11111,,
13,螢幕｜投影機｜壁掛,27吋(3840*2160)(4K 16:9)〈亮暗點保固視廠商保固條款而定〉,438,｛MSI MPG 274URDFW E16M｝〈2H1P1C/IPS/HDR1000/HDMI 2.1/白色〉Mini-LED.4K-160Hz/FHD-320Hz切換,15900,,
13,螢幕｜投影機｜壁掛,27吋(3840*2160)(4K 16:9)〈亮暗點保固視廠商保固條款而定〉,439,｛MSI MAG 272UP QD-OLED E16｝〈2H1P1C/OLED/165Hz/HDR400/HDMI 2.1〉,19900,,
13,螢幕｜投影機｜壁掛,27吋(3840*2160)(4K 16:9)〈亮暗點保固視廠商保固條款而定〉,440,｛MSI MAG 272UP QD-OLED X24｝〈2H1P1C/OLED/240Hz/HDR400/HDMI 2.1〉,22900,,
13,螢幕｜投影機｜壁掛,27吋(3840*2160)(4K 16:9)〈亮暗點保固視廠商保固條款而定〉,441,｛MSI MPG 272URX QD-OLED｝〈2H1P1C/OLED/240Hz/HDR400/HDMI 2.1/DP 2.1〉可升降旋轉,24888,,
13,螢幕｜投影機｜壁掛,27吋(3840*2160)(4K 16:9)〈亮暗點保固視廠商保固條款而定〉,442,｛AOC U27B35｝〈2H1P/IPS/HDR10〉,4990,,
13,螢幕｜投影機｜壁掛,27吋(3840*2160)(4K 16:9)〈亮暗點保固視廠商保固條款而定〉,443,｛AOC U27B3CF｝〈1H1C/IPS/HDR10/含喇叭〉可升降支架,6399,,
13,螢幕｜投影機｜壁掛,27吋(3840*2160)(4K 16:9)〈亮暗點保固視廠商保固條款而定〉,444,｛Acer SA272K｝〈2H1P/IPS/含喇叭〉,4488,,
13,螢幕｜投影機｜壁掛,27吋(3840*2160)(4K 16:9)〈亮暗點保固視廠商保固條款而定〉,445,｛Acer Nitro VG270K L1｝〈2H1P/IPS/含喇叭/HDR10〉4K-72Hz/FHD-144Hz切換,4999,,
13,螢幕｜投影機｜壁掛,27吋(3840*2160)(4K 16:9)〈亮暗點保固視廠商保固條款而定〉,446,｛Acer Nitro VG272K V3｝〈2H1P/IPS/含喇叭/HDR400/HDMI 2.1〉,6590,,
13,螢幕｜投影機｜壁掛,27吋(3840*2160)(4K 16:9)〈亮暗點保固視廠商保固條款而定〉,447,｛Acer Nitro VG270K V4｝〈2H1P/IPS/含喇叭/HDR10/HDMI 2.1〉4K-160Hz/FHD-320Hz切換,6688,,
13,螢幕｜投影機｜壁掛,27吋(3840*2160)(4K 16:9)〈亮暗點保固視廠商保固條款而定〉,448,｛Acer Nitro XV272K V5｝〈2H1P/IPS/含喇叭/HDR400/HDMI 2.1〉4K-160Hz/FHD-320Hz搖控器一鍵切換,7699,,
13,螢幕｜投影機｜壁掛,27吋(3840*2160)(4K 16:9)〈亮暗點保固視廠商保固條款而定〉,449,｛Acer ProCreator PE270K L1｝〈1H1P1C/IPS/含喇叭/HDR400〉4K-72Hz/FHD-144Hz 雙模式,8288,,
13,螢幕｜投影機｜壁掛,27吋(3840*2160)(4K 16:9)〈亮暗點保固視廠商保固條款而定〉,450,｛Acer ProCreator PE270KT｝〈2H1P1C/IPS/含喇叭/HDR400/觸控〉4K-72Hz/FHD-144Hz 雙模式,15980,,
13,螢幕｜投影機｜壁掛,27吋(3840*2160)(4K 16:9)〈亮暗點保固視廠商保固條款而定〉,451,｛BenQ EW2790U｝〈3H1C/IPS/含喇叭/HDR400/白色〉光智慧.類瞳孔.可升降旋轉,8988,,
13,螢幕｜投影機｜壁掛,27吋(3840*2160)(4K 16:9)〈亮暗點保固視廠商保固條款而定〉,452,｛BenQ MOBIUZ EX271UZ｝〈2H1P1C/OLED/240Hz/HDR400/HDMI 2.1/白色〉,24888,,
13,螢幕｜投影機｜壁掛,27吋(3840*2160)(4K 16:9)〈亮暗點保固視廠商保固條款而定〉,453,｛BenQ MA270U｝〈2H1C/IPS/含喇叭/HDR400〉可升降旋轉.即插即準的Mac顯色,14888,,酷幣300
13,螢幕｜投影機｜壁掛,27吋(3840*2160)(4K 16:9)〈亮暗點保固視廠商保固條款而定〉,454,｛BenQ MA270UP｝〈2H1C/IPS/含喇叭/HDR400/鏡面面板〉可升降旋轉.即插即準的Mac顯色,15888,,
13,螢幕｜投影機｜壁掛,27吋(3840*2160)(4K 16:9)〈亮暗點保固視廠商保固條款而定〉,455,｛BenQ PD2705U｝〈1H1P1C/IPS/含喇叭/HDR10〉可升降旋轉.ICCsync色彩模式調整,12888,,
13,螢幕｜投影機｜壁掛,27吋(3840*2160)(4K 16:9)〈亮暗點保固視廠商保固條款而定〉,456,｛BenQ PD2706U｝〈1H1P1C/IPS/含喇叭/HDR400〉可升降旋轉,13888,,
13,螢幕｜投影機｜壁掛,27吋(3840*2160)(4K 16:9)〈亮暗點保固視廠商保固條款而定〉,457,｛BenQ PD2706UA｝〈1H1P1C/IPS/含喇叭/HDR400〉Ergo支架.可升降旋轉,15888,,
13,螢幕｜投影機｜壁掛,27吋(3840*2160)(4K 16:9)〈亮暗點保固視廠商保固條款而定〉,458,｛BenQ PD2725U｝〈2H1P1C/IPS/含喇叭/HDR400〉可升降旋轉.高度Mac相容色彩,19888,,
13,螢幕｜投影機｜壁掛,27吋(3840*2160)(4K 16:9)〈亮暗點保固視廠商保固條款而定〉,459,｛BenQ PD2732U｝〈1H1P1C/IPS/HDR10〉可升降旋轉.高度Mac相容色彩,26888,,
13,螢幕｜投影機｜壁掛,27吋(3840*2160)(4K 16:9)〈亮暗點保固視廠商保固條款而定〉,460,｛BenQ PD2770U｝〈2H1P1C/IPS/HDR10〉可升降旋轉.內建校色器 (客訂),58888,,
13,螢幕｜投影機｜壁掛,27吋(3840*2160)(4K 16:9)〈亮暗點保固視廠商保固條款而定〉,461,｛BenQ SW272U｝〈2H1P1C/IPS/HDR10〉數位紙技術.SDI轉HDMI設備兼容性,48888,,
13,螢幕｜投影機｜壁掛,27吋(3840*2160)(4K 16:9)〈亮暗點保固視廠商保固條款而定〉,462,｛DELL P2723QE｝〈1H1P1C/IPS/四年保〉RJ-45介面.可升降旋轉,15788,,
13,螢幕｜投影機｜壁掛,27吋(3840*2160)(4K 16:9)〈亮暗點保固視廠商保固條款而定〉,463,｛DELL P2725QE｝〈1H1P1C/IPS/100Hz/無亮點/四年保〉RJ-45介面.可升降旋轉,14888,,
13,螢幕｜投影機｜壁掛,27吋(3840*2160)(4K 16:9)〈亮暗點保固視廠商保固條款而定〉,464,｛DELL S2725QS｝〈2H1P/IPS/120Hz/含喇叭/HDMI 2.1/無亮點/四年保〉可升降旋轉,9798,,熱賣
13,螢幕｜投影機｜壁掛,27吋(3840*2160)(4K 16:9)〈亮暗點保固視廠商保固條款而定〉,465,｛DELL U2725QE｝〈1H1P1C/IPS/120Hz/HDR600/HDMI 2.1/無亮點/四年保〉RJ-45介面.可升降旋轉,24888,,
13,螢幕｜投影機｜壁掛,27吋(3840*2160)(4K 16:9)〈亮暗點保固視廠商保固條款而定〉,466,｛DELL Alienware AW2725Q｝〈2H1P/OLED/240Hz/HDR400/HDMI 2.1/無亮點〉可升降旋轉,32888,,
13,螢幕｜投影機｜壁掛,27吋(3840*2160)(4K 16:9)〈亮暗點保固視廠商保固條款而定〉,467,｛LG UltraFine 27UP850K-W｝〈2H1P1C/IPS/含喇叭/HDR400〉可升降旋轉,11900,,
13,螢幕｜投影機｜壁掛,27吋(3840*2160)(4K 16:9)〈亮暗點保固視廠商保固條款而定〉,468,｛LG 27U730SA-W｝〈2H1C/IPS/含喇叭/HDR10/白色〉智慧螢幕.支援Airplay,9810,,
13,螢幕｜投影機｜壁掛,27吋(3840*2160)(4K 16:9)〈亮暗點保固視廠商保固條款而定〉,469,｛LG UltraGear 27G850A-B｝〈2H1P/IPS/HDR600/HDMI 2.1/DP 2.1〉4K-240Hz/FHD-480Hz切換,14900,,
13,螢幕｜投影機｜壁掛,27吋(3840*2160)(4K 16:9)〈亮暗點保固視廠商保固條款而定〉,470,｛ViewSonic VA2708-4K-MHD｝〈2H1P/IPS/含喇叭/HDR10〉,8200,,
13,螢幕｜投影機｜壁掛,27吋(3840*2160)(4K 16:9)〈亮暗點保固視廠商保固條款而定〉,471,｛ViewSonic VG2719U-4K｝〈2H1P1C/IPS/含喇叭/HDR10〉可升降旋轉,7999,,
13,螢幕｜投影機｜壁掛,27吋(3840*2160)(4K 16:9)〈亮暗點保固視廠商保固條款而定〉,472,｛ViewSonic VX2740D-4K｝〈2H1P1C/IPS/HDR10/無亮點〉4K-160Hz/FHD-320Hz 雙模式,8999,,
13,螢幕｜投影機｜壁掛,27吋(3840*2160)(4K 16:9)〈亮暗點保固視廠商保固條款而定〉,473,｛ViewSonic XG275D1-4K｝〈2H1P1C/IPS/含喇叭/HDR10/無亮點/HDMI 2.1〉4K-160Hz/FHD-320Hz切換,12888,,
13,螢幕｜投影機｜壁掛,27吋(3840*2160)(4K 16:9)〈亮暗點保固視廠商保固條款而定〉,474,｛三星 ViewFinity S7 S27D706EAC｝〈1H1P/IPS/HDR10〉,6990,,
13,螢幕｜投影機｜壁掛,27吋(3840*2160)(4K 16:9)〈亮暗點保固視廠商保固條款而定〉,475,｛三星 ViewFinity S7 S27H704EAC｝〈1H1P/IPS/HDR10〉,7990,,
13,螢幕｜投影機｜壁掛,27吋(3840*2160)(4K 16:9)〈亮暗點保固視廠商保固條款而定〉,476,｛三星 ViewFinity S8 S27D806UAC｝〈1H1P1C/IPS/HDR10〉可升降旋轉,9990,,
13,螢幕｜投影機｜壁掛,27吋(3840*2160)(4K 16:9)〈亮暗點保固視廠商保固條款而定〉,477,｛三星 ViewFinity S8 S27H802UAC｝〈1H1P1C/IPS/HDR10〉可升降旋轉,9990,,
13,螢幕｜投影機｜壁掛,27吋(3840*2160)(4K 16:9)〈亮暗點保固視廠商保固條款而定〉,478,｛三星 Odyssey G7 S27FG706EC｝〈2H1P/IPS/HDR10/HDMI 2.1〉4K-180Hz/FHD-360Hz切換,15900,,
13,螢幕｜投影機｜壁掛,27吋(3840*2160)(4K 16:9)〈亮暗點保固視廠商保固條款而定〉,479,｛三星 Odyssey G8 S27HG802SC｝〈2H1P1C/OLED/240Hz/HDR400/DP 2.1〉可升降旋轉,25900,,
13,螢幕｜投影機｜壁掛,27吋(3840*2160)(4K 16:9)〈亮暗點保固視廠商保固條款而定〉,480,｛三星 Odyssey 3D S27FG900XC｝〈2H1P/IPS/165Hz/HDR10/HDMI 2.1〉3D螢幕,39900,,
13,螢幕｜投影機｜壁掛,27吋(3840*2160)(4K 16:9)〈亮暗點保固視廠商保固條款而定〉,481,｛技嘉 GS27U｝〈2H1P/IPS/160Hz/HDR400/HDMI 2.1〉,7511,,
13,螢幕｜投影機｜壁掛,27吋(3840*2160)(4K 16:9)〈亮暗點保固視廠商保固條款而定〉,482,｛技嘉 M27UP｝〈2H1P1C/IPS/含喇叭/HDR400/HDMI 2.1〉4K-160Hz/FHD-320Hz切換,8990,,
13,螢幕｜投影機｜壁掛,27吋(3840*2160)(4K 16:9)〈亮暗點保固視廠商保固條款而定〉,483,｛技嘉 M27UP ICE｝〈2H1P1C/IPS/含喇叭/HDR400/HDMI 2.1/白色〉4K-160Hz/FHD-320Hz切換,8577,,
13,螢幕｜投影機｜壁掛,27吋(3840*2160)(4K 16:9)〈亮暗點保固視廠商保固條款而定〉,484,｛技嘉 MO27U2｝〈2H1P1C/OLED/240Hz/含喇叭/HDR400/HDMI 2.1〉可升降旋轉,19900,,
13,螢幕｜投影機｜壁掛,27吋(3840*2160)(4K 16:9)〈亮暗點保固視廠商保固條款而定〉,485,｛華碩 VA27UQSB｝〈2H1P/IPS/含喇叭/HDR10〉可升降旋轉,8290,,
13,螢幕｜投影機｜壁掛,27吋(3840*2160)(4K 16:9)〈亮暗點保固視廠商保固條款而定〉,486,｛華碩 ProArt PA279CRV｝〈2H2P1C/IPS/含喇叭/HDR400/無亮點〉可升降旋轉,10618,,
13,螢幕｜投影機｜壁掛,27吋(3840*2160)(4K 16:9)〈亮暗點保固視廠商保固條款而定〉,487,｛華碩 ProArt PA27UCDMR｝〈1H1P2TB4/OLED/240Hz/含喇叭/HDR400/Thunderbolt 4〉可升降旋轉,42900,,
13,螢幕｜投影機｜壁掛,27吋(3840*2160)(4K 16:9)〈亮暗點保固視廠商保固條款而定〉,488,｛華碩 ProArt PA27USD｝〈2H1P1TB4/OLED/240Hz/HDR400/Thunderbolt 4〉可升降旋轉,66888,,
13,螢幕｜投影機｜壁掛,27吋(3840*2160)(4K 16:9)〈亮暗點保固視廠商保固條款而定〉,489,｛華碩 ZenScreen MS27UC｝〈1H1P1C/IPS/含喇叭/HDR400〉智慧螢幕,8988,,
13,螢幕｜投影機｜壁掛,27吋(3840*2160)(4K 16:9)〈亮暗點保固視廠商保固條款而定〉,490,｛華碩 ROG Strix XG27UCG｝〈1H1P1C/IPS/HDR400/HDMI 2.1〉4K-160Hz/FHD-320Hz切換,7988,,
13,螢幕｜投影機｜壁掛,27吋(3840*2160)(4K 16:9)〈亮暗點保固視廠商保固條款而定〉,491,｛華碩 ROG Strix XG27UCSR｝〈1H1P1C/IPS/HDR400/HDMI 2.1〉4K-160Hz/FHD-324Hz切換,7988,,
13,螢幕｜投影機｜壁掛,27吋(3840*2160)(4K 16:9)〈亮暗點保固視廠商保固條款而定〉,492,｛華碩 ROG Strix XG27UCGR｝〈1H1P1C/IPS/HDR400/HDMI 2.1〉4K-162Hz/FHD-485Hz切換,10888,,
13,螢幕｜投影機｜壁掛,27吋(3840*2160)(4K 16:9)〈亮暗點保固視廠商保固條款而定〉,493,｛華碩 ROG Strix XG27UCGR-W｝〈1H1P1C/IPS/HDR400/白色〉4K-162Hz/FHD-485Hz切換,10888,,
13,螢幕｜投影機｜壁掛,27吋(3840*2160)(4K 16:9)〈亮暗點保固視廠商保固條款而定〉,494,｛華碩 ROG Strix XG27UCMG｝〈1H1P1C/IPS/HDR400〉4K-240Hz/QHD-400Hz/FHD-488Hz,14888,,
13,螢幕｜投影機｜壁掛,27吋(3840*2160)(4K 16:9)〈亮暗點保固視廠商保固條款而定〉,496,｛華碩 ROG Strix XG27UQDMS｝〈2H1P/OLED/240Hz/HDR400/HDMI 2.1〉,19888,,
13,螢幕｜投影機｜壁掛,27吋(3840*2160)(4K 16:9)〈亮暗點保固視廠商保固條款而定〉,497,｛華碩 ROG Swift PG27UCWM｝〈2H1P1C/WOLED/240Hz/HDR400〉4K-240Hz/FHD-480Hz 雙模式,34888,,
13,螢幕｜投影機｜壁掛,27吋(5120*2880)(5K 16:9)〈亮暗點保固視廠商保固條款而定〉,500,｛MSI MAG 271KPD7｝〈2H1P1C/IPS/HDR400/HDMI 2.1〉5K-75Hz/2K-300Hz切換,15900,,
13,螢幕｜投影機｜壁掛,27吋(5120*2880)(5K 16:9)〈亮暗點保固視廠商保固條款而定〉,501,｛Samsung ViewFinity S8 S27H802EFA｝〈1H1P1C/IPS/HDR10〉,19900,,
13,螢幕｜投影機｜壁掛,27吋(5120*2880)(5K 16:9)〈亮暗點保固視廠商保固條款而定〉,502,｛三星 Odyssey G8 S27HG806EF｝〈2H1P/IPS/HDR10〉5K-180Hz/QHD-360Hz切換,19900,,酷幣500
13,螢幕｜投影機｜壁掛,27吋(5120*2880)(5K 16:9)〈亮暗點保固視廠商保固條款而定〉,503,｛BenQ MA270S｝〈1H1C/IPS/70Hz/含喇叭/HDR400/Thunderbolt 4/鏡面面板〉可升降旋轉,32888,,
13,螢幕｜投影機｜壁掛,27吋(5120*2880)(5K 16:9)〈亮暗點保固視廠商保固條款而定〉,504,｛BenQ PD2730S｝〈1H1P1C/IPS/含喇叭/HDR400/HDMI 2.1〉可升降旋轉,36888,,熱賣
13,螢幕｜投影機｜壁掛,27吋(5120*2880)(5K 16:9)〈亮暗點保固視廠商保固條款而定〉,505,｛ViewSonic VP2788-5K｝〈1H1P2C/IPS/含喇叭/HDR400/HDMI 2.1/無亮點/五年保〉可升降旋轉,27888,,
13,螢幕｜投影機｜壁掛,27吋(5120*2880)(5K 16:9)〈亮暗點保固視廠商保固條款而定〉,506,"｛華碩 ProArt PA27JCV｝〈1H1P1C/IPS/含喇叭/HDR500/HDMI 2.1/無亮點〉可升降旋轉""",18648,,
13,螢幕｜投影機｜壁掛,27吋(5120*2880)(5K 16:9)〈亮暗點保固視廠商保固條款而定〉,507,｛華碩 ROG Strix 5K XG27JCG｝〈2H1P1C/IPS/HDR600〉5K-180Hz/QHD-330Hz 雙模式,17800,,
13,螢幕｜投影機｜壁掛,27吋(5120*2880)(5K 16:9)〈亮暗點保固視廠商保固條款而定〉,508,｛Acer ProCreator PE270XT｝〈2H1P1C/IPS/含喇叭/HDR600/HDMI 2.1/視訊〉,19999,,
13,螢幕｜投影機｜壁掛,28吋(3840*2160)〈亮暗點保固視廠商保固條款而定〉,511,｛BenQ RD280U｝〈1H1P1C/IPS/含喇叭/HDR400〉光智慧2.0及智能光技術.Coding模式,14888,,
13,螢幕｜投影機｜壁掛,29吋(2560*1080)(21:9)〈亮暗點保固視廠商保固條款而定〉,516,｛ViewSonic VA2932-MHD｝〈2H1P/IPS/含喇叭/HDR10〉,5488,,
13,螢幕｜投影機｜壁掛,29吋(2560*1080)(21:9)〈亮暗點保固視廠商保固條款而定〉,517,｛LG 29U511A-B｝〈1H1P/IPS/100Hz/HDR10〉,4690,,
13,螢幕｜投影機｜壁掛,32吋(1920*1080)(16:9)〈亮暗點保固視廠商保固條款而定〉,520,｛MSI MAG 32C6X｝〈2H1P/VA曲面/1500R/250Hz〉,4990,,
13,螢幕｜投影機｜壁掛,32吋(1920*1080)(16:9)〈亮暗點保固視廠商保固條款而定〉,521,｛MSI G32C4X｝〈2H1P/VA曲面/1500R/250Hz〉,5490,,
13,螢幕｜投影機｜壁掛,32吋(1920*1080)(16:9)〈亮暗點保固視廠商保固條款而定〉,522,｛PHILIPS 32E1N1100L｝〈1A1H/VA/100Hz〉,3988,,
13,螢幕｜投影機｜壁掛,32吋(1920*1080)(16:9)〈亮暗點保固視廠商保固條款而定〉,523,｛Acer SA322Q P1｝〈1A1H/IPS/144Hz〉,4299,,
13,螢幕｜投影機｜壁掛,32吋(1920*1080)(16:9)〈亮暗點保固視廠商保固條款而定〉,524,｛Acer SH322Q P0｝〈1A1H/VA/144Hz〉,4499,,
13,螢幕｜投影機｜壁掛,32吋(1920*1080)(16:9)〈亮暗點保固視廠商保固條款而定〉,525,｛Acer Nitro ED320QR H｝〈1A1H/VA曲面/1500R/100Hz〉,4588,,
13,螢幕｜投影機｜壁掛,32吋(1920*1080)(16:9)〈亮暗點保固視廠商保固條款而定〉,526,｛Acer Nitro ED320QR S3｝〈2H1P/VA曲面/1500R/180Hz/含喇叭/HDR10〉,4999,,
13,螢幕｜投影機｜壁掛,32吋(1920*1080)(16:9)〈亮暗點保固視廠商保固條款而定〉,527,｛Acer Nitro ED320Q W0｝〈2H1P/VA曲面/1500R/240Hz/含喇叭/HDR10〉,4999,,
13,螢幕｜投影機｜壁掛,32吋(1920*1080)(16:9)〈亮暗點保固視廠商保固條款而定〉,528,｛AOPEN 32HC5QR S3｝〈2H1P/VA曲面/1500R/180Hz/含喇叭〉,4999,,
13,螢幕｜投影機｜壁掛,32吋(1920*1080)(16:9)〈亮暗點保固視廠商保固條款而定〉,529,｛AOPEN 32HC5QR W0｝〈2H1P/VA曲面/1500R/240Hz/含喇叭〉,4799,,
13,螢幕｜投影機｜壁掛,32吋(1920*1080)(16:9)〈亮暗點保固視廠商保固條款而定〉,530,｛ViewSonic VX3276-MHD-3｝〈1A1H1P/IPS/含喇叭/HDR10/無亮點〉金屬質感底座,4599,,
13,螢幕｜投影機｜壁掛,32吋(1920*1080)(16:9)〈亮暗點保固視廠商保固條款而定〉,531,｛ViewSonic VA3209-MH｝〈1A1H/IPS/含喇叭〉,4688,,
13,螢幕｜投影機｜壁掛,32吋(1920*1080)(16:9)〈亮暗點保固視廠商保固條款而定〉,532,｛華碩 VA329HE｝〈1A2H/IPS〉32吋入門款,4650,,
13,螢幕｜投影機｜壁掛,32吋(1920*1080)(16:9)〈亮暗點保固視廠商保固條款而定〉,533,｛華碩 TUF Gaming VG32VQM5B｝〈2H1P/VA曲面/1500R/250Hz/含喇叭/HDR10〉,4988,,
13,螢幕｜投影機｜壁掛,32吋(1920*1080)(16:9)〈亮暗點保固視廠商保固條款而定〉,534,｛三星 M5 S32FM500EC｝〈2H/VA/含喇叭/HDR10〉智慧螢幕,7820,,
13,螢幕｜投影機｜壁掛,32吋(1920*1080)(16:9)〈亮暗點保固視廠商保固條款而定〉,535,｛三星 M5 S32FM501EC｝〈2H/VA/含喇叭/HDR10/白色〉智慧螢幕,7820,,
13,螢幕｜投影機｜壁掛,32吋(1920*1080)(16:9)〈亮暗點保固視廠商保固條款而定〉,536,｛三星 M5 S32FM500EC-FollowMe｝〈2H/VA/含喇叭/HDR10〉移動式智慧聯網螢幕組,9999,,
13,螢幕｜投影機｜壁掛,32吋(1920*1080)(16:9)〈亮暗點保固視廠商保固條款而定〉,537,｛三星 M5 S32FM501EC-FollowMe｝〈2H/VA/含喇叭/HDR10/白色〉移動式智慧聯網螢幕組,9999,,
13,螢幕｜投影機｜壁掛,32吋(2560*1440)(16:9)〈亮暗點保固視廠商保固條款而定〉,542,｛MSI MAG 321CQF E18｝〈2H1P/VA曲面/1500R/180Hz〉,5990,,
13,螢幕｜投影機｜壁掛,32吋(2560*1440)(16:9)〈亮暗點保固視廠商保固條款而定〉,543,｛MSI MAG 325CQPF E18｝〈2H1P/VA曲面/1000R/180Hz〉,6990,,
13,螢幕｜投影機｜壁掛,32吋(2560*1440)(16:9)〈亮暗點保固視廠商保固條款而定〉,544,｛Acer SA322QU E｝〈1H1P/IPS/100Hz/含喇叭/HDR10〉,4999,,
13,螢幕｜投影機｜壁掛,32吋(2560*1440)(16:9)〈亮暗點保固視廠商保固條款而定〉,545,｛Acer Nitro XZ322QU V3｝〈2H1P/VA曲面/1500R/180Hz/含喇叭/HDR400〉,5499,,
13,螢幕｜投影機｜壁掛,32吋(2560*1440)(16:9)〈亮暗點保固視廠商保固條款而定〉,546,｛BenQ GW3290QT｝〈1H1P1C/IPS/含喇叭/白色〉可升降旋轉.降噪麥克風,11888,,
13,螢幕｜投影機｜壁掛,32吋(2560*1440)(16:9)〈亮暗點保固視廠商保固條款而定〉,547,｛PHILIPS Evnia 32M2C3500L｝〈2H1P/VA曲面/1500R/180Hz/HDR10〉,6388,,
13,螢幕｜投影機｜壁掛,32吋(2560*1440)(16:9)〈亮暗點保固視廠商保固條款而定〉,548,｛PHILIPS Evnia 32M3C3540W｝〈2H1P/VA曲面/1000R/240Hz/HDR400〉,7788,,
13,螢幕｜投影機｜壁掛,32吋(2560*1440)(16:9)〈亮暗點保固視廠商保固條款而定〉,549,｛AOC CQ32G4E｝〈1H1P/VA曲面/1500R/180Hz/HDR10〉,5388,,
13,螢幕｜投影機｜壁掛,32吋(2560*1440)(16:9)〈亮暗點保固視廠商保固條款而定〉,550,｛AOPEN 32HC5QUR S3｝〈2H1P/VA曲面/1500R/180Hz/HDR10/含喇叭〉,5999,,
13,螢幕｜投影機｜壁掛,32吋(2560*1440)(16:9)〈亮暗點保固視廠商保固條款而定〉,551,｛terra 3285W HA｝〈2H1P1C/VA曲面/1000R/180Hz/含喇叭/HDR10/HDMI 2.1〉,6988,,熱賣
13,螢幕｜投影機｜壁掛,32吋(2560*1440)(16:9)〈亮暗點保固視廠商保固條款而定〉,552,｛ViewSonic VA3209-2K-MHD｝〈2H1P/IPS/含喇叭/HDR10〉,5988,,
13,螢幕｜投影機｜壁掛,32吋(2560*1440)(16:9)〈亮暗點保固視廠商保固條款而定〉,553,｛ViewSonic VX3276-2K-mhd-2｝〈2H2P/IPS/含喇叭/HDR10/無亮點〉金屬質感底座,6588,,
13,螢幕｜投影機｜壁掛,32吋(2560*1440)(16:9)〈亮暗點保固視廠商保固條款而定〉,554,｛ViewSonic VX3218C-2K｝〈1H1P/VA曲面/1500R/165Hz/含喇叭/HDR10/無亮點〉,5988,,
13,螢幕｜投影機｜壁掛,32吋(2560*1440)(16:9)〈亮暗點保固視廠商保固條款而定〉,555,｛三星 Odyssey G5 S32CG552EC｝〈1H1P/VA曲面/1000R/165Hz/HDR10〉,6990,,
13,螢幕｜投影機｜壁掛,32吋(2560*1440)(16:9)〈亮暗點保固視廠商保固條款而定〉,556,｛三星 Odyssey G5 S32FG502EC｝〈1H1P/IPS/180Hz/HDR10〉可升降旋轉,7490,,酷幣300
13,螢幕｜投影機｜壁掛,32吋(2560*1440)(16:9)〈亮暗點保固視廠商保固條款而定〉,557,｛技嘉 GS32QCA｝〈2H1P/VA曲面/1500R/180Hz〉,6777,,
13,螢幕｜投影機｜壁掛,32吋(2560*1440)(16:9)〈亮暗點保固視廠商保固條款而定〉,558,｛華碩 TUF Gaming VG32WQ3B｝〈2H1P/VA曲面/1500R/180Hz/含喇叭/HDR10〉,6121,,
13,螢幕｜投影機｜壁掛,32吋(2560*1440)(16:9)〈亮暗點保固視廠商保固條款而定〉,559,｛華碩 ROG Strix XG32WCS｝〈1H1P1C/VA曲面/1500R/180Hz/HDR400〉,6988,,
13,螢幕｜投影機｜壁掛,32吋(3840*2160)(4K 16:9)〈亮暗點保固視廠商保固條款而定〉,563,｛MSI MAG 321UPD E14｝〈2H1P/IPS/HDMI 2.1〉4K-144Hz/FHD-288Hz切換,9990,,
13,螢幕｜投影機｜壁掛,32吋(3840*2160)(4K 16:9)〈亮暗點保固視廠商保固條款而定〉,564,｛MSI MAG 321CUPDF｝〈2H1P1C/VA曲面/1500R/HDR400/HDMI 2.1〉4K-160Hz/FHD-320Hz切換,13900,,
13,螢幕｜投影機｜壁掛,32吋(3840*2160)(4K 16:9)〈亮暗點保固視廠商保固條款而定〉,565,｛MSI MAG 322URDF E16｝〈2H1P/IPS/HDR400/HDMI 2.1〉4K-160Hz/FHD-320Hz切換,13050,,
13,螢幕｜投影機｜壁掛,32吋(3840*2160)(4K 16:9)〈亮暗點保固視廠商保固條款而定〉,566,｛MSI MAG 322UP QD-OLED E16｝〈2H1P1C/OLED/165Hz/HDR400/HDMI 2.1〉,16999,,
13,螢幕｜投影機｜壁掛,32吋(3840*2160)(4K 16:9)〈亮暗點保固視廠商保固條款而定〉,567,｛MSI MPG 321URX QD-OLED｝〈2H1P1C/OLED/240Hz/HDR400/HDMI 2.1〉PD 90W,20888,,
13,螢幕｜投影機｜壁掛,32吋(3840*2160)(4K 16:9)〈亮暗點保固視廠商保固條款而定〉,568,｛MSI MPG 322URX QD-OLED｝〈2H1P1C/OLED/240Hz/HDR400/HDMI 2.1/DP 2.1〉,24888,,
13,螢幕｜投影機｜壁掛,32吋(3840*2160)(4K 16:9)〈亮暗點保固視廠商保固條款而定〉,569,｛MSI MPG 321CURX QD-OLED｝〈2H1P1C/OLED曲面/1700R/240Hz/HDR400/HDMI 2.1〉,29900,,
13,螢幕｜投影機｜壁掛,32吋(3840*2160)(4K 16:9)〈亮暗點保固視廠商保固條款而定〉,570,｛MSI MPG 322UR QD-OLED X24｝〈2H1P1C/OLED/240Hz/HDR500/HDMI 2.1/DP 2.1〉,29888,,
13,螢幕｜投影機｜壁掛,32吋(3840*2160)(4K 16:9)〈亮暗點保固視廠商保固條款而定〉,571,｛MSI MAG 321UP QD-OLED X24｝〈2H1P1C/OLED/240Hz/HDR500/HDMI 2.1〉,29900,,
13,螢幕｜投影機｜壁掛,32吋(3840*2160)(4K 16:9)〈亮暗點保固視廠商保固條款而定〉,572,｛AOC U32V11N｝〈2H1P/VA/HDR10〉,6799,,
13,螢幕｜投影機｜壁掛,32吋(3840*2160)(4K 16:9)〈亮暗點保固視廠商保固條款而定〉,573,｛AOC AGON AG326UZD｝〈2H1P/OLED/240Hz/HDR400/DP 2.1/含喇叭/可升降旋轉〉,22988,,
13,螢幕｜投影機｜壁掛,32吋(3840*2160)(4K 16:9)〈亮暗點保固視廠商保固條款而定〉,574,｛AOPEN amadana 32ACA1QK W｝〈1H1C/含喇叭/智慧螢幕/可以移動式支架〉,21900,,
13,螢幕｜投影機｜壁掛,32吋(3840*2160)(4K 16:9)〈亮暗點保固視廠商保固條款而定〉,575,｛Acer SA322QK｝〈2H1P/VA/含喇叭/HDR10〉,5999,,
13,螢幕｜投影機｜壁掛,32吋(3840*2160)(4K 16:9)〈亮暗點保固視廠商保固條款而定〉,576,｛Acer Nitro XV320QK V4｝〈2H1P/IPS/含喇叭/HDR10/HDMI 2.1〉4K-160Hz/FHD-320Hz切換,10999,,
13,螢幕｜投影機｜壁掛,32吋(3840*2160)(4K 16:9)〈亮暗點保固視廠商保固條款而定〉,577,｛Acer Predator X32 X2｝〈2H1P/OLED/240Hz/含喇叭/HDR400/HDMI 2.1/無亮點〉,18888,,
13,螢幕｜投影機｜壁掛,32吋(3840*2160)(4K 16:9)〈亮暗點保固視廠商保固條款而定〉,578,｛Acer ProCreator PE320QK P｝〈2H1P1C/OLED/165Hz/含喇叭/HDR400/專業色彩認證〉,22900,,
13,螢幕｜投影機｜壁掛,32吋(3840*2160)(4K 16:9)〈亮暗點保固視廠商保固條款而定〉,579,｛Acer ProCreator PE320QK X｝〈2H1P1C/OLED/240Hz/含喇叭/HDR400/專業色彩認證〉,29900,,
13,螢幕｜投影機｜壁掛,32吋(3840*2160)(4K 16:9)〈亮暗點保固視廠商保固條款而定〉,580,｛BenQ RD320U｝〈2H1P1C/IPS/含喇叭/HDR400〉智能光技術.Coding模式,19888,,
13,螢幕｜投影機｜壁掛,32吋(3840*2160)(4K 16:9)〈亮暗點保固視廠商保固條款而定〉,583,｛BenQ EW3290U｝〈3H1C/IPS/含喇叭/HDR400/白色〉光智慧.類瞳孔.可升降旋轉,14500,,
13,螢幕｜投影機｜壁掛,32吋(3840*2160)(4K 16:9)〈亮暗點保固視廠商保固條款而定〉,584,｛BenQ MA320U｝〈2H1C/IPS/含喇叭/HDR600〉可升降旋轉.即插即準的Mac顯色,18888,,
13,螢幕｜投影機｜壁掛,32吋(3840*2160)(4K 16:9)〈亮暗點保固視廠商保固條款而定〉,585,｛BenQ MA320UP｝〈2H1C/IPS/含喇叭/HDR600/鏡面〉可升降旋轉.即插即準的Mac顯色,18888,,
13,螢幕｜投影機｜壁掛,32吋(3840*2160)(4K 16:9)〈亮暗點保固視廠商保固條款而定〉,586,｛BenQ MA320UG｝〈2H1C/IPS/120Hz/含喇叭/HDR400/鏡面/Thunderbolt 4〉可升降旋轉,28499,,
13,螢幕｜投影機｜壁掛,32吋(3840*2160)(4K 16:9)〈亮暗點保固視廠商保固條款而定〉,587,｛BenQ PV3200U｝〈3H1C/IPS/含喇叭/HDR400〉可升降旋轉.ICCsync色彩模式調整,19888,,
13,螢幕｜投影機｜壁掛,32吋(3840*2160)(4K 16:9)〈亮暗點保固視廠商保固條款而定〉,588,｛BenQ PD3205U｝〈1H1P1C/IPS/含喇叭/HDR10〉可升降旋轉.ICCsync色彩模式調整,19700,,
13,螢幕｜投影機｜壁掛,32吋(3840*2160)(4K 16:9)〈亮暗點保固視廠商保固條款而定〉,589,｛BenQ PD3220U｝〈2H1P2C/IPS/含喇叭/HDR10〉可升降旋轉.高度Mac相容P3精準色彩,30888,,
13,螢幕｜投影機｜壁掛,32吋(3840*2160)(4K 16:9)〈亮暗點保固視廠商保固條款而定〉,590,｛BenQ MOBIUZ EX321UZ｝〈2H1P1C/OLED/240Hz/HDR500/DP 2.1〉,34888,,
13,螢幕｜投影機｜壁掛,32吋(3840*2160)(4K 16:9)〈亮暗點保固視廠商保固條款而定〉,591,｛DELL P3225QE｝〈1H1P1C/IPS/100Hz/無亮點/四年保〉RJ-45介面.可升降旋轉,19888,,
13,螢幕｜投影機｜壁掛,32吋(3840*2160)(4K 16:9)〈亮暗點保固視廠商保固條款而定〉,592,｛DELL U3225QE｝〈1H1P1C/IPS/120Hz/HDR600/HDMI 2.1/無亮點/四年保〉RJ-45介面.可升降旋轉,30888,,
13,螢幕｜投影機｜壁掛,32吋(3840*2160)(4K 16:9)〈亮暗點保固視廠商保固條款而定〉,593,｛LG UltraFine 32UN880K-B｝〈2H1P1C/IPS/含喇叭/HDR10〉Ergo人體工學支架 (C 型夾桌式),12900,,
13,螢幕｜投影機｜壁掛,32吋(3840*2160)(4K 16:9)〈亮暗點保固視廠商保固條款而定〉,594,｛LG UltraFine 32UQ85RV-W｝〈2H1P1C/IPS/含喇叭/HDR400〉內附可拆卸校色器,18490,,
13,螢幕｜投影機｜壁掛,32吋(3840*2160)(4K 16:9)〈亮暗點保固視廠商保固條款而定〉,595,｛LG 32U720SA-W｝〈2H1C/VA/含喇叭/HDR10/白色〉智慧螢幕.支援Airplay,11490,,
13,螢幕｜投影機｜壁掛,32吋(3840*2160)(4K 16:9)〈亮暗點保固視廠商保固條款而定〉,596,｛LG 32U731SA-W｝〈2H1C/IPS/含喇叭/HDR10/白色〉智慧螢幕.支援Airplay,11610,,
13,螢幕｜投影機｜壁掛,32吋(3840*2160)(4K 16:9)〈亮暗點保固視廠商保固條款而定〉,597,｛LG UltraGear 32G810SA-W｝〈2H1P1C/IPS/144Hz/含喇叭/HDR400/HDMI 2.1/白色〉智慧螢幕,16900,,
13,螢幕｜投影機｜壁掛,32吋(3840*2160)(4K 16:9)〈亮暗點保固視廠商保固條款而定〉,598,｛LG UltraGear 32GS95UV-W｝〈2H1P/OLED/含喇叭/HDR400/HDMI 2.1/白色/二年保〉4K-240Hz/FHD-480Hz單鍵切換,34900,,
13,螢幕｜投影機｜壁掛,32吋(3840*2160)(4K 16:9)〈亮暗點保固視廠商保固條款而定〉,599,｛ViewSonic VA3208-4K-MHD｝〈2H1P/VA/含喇叭/HDR10〉,9800,,
13,螢幕｜投影機｜壁掛,32吋(3840*2160)(4K 16:9)〈亮暗點保固視廠商保固條款而定〉,600,｛ViewSonic VG3208U-4K｝〈2H1P1C/VA/含喇叭/HDR10〉,10500,,
13,螢幕｜投影機｜壁掛,32吋(3840*2160)(4K 16:9)〈亮暗點保固視廠商保固條款而定〉,601,｛三星 Smart M7 S32FM702UC｝〈2H1C/VA/含喇叭/HDR10/〉智慧螢幕,9990,,
13,螢幕｜投影機｜壁掛,32吋(3840*2160)(4K 16:9)〈亮暗點保固視廠商保固條款而定〉,602,｛三星 Smart M7 S32FM702UC-FollowMe｝〈2H1C/VA/含喇叭/HDR10/〉移動式智慧聯網螢幕組,12990,,
13,螢幕｜投影機｜壁掛,32吋(3840*2160)(4K 16:9)〈亮暗點保固視廠商保固條款而定〉,603,｛三星 Smart M7 S32FM703UC｝〈2H1C/VA/含喇叭/HDR10/白色〉智慧螢幕,9990,,
13,螢幕｜投影機｜壁掛,32吋(3840*2160)(4K 16:9)〈亮暗點保固視廠商保固條款而定〉,604,｛三星 Smart M7 S32FM703UC-FollowMe｝〈2H1C/VA/含喇叭/HDR10/白色〉移動式智慧聯網螢幕組,12990,,
13,螢幕｜投影機｜壁掛,32吋(3840*2160)(4K 16:9)〈亮暗點保固視廠商保固條款而定〉,605,｛三星 Smart M8 S32FM803UC｝〈1H1C/VA/含喇叭/HDR10/白色〉AI智慧螢幕,12900,,
13,螢幕｜投影機｜壁掛,32吋(3840*2160)(4K 16:9)〈亮暗點保固視廠商保固條款而定〉,606,｛三星 Smart M9 S32FM902SC｝〈1H1P1C/OLED/165Hz/含喇叭/HDR400〉AI智慧螢幕 *客訂,39990,,
13,螢幕｜投影機｜壁掛,32吋(3840*2160)(4K 16:9)〈亮暗點保固視廠商保固條款而定〉,607,｛三星 ViewFinity S7 S32D707EAC｝〈1H1P/VA/HDR10/白色〉,8990,,
13,螢幕｜投影機｜壁掛,32吋(3840*2160)(4K 16:9)〈亮暗點保固視廠商保固條款而定〉,608,｛三星 ViewFinity S7 S32H704EAC｝〈1H1P/VA/HDR10〉,8990,,
13,螢幕｜投影機｜壁掛,32吋(3840*2160)(4K 16:9)〈亮暗點保固視廠商保固條款而定〉,609,｛三星 ViewFinity S8 S32D806UAC｝〈1H1P1C/VA/HDR10〉可升降旋轉,10490,,
13,螢幕｜投影機｜壁掛,32吋(3840*2160)(4K 16:9)〈亮暗點保固視廠商保固條款而定〉,610,｛三星 ViewFinity S8 S32H802UAC｝〈1H1P1C/VA/HDR10〉可升降旋轉,10990,,
13,螢幕｜投影機｜壁掛,32吋(3840*2160)(4K 16:9)〈亮暗點保固視廠商保固條款而定〉,611,｛三星 Odyssey G7 S32HG732SC｝〈1H1P/OLED/165Hz/HDR400〉4K-165Hz/FHD-330Hz切換,19990,,酷幣500
13,螢幕｜投影機｜壁掛,32吋(3840*2160)(4K 16:9)〈亮暗點保固視廠商保固條款而定〉,612,｛三星 Odyssey G8 S32FG812SC｝〈2H1P/OLED/240Hz/HDR400/HDMI 2.1〉可升降旋轉,24900,,熱賣 酷幣500
13,螢幕｜投影機｜壁掛,32吋(3840*2160)(4K 16:9)〈亮暗點保固視廠商保固條款而定〉,613,｛三星 Odyssey G8 S32HG802SC｝〈2H1P1C/OLED/240Hz/HDR500/DP 2.1〉可升降旋轉,27900,,
13,螢幕｜投影機｜壁掛,32吋(3840*2160)(4K 16:9)〈亮暗點保固視廠商保固條款而定〉,614,｛技嘉 MO32U2｝〈2H1P1C/OLED/240Hz/含喇叭/HDR400/HDMI 2.1〉,18888,,
13,螢幕｜投影機｜壁掛,32吋(3840*2160)(4K 16:9)〈亮暗點保固視廠商保固條款而定〉,615,｛技嘉 MO32U24｝〈2H1P1C/OLED/240Hz/含喇叭/HDR500/HDMI 2.1〉可升降旋轉,27900,,
13,螢幕｜投影機｜壁掛,32吋(3840*2160)(4K 16:9)〈亮暗點保固視廠商保固條款而定〉,616,｛技嘉 AORUS FO32U2｝〈2H1P1C/OLED/240Hz/含喇叭/HDR400/HDMI 2.1〉,26900,,
13,螢幕｜投影機｜壁掛,32吋(3840*2160)(4K 16:9)〈亮暗點保固視廠商保固條款而定〉,617,｛華碩 VP327Q｝〈2H1P/VA/含喇叭/HDR10〉,6888,,
13,螢幕｜投影機｜壁掛,32吋(3840*2160)(4K 16:9)〈亮暗點保固視廠商保固條款而定〉,618,｛華碩 ROG Strix XG32UCG｝〈1H1P1C/IPS/HDR400/HDMI 2.1〉4K-160Hz/FHD-320Hz一鍵切換,13800,,熱賣
13,螢幕｜投影機｜壁掛,32吋(3840*2160)(4K 16:9)〈亮暗點保固視廠商保固條款而定〉,619,｛華碩 ROG Strix XG32UCDS｝〈2H1P1C/OLED/165Hz/HDR400/HDMI 2.1〉,19888,,
13,螢幕｜投影機｜壁掛,32吋(3840*2160)(4K 16:9)〈亮暗點保固視廠商保固條款而定〉,620,｛華碩 ROG Strix XG32UCWG｝〈2H1P1C/OLED/HDR400/HDMI 2.1〉4K-165Hz/FHD-330Hz一鍵切換,19888,,
13,螢幕｜投影機｜壁掛,32吋(3840*2160)(4K 16:9)〈亮暗點保固視廠商保固條款而定〉,621,｛華碩 ROG Strix XG32UCWMG｝〈2H1P1C/OLED/HDR400/HDMI 2.1〉4K-240Hz/FHD-480Hz一鍵切換,22618,,
13,螢幕｜投影機｜壁掛,32吋(3840*2160)(4K 16:9)〈亮暗點保固視廠商保固條款而定〉,622,｛華碩 ROG Strix XG32UQDMS｝〈2H1P/OLED/240Hz/HDR400/HDMI 2.1〉,19888,,
13,螢幕｜投影機｜壁掛,32吋(3840*2160)(4K 16:9)〈亮暗點保固視廠商保固條款而定〉,623,｛華碩 ROG Strix XG32UQWMS｝〈2H1P/WOLED/240Hz/HDR500〉4K-240Hz/FHD-480Hz一鍵切換,29888,,
13,螢幕｜投影機｜壁掛,32吋(3840*2160)(4K 16:9)〈亮暗點保固視廠商保固條款而定〉,624,｛華碩 ROG Swift PG32UCWM｝〈2H1P1C/WOLED/240Hz/HDR400〉4K-240Hz/FHD-480Hz 雙模式,37888,,
13,螢幕｜投影機｜壁掛,32吋(3840*2160)(4K 16:9)〈亮暗點保固視廠商保固條款而定〉,625,｛華碩 ProArt PA329CRV｝〈2H2P1C/IPS/含喇叭/HDR400/無亮點〉可升降旋轉,14988,,
13,螢幕｜投影機｜壁掛,32吋(3840*2160)(4K 16:9)〈亮暗點保固視廠商保固條款而定〉,626,｛華碩 ProArt PA32USD｝〈2H1P1TB4/OLED/240Hz/HDR400/Thunderbolt 4〉可升降旋轉,86888,,
13,螢幕｜投影機｜壁掛,32吋(6016*3384)(6K 16:9)〈亮暗點保固視廠商保固條款而定〉,629,｛Acer ProCreator PE320QXT｝〈2H1P1C/IPS/含喇叭/HDR600/8M視訊鏡頭/10點觸控/專業色彩認證〉,25980,,
13,螢幕｜投影機｜壁掛,32吋(6016*3384)(6K 16:9)〈亮暗點保固視廠商保固條款而定〉,630,｛華碩 ProArt PA32QCV｝〈1H1P2C/IPS/含喇叭/HDR600/無亮點/HDMI 2.1〉可升降旋轉,29888,,
13,螢幕｜投影機｜壁掛,32吋(6016*3384)(6K 16:9)〈亮暗點保固視廠商保固條款而定〉,631,｛三星 Odyssey G8 S32HG806ES｝〈2H1P/IPS/HDR10〉6K-165Hz/3K-330Hz 雙模式,29900,,酷幣1000
13,螢幕｜投影機｜壁掛,34吋(2560*1080)(21:9)〈亮暗點保固視廠商保固條款而定〉,634,｛LG UltraWide 34U511A-B｝〈1H1P/IPS/100Hz/HDR400〉,6990,,
13,螢幕｜投影機｜壁掛,34吋(3440*1440)(21:9)〈亮暗點保固視廠商保固條款而定〉,639,｛MSI PRO MP341CQW｝〈2H1P/VA曲面/1500R/100Hz/含喇叭/白色〉,5790,,
13,螢幕｜投影機｜壁掛,34吋(3440*1440)(21:9)〈亮暗點保固視廠商保固條款而定〉,641,｛MSI PRO MP341CQW E12｝〈2H1P/VA曲面/1500R/120Hz/含喇叭/白色〉,5988,,熱賣
13,螢幕｜投影機｜壁掛,34吋(3440*1440)(21:9)〈亮暗點保固視廠商保固條款而定〉,642,｛MSI Modern MD342CQP｝〈2H1P1C/1ms/VA曲面/1500R/120Hz/含喇叭〉,7590,,
13,螢幕｜投影機｜壁掛,34吋(3440*1440)(21:9)〈亮暗點保固視廠商保固條款而定〉,643,｛MSI Modern MD342CQPW｝〈2H1P1C/1ms/VA曲面/1500R/120Hz/含喇叭/白色〉,7590,,
13,螢幕｜投影機｜壁掛,34吋(3440*1440)(21:9)〈亮暗點保固視廠商保固條款而定〉,644,｛MSI MAG 346CQ｝〈2H1P/VA曲面/1500R/180Hz〉,6990,,
13,螢幕｜投影機｜壁掛,34吋(3440*1440)(21:9)〈亮暗點保固視廠商保固條款而定〉,645,｛MSI MAG MAG 346CQDF E20｝〈2H1P/VA曲面/1500R〉2K-200Hz/HD-400Hz一鍵切換,7990,,
13,螢幕｜投影機｜壁掛,34吋(3440*1440)(21:9)〈亮暗點保固視廠商保固條款而定〉,646,｛MSI MAG 345CQRF E20｝〈2H1P/VA曲面/1000R/200Hz〉,8990,,
13,螢幕｜投影機｜壁掛,34吋(3440*1440)(21:9)〈亮暗點保固視廠商保固條款而定〉,647,｛MSI MPG 346CQRF X24｝〈2H1P1C/VA曲面/1500R/240Hz/HDMI2.1〉,9990,,
13,螢幕｜投影機｜壁掛,34吋(3440*1440)(21:9)〈亮暗點保固視廠商保固條款而定〉,648,｛MSI MAG 341CQP QD-OLED X28｝〈2H1P1C/OLED/280Hz/HDR500/HDMI 2.1〉,29900,,
13,螢幕｜投影機｜壁掛,34吋(3440*1440)(21:9)〈亮暗點保固視廠商保固條款而定〉,649,｛MSI MPG 341CQR QD-OLED X36｝〈2H1P1C/OLED曲面/1800R/360Hz/HDR500〉,34888,,
13,螢幕｜投影機｜壁掛,34吋(3440*1440)(21:9)〈亮暗點保固視廠商保固條款而定〉,650,｛Acer Nitro ED343CUR J0｝〈2H2P/VA曲面/1000R/120Hz/含喇叭/HDR10〉,5499,,
13,螢幕｜投影機｜壁掛,34吋(3440*1440)(21:9)〈亮暗點保固視廠商保固條款而定〉,651,｛Acer Nitro ED340CUR J0｝〈2H1P/VA曲面/1500R/120Hz/含喇叭/HDR10〉,5499,,
13,螢幕｜投影機｜壁掛,34吋(3440*1440)(21:9)〈亮暗點保固視廠商保固條款而定〉,652,｛Acer Nitro ED340CUR X0｝〈2H2P/VA曲面/1500R/200Hz/含喇叭/HDR10〉,6999,,
13,螢幕｜投影機｜壁掛,34吋(3440*1440)(21:9)〈亮暗點保固視廠商保固條款而定〉,653,｛Acer Nitro XV345CUR X0｝〈2H2P/VA曲面/1000R/200Hz/含喇叭/HDR10〉,7299,,
13,螢幕｜投影機｜壁掛,34吋(3440*1440)(21:9)〈亮暗點保固視廠商保固條款而定〉,654,｛Acer Nitro ED340CUR W0｝〈2H1P/VA曲面/1500R/240Hz/含喇叭/HDR10〉,8499,,
13,螢幕｜投影機｜壁掛,34吋(3440*1440)(21:9)〈亮暗點保固視廠商保固條款而定〉,655,｛Acer Nitro XZ340CUR W0｝〈2H1P/VA曲面/1500R/240Hz/含喇叭/HDR10〉可升降,8699,,
13,螢幕｜投影機｜壁掛,34吋(3440*1440)(21:9)〈亮暗點保固視廠商保固條款而定〉,656,｛AOC CU34G4｝〈2H1P/VA/曲面/1500R/180Hz/HDR10〉,6688,,
13,螢幕｜投影機｜壁掛,34吋(3440*1440)(21:9)〈亮暗點保固視廠商保固條款而定〉,657,｛AOC AGON PD34｝〈2H1P1C/OLED曲面/1800R/240Hz/含喇叭/HDR400/HDMI 2.1〉*客訂,31988,,熱賣
13,螢幕｜投影機｜壁掛,34吋(3440*1440)(21:9)〈亮暗點保固視廠商保固條款而定〉,658,｛DELL P3424WE｝〈1H1P1C/IPS曲面/3800R/無亮點/四年保〉RJ-45介面,26888,,
13,螢幕｜投影機｜壁掛,34吋(3440*1440)(21:9)〈亮暗點保固視廠商保固條款而定〉,659,｛LG UltraGear 34GX90SA-W｝〈2H1P1C/OLED曲面/800R/240Hz/含喇叭/HDR400/HDMI 2.1/白色/二年保〉智慧螢幕,29610,,
13,螢幕｜投影機｜壁掛,34吋(3440*1440)(21:9)〈亮暗點保固視廠商保固條款而定〉,660,｛技嘉 GS34WQCA｝〈2H1P/VA曲面/1500R/120Hz/HDR10〉,5990,,
13,螢幕｜投影機｜壁掛,34吋(3440*1440)(21:9)〈亮暗點保固視廠商保固條款而定〉,661,｛技嘉 G34WQC2｝〈2H2P/VA曲面/1500R/200Hz/HDR400/含喇叭〉可升降,7990,,
13,螢幕｜投影機｜壁掛,34吋(3440*1440)(21:9)〈亮暗點保固視廠商保固條款而定〉,662,｛ViewSonic VX3480-2K-PRO｝〈2H1P/VA/165Hz/HDR10/無亮點〉,9088,,
13,螢幕｜投影機｜壁掛,34吋(3440*1440)(21:9)〈亮暗點保固視廠商保固條款而定〉,663,｛三星 ViewFinity S6 S34C652UAC｝〈1H1P1C/VA曲面/1000R/100Hz/含喇叭/HDR10〉,13490,,
13,螢幕｜投影機｜壁掛,34吋(3440*1440)(21:9)〈亮暗點保固視廠商保固條款而定〉,664,｛三星 Odyssey G5 C34G55TWWC｝〈1H1P/VA曲面/1000R/165Hz/HDR10〉,9900,,
13,螢幕｜投影機｜壁掛,34吋(3440*1440)(21:9)〈亮暗點保固視廠商保固條款而定〉,665,｛三星 Odyssey G8 S34DG852SC｝〈2H1P/OLED/曲面/1800R/175Hz/含喇叭〉智慧螢幕,24900,,
13,螢幕｜投影機｜壁掛,34吋(3440*1440)(21:9)〈亮暗點保固視廠商保固條款而定〉,666,｛華碩 VU34WCIP-W｝〈1H1P1C/VA曲面/1500R/100Hz/含喇叭/HDR10/白色〉負離子產生器螢幕,6988,,
13,螢幕｜投影機｜壁掛,34吋(3440*1440)(21:9)〈亮暗點保固視廠商保固條款而定〉,667,｛華碩 TUF Gaming VG34WQML5A｝〈2H2P/VA曲面/1500R/250Hz/含喇叭/HDR400/HDMI 2.1〉可升降,9977,,
13,螢幕｜投影機｜壁掛,34吋(3440*1440)(21:9)〈亮暗點保固視廠商保固條款而定〉,668,｛華碩 TUF Gaming VG34WQ5A｝〈2H2P/VA曲面/含喇叭/HDR400〉WQHD-200Hz/HD-400Hz 雙模式,6988,,
13,螢幕｜投影機｜壁掛,34吋(3440*1440)(21:9)〈亮暗點保固視廠商保固條款而定〉,669,｛華碩 TUF Gaming VG34WQL5A｝〈2H2P/VA曲面/含喇叭/HDR400/可升降〉WQHD-200Hz/HD-400Hz 雙模式,8618,,
13,螢幕｜投影機｜壁掛,34吋(3440*1440)(21:9)〈亮暗點保固視廠商保固條款而定〉,670,｛華碩 ROG Strix XG34WCDMS｝〈2H1P1C/OLED曲面/1800R/280Hz/HDR500〉,26888,,
13,螢幕｜投影機｜壁掛,34吋(3440*1440)(21:9)〈亮暗點保固視廠商保固條款而定〉,671,｛華碩 ROG Strix XG34WCDMTG｝〈2H1P1C/OLED曲面/1800R/240Hz/HDR400〉智慧螢幕,29888,,
13,螢幕｜投影機｜壁掛,34吋(3440*1440)(21:9)〈亮暗點保固視廠商保固條款而定〉,672,｛華碩 ROG Swift PG34WCDN｝〈2H1P1C/OLED曲面/1800R/360Hz/HDR500/DP 2.1〉,34800,,
13,螢幕｜投影機｜壁掛,34吋(5120*2160)(21:9)〈亮暗點保固視廠商保固條款而定〉,675,｛Acer Nitro XZ340CKR P｝〈2H1P/VA曲面/1500R/180Hz/含喇叭/HDR10〉可升降,14900,,
13,螢幕｜投影機｜壁掛,37吋(3840*2160)(16:9)〈亮暗點保固視廠商保固條款而定〉,678,｛三星 ViewFinity S7 S37D702EAC｝〈1H1P/VA/HDR10〉,12900,,
13,螢幕｜投影機｜壁掛,37吋(3840*2160)(16:9)〈亮暗點保固視廠商保固條款而定〉,679,｛三星 ViewFinity S8 S37D802UAC｝〈1H1P1C/VA/HDR10〉可升降,14130,,
13,螢幕｜投影機｜壁掛,37吋(3840*2160)(16:9)〈亮暗點保固視廠商保固條款而定〉,680,｛三星 Odyssey G7 S37FG752EC｝〈2H1P/VA曲面/1000R/165Hz/HDR600〉,19900,,
13,螢幕｜投影機｜壁掛,40吋(5120*2160)(21:9)〈亮暗點保固視廠商保固條款而定〉,683,｛三星 ViewFinity S8 S40H850TAC｝〈1H1P/VA曲面/1000R/144Hz/含喇叭/Thunderbolt 5〉,27900,,
13,螢幕｜投影機｜壁掛,40吋(5120*2160)(21:9)〈亮暗點保固視廠商保固條款而定〉,684,｛三星 Odyssey G7 S40FG752EC｝〈2H1P/VA曲面/1000R/180Hz/HDR600〉,24900,,
13,螢幕｜投影機｜壁掛,43吋(3840*2160)(16:9)〈亮暗點保固視廠商保固條款而定〉,687,｛三星 Smart M7 S43FM702UC｝〈2H1C/VA/含喇叭/HDR10〉智慧螢幕,13990,,
13,螢幕｜投影機｜壁掛,43吋(3840*2160)(16:9)〈亮暗點保固視廠商保固條款而定〉,688,｛三星 Smart M7 S43FM703UC｝〈2H1C/VA/含喇叭/HDR10/白色〉智慧螢幕,13690,,
13,螢幕｜投影機｜壁掛,43吋(3840*2160)(16:9)〈亮暗點保固視廠商保固條款而定〉,689,｛三星 Smart M7 S43FM703UC-FollowMe Pro｝〈2H1C/VA/含喇叭/HDR10/白色〉移動式智慧聯網螢幕組,17600,,酷幣1000
13,螢幕｜投影機｜壁掛,45吋(5120x2160)(21:9)〈亮暗點保固視廠商保固條款而定〉,691,｛LG UltraGear 45GX950A-B｝〈2H1P1C/OLED曲面/800R/含喇叭/HDR400/5K-165Hz/WFHD-330Hz 雙模式,52900,,
13,螢幕｜投影機｜壁掛,49吋(3840*1080)(32:9)〈亮暗點保固視廠商保固條款而定〉,694,｛華碩 ROG Strix XG49VQ｝〈2H1P/VA曲面/1800R/144Hz/含喇叭/HDR400〉,19388,,
13,螢幕｜投影機｜壁掛,49吋(5120*1440)(32:9)〈亮暗點保固視廠商保固條款而定〉,697,｛MSI MPG 491CQP QD-OLED｝〈2H1P1C/OLED曲面/1800R/144Hz/HDR400/HDMI 2.1〉,32900,,
13,螢幕｜投影機｜壁掛,49吋(5120*1440)(32:9)〈亮暗點保固視廠商保固條款而定〉,698,｛MSI MPG 491CQPX QD-OLED｝〈2H1P1C/OLED曲面/1800R/240Hz/HDR400/HDMI 2.1〉,36700,,
13,螢幕｜投影機｜壁掛,49吋(5120*1440)(32:9)〈亮暗點保固視廠商保固條款而定〉,699,｛PHILIPS Evnia 49M2C8900L｝〈2H1P1C/OLED曲面/1800R/144Hz/含喇叭/HDR400〉*客訂,33888,,
13,螢幕｜投影機｜壁掛,49吋(5120*1440)(32:9)〈亮暗點保固視廠商保固條款而定〉,700,｛ACER EI491CUR X ｝〈1H2P1C/VA曲面/1800R/240Hz/含喇叭/HDR400〉,20900,,
13,螢幕｜投影機｜壁掛,49吋(5120*1440)(32:9)〈亮暗點保固視廠商保固條款而定〉,701,｛AOC AGON PD49｝〈2H1P1C/OLED曲面/1800R/240Hz/含喇叭/HDR400/HDMI 2.1〉*客訂,46888,,熱賣
13,螢幕｜投影機｜壁掛,49吋(5120*1440)(32:9)〈亮暗點保固視廠商保固條款而定〉,702,｛三星 Odyssey G9 S49FG916EC｝〈2H1P/VA曲面/1000R/144Hz/HDR600/HDMI 2.1〉,22900,,
13,螢幕｜投影機｜壁掛,49吋(5120*1440)(32:9)〈亮暗點保固視廠商保固條款而定〉,703,｛三星 Odyssey G9 S49DG932SC｝〈2H1P/OLED曲面/1800R/240Hz/HDR10/HDMI 2.1〉,36900,,
13,螢幕｜投影機｜壁掛,49吋(5120*1440)(32:9)〈亮暗點保固視廠商保固條款而定〉,704,｛三星 Odyssey G9 S49DG952SC｝〈2H1P/OLED曲面/1800R/240Hz/含喇叭/HDR10/HDMI 2.1〉智慧螢幕,39900,,
13,螢幕｜投影機｜壁掛,57吋(7680*2160)〈亮暗點保固視廠商保固條款而定〉,707,｛三星 Odyssey G9 S57CG952NC｝〈3H1P/VA曲面/1000R/240Hz/HDR1000/HDMI 2.1/白色〉Mini LED *客訂,67104,,
13,螢幕｜投影機｜壁掛,觸控式螢幕、可攜式螢幕、遊戲TV,711,｛BenQ J55-770 55型 Mini LED量子點遊戲Google TV｝〈微距控光&光動態演算技術〉,22900,,
13,螢幕｜投影機｜壁掛,觸控式螢幕、可攜式螢幕、遊戲TV,712,｛BenQ J65-770 65型 Mini LED量子點遊戲Google TV｝〈微距控光&光動態演算技術〉,32900,,
13,螢幕｜投影機｜壁掛,觸控式螢幕、可攜式螢幕、遊戲TV,713,｛BenQ J75-770 75型 Mini LED量子點遊戲Google TV｝〈微距控光&光動態演算技術〉,44900,,
13,螢幕｜投影機｜壁掛,觸控式螢幕、可攜式螢幕、遊戲TV,714,｛BenQ S65-960 65型 Mini LED量子點遊戲Google TV｝〈重低音+天空聲道〉,44900,,
13,螢幕｜投影機｜壁掛,觸控式螢幕、可攜式螢幕、遊戲TV,715,｛BenQ S85-960 85型 Mini LED量子點遊戲Google TV｝〈重低音+天空聲道〉,74900,,
13,螢幕｜投影機｜壁掛,觸控式螢幕、可攜式螢幕、遊戲TV,716,｛MSI PRO MP165 E6｝〈15.6吋/1H2C/IPS/含喇叭〉,2588,,
13,螢幕｜投影機｜壁掛,觸控式螢幕、可攜式螢幕、遊戲TV,717,｛MSI PRO MP161E6T｝〈15.6吋/1H2C/IPS/含喇叭〉10點觸控,3588,,
13,螢幕｜投影機｜壁掛,觸控式螢幕、可攜式螢幕、遊戲TV,718,｛Acer PM141W｝〈14吋/1H2C/IPS//含喇叭/HDR10〉,2388,,
13,螢幕｜投影機｜壁掛,觸控式螢幕、可攜式螢幕、遊戲TV,719,｛Acer PD143｝〈14吋/1H3C/IPS//含喇叭/雙摺疊螢幕〉,6999,,
13,螢幕｜投影機｜壁掛,觸控式螢幕、可攜式螢幕、遊戲TV,720,｛Acer PM161W｝〈16吋/1H2C/IPS//含喇叭/HDR10〉,2588,,
13,螢幕｜投影機｜壁掛,觸控式螢幕、可攜式螢幕、遊戲TV,721,｛Acer PM161Q J｝〈15.6吋/1H2C/IPS/含喇叭/金色〉,2477,,
13,螢幕｜投影機｜壁掛,觸控式螢幕、可攜式螢幕、遊戲TV,722,｛Acer PG161Q P｝〈15.6吋/1H2C/IPS/165Hz/含喇叭/藍色〉,3388,,
13,螢幕｜投影機｜壁掛,觸控式螢幕、可攜式螢幕、遊戲TV,723,｛Acer PG161W P1｝〈16吋/1H2C/IPS/144Hz/含喇叭/HDR10〉,3388,,
13,螢幕｜投影機｜壁掛,觸控式螢幕、可攜式螢幕、遊戲TV,724,｛Acer PD243Y E｝〈23.8吋/1H2C/IPS/100Hz/含喇叭〉可攜式雙螢幕,8999,,
13,螢幕｜投影機｜壁掛,觸控式螢幕、可攜式螢幕、遊戲TV,725,｛AOC 16T20｝〈15.6吋/1H2C/IPS/含喇叭〉,2388,,
13,螢幕｜投影機｜壁掛,觸控式螢幕、可攜式螢幕、遊戲TV,726,｛AOPEN 16PM1Q J｝〈15.6吋/1H2C/IPS/含喇叭〉【優惠洽門市】,2288,,
13,螢幕｜投影機｜壁掛,觸控式螢幕、可攜式螢幕、遊戲TV,728,｛AOPEN 16PM1QT｝〈15.6吋/1H2C/IPS//含喇叭/HDR10〉10點觸控 (不支援APPLE),3288,,
13,螢幕｜投影機｜壁掛,觸控式螢幕、可攜式螢幕、遊戲TV,729,｛AOPEN 16PD3Q｝〈15.6吋/1H2C/IPS/含喇叭〉可攜式雙螢幕,6999,,
13,螢幕｜投影機｜壁掛,觸控式螢幕、可攜式螢幕、遊戲TV,730,｛AOPEN 24UT2Y G｝〈23.8吋/1H1P/IPS//含喇叭〉10點觸控,7280,,
13,螢幕｜投影機｜壁掛,觸控式螢幕、可攜式螢幕、遊戲TV,731,｛MNN HSP156P4(LT)｝〈15.6吋/1H2C/IPS/含喇叭〉,1999,,
13,螢幕｜投影機｜壁掛,觸控式螢幕、可攜式螢幕、遊戲TV,732,｛LG gram+view 16MR70｝〈16吋/2C/IPS〉抗反光面板,9700,,
13,螢幕｜投影機｜壁掛,觸控式螢幕、可攜式螢幕、遊戲TV,733,｛ViewSonic VA1655-3｝〈15.6吋/1H2C/IPS/含喇叭〉,3088,,
13,螢幕｜投影機｜壁掛,觸控式螢幕、可攜式螢幕、遊戲TV,734,｛ViewSonic VA1650｝〈15.6吋/1H2C/IPS/含喇叭〉,2777,,
13,螢幕｜投影機｜壁掛,觸控式螢幕、可攜式螢幕、遊戲TV,735,｛ViewSonic VG1655｝〈15.6吋/1H1C/IPS/含喇叭/無亮點/五年保〉,5688,,
13,螢幕｜投影機｜壁掛,觸控式螢幕、可攜式螢幕、遊戲TV,736,｛ViewSonic VX1654｝〈15.6吋/1H2C/IPS/144Hz/含喇叭〉,5280,,
13,螢幕｜投影機｜壁掛,觸控式螢幕、可攜式螢幕、遊戲TV,737,｛華碩 ZenScreen MB14AC｝〈14吋/1C/IPS〉,5388,,
13,螢幕｜投影機｜壁掛,觸控式螢幕、可攜式螢幕、遊戲TV,738,｛華碩 ZenScreen MB169CK｝〈15.6吋/1H2C/IPS〉360度支架,2888,,
13,螢幕｜投影機｜壁掛,觸控式螢幕、可攜式螢幕、遊戲TV,739,｛華碩 ZenScreen MB16AHVE｝〈15.6吋/1H2C/IPS〉,3988,,
13,螢幕｜投影機｜壁掛,觸控式螢幕、可攜式螢幕、遊戲TV,740,｛華碩 ZenScreen MB16AHV｝〈15.6吋/1H2C/IPS〉可折疊支架,5988,,
13,螢幕｜投影機｜壁掛,觸控式螢幕、可攜式螢幕、遊戲TV,741,｛華碩 ZenScreen MB16AHG｝〈15.6吋/1H2C/IPS/144Hz〉可折疊支架,6618,,
13,螢幕｜投影機｜壁掛,觸控式螢幕、可攜式螢幕、遊戲TV,742,｛華碩 ZenScreen MB16AMTR｝〈15.6吋/1H1C/IPS/含喇叭〉10點觸控.可折疊支架,8488,,
13,螢幕｜投影機｜壁掛,觸控式螢幕、可攜式螢幕、遊戲TV,743,｛華碩 ZenScreen MB16FC｝〈16吋/1H2C/IPS〉可折疊支架,4590,,
13,螢幕｜投影機｜壁掛,觸控式螢幕、可攜式螢幕、遊戲TV,744,｛華碩 ZenScreen MB16NCG｝〈16吋/1H2C/IPS/155Hz/〉可折疊支架,7286,,
13,螢幕｜投影機｜壁掛,觸控式螢幕、可攜式螢幕、遊戲TV,745,｛華碩 ZenScreen MB16QHG｝〈16吋/1H2C/IPS/120Hz/HDR400〉L形支架,10573,,
13,螢幕｜投影機｜壁掛,觸控式螢幕、可攜式螢幕、遊戲TV,746,｛華碩 ZenScreen MB14FCD｝〈14吋/1H2C/IPS/360度摺疊設計〉可攜式雙螢幕,9688,,
13,螢幕｜投影機｜壁掛,觸控式螢幕、可攜式螢幕、遊戲TV,747,｛華碩 ZenScreen MB17AHG｝〈17.3吋/1H2C/IPS/144Hz〉L形支架,9592,,
13,螢幕｜投影機｜壁掛,觸控式螢幕、可攜式螢幕、遊戲TV,748,｛華碩 ZenScreen MB249C｝〈23.8吋/1H1C/IPS/含喇叭〉支援三種支架模組,9900,,
13,螢幕｜投影機｜壁掛,觸控式螢幕、可攜式螢幕、遊戲TV,749,｛華碩 ZenScreen OLED MQ16FC｝〈16吋/1H2C/OLED〉三腳支架,8990,,
13,螢幕｜投影機｜壁掛,觸控式螢幕、可攜式螢幕、遊戲TV,750,｛華碩 ROG Strix XG129C｝〈12.3吋/2C/IPS/75Hz/24:9長寬比/10 點觸控〉可調式支架,6790,,
13,螢幕｜投影機｜壁掛,觸控式螢幕、可攜式螢幕、遊戲TV,751,｛華碩 ROG Strix XG17AHP｝〈17.3吋/1H2C/IPS/240Hz/含喇叭〉可折疊ROG三腳架,15888,,
13,螢幕｜投影機｜壁掛,ACER 宏碁投影機,754,｛ACER PL3510ATV｝雷射LED/1080P/5000 ANSI Im/家庭劇院投影機,34500,,
13,螢幕｜投影機｜壁掛,ACER 宏碁投影機,755,｛ACER H6815BD｝4K/4000 ANSI lm/家庭劇院投影機,21999,,
13,螢幕｜投影機｜壁掛,BenQ 投影機,757,｛BenQ GV50｝雷射/1080P/500 ANSI 智慧微型投影機 *送專用收納包,20900,,
13,螢幕｜投影機｜壁掛,BenQ 投影機,759,｛BenQ MX560C｝XGA/4000流明/會議投影機,14500,,
13,螢幕｜投影機｜壁掛,BenQ 投影機,760,｛BenQ MH560｝1080P/3800流明/商用投影機,19900,,
13,螢幕｜投影機｜壁掛,BenQ 投影機,762,｛BenQ X500i｝4K/HDR/4LED/2200 ANSI 短焦輕遊戲投影機,44900,,
13,螢幕｜投影機｜壁掛,BenQ 投影機,764,｛BenQ TK710｝4K/3200 ANSI 雷射遊戲投影機,49500,,
13,螢幕｜投影機｜壁掛,BenQ 投影機,765,｛BenQ TK705I｝4K/3000 ANSI 智慧調光投影機 *隨貨附專用收納包,40900,,
13,螢幕｜投影機｜壁掛,BenQ 投影機,767,｛BenQ TK705STI｝4K/3000 ANSI 短焦智慧調光投影機 *隨貨附專用收納包▼下殺到 9/30 23:59,41900,43900,價格異動 下殺
13,螢幕｜投影機｜壁掛,BenQ 無線投影設備,771,｛BenQ InstaShow WDC15｝ 4K 無線簡報系統,24900,,
13,螢幕｜投影機｜壁掛,BenQ 無線投影設備,772,｛BenQ InstaShow WDC25｝ 4K 無線多人簡報系統,45900,,
13,螢幕｜投影機｜壁掛,BenQ 無線投影設備,773,｛BenQ InstaShow VS25｝ 4K 無線多人會議系統,64900,,
13,螢幕｜投影機｜壁掛,螢幕掛燈,775,BenQ ScreenBar〈非對稱光型/環境光感應器/一鍵自動調光〉,2990,,
13,螢幕｜投影機｜壁掛,螢幕掛燈,776,BenQ ScreenBar Pro〈非對稱光型/入席偵測自動開關燈/AA級均勻照明/黑色〉,4290,,
13,螢幕｜投影機｜壁掛,螢幕掛燈,777,BenQ ScreenBar Pro〈非對稱光型/入席偵測自動開關燈/AA級均勻照明/銀色〉,4290,,
13,螢幕｜投影機｜壁掛,螢幕掛燈,778,BenQ ScreenBar Halo 2〈非對稱光型/入席偵測自動開關燈/三區控光/無線控制旋鈕〉,5290,,
13,螢幕｜投影機｜壁掛,螢幕掛燈,779,｛PHILIPS PAS351｝〈舒視光/手勢感應開關燈/AA級均勻照明/55cm超廣燈體〉,2650,,
13,螢幕｜投影機｜壁掛,螢幕掛燈,780,｛華碩 ROG Aura ALB01｝〈非對稱照明/專利夾具和磁性扣設計/Aura Sync同步技術〉,4588,,
13,螢幕｜投影機｜壁掛,投影機支撐架,782,｛Raymii LMC-6-A｝落地式 可升降投影機支架 最大承重6KG,1290,,
13,螢幕｜投影機｜壁掛,投影機支撐架,783,｛Raymii LMC-6-B｝落地式 可升降投影機支架 最大承重6KG,1290,,
13,螢幕｜投影機｜壁掛,桌上型筆電支架/增高架,785,｛銀欣 MR03｝螢幕增高架(可拆式手機架、耳機架、收納托盤/承重 20 公斤/黑色),699,,
13,螢幕｜投影機｜壁掛,桌上型筆電支架/增高架,786,｛銀欣 MR03｝螢幕增高架(可拆式手機架、耳機架、收納托盤/承重 20 公斤/白色),699,,
13,螢幕｜投影機｜壁掛,桌上型筆電支架/增高架,787,｛Raymii R17｝六段式隨身折疊鋁合金筆電架/通用於17吋以下筆電/折疊式設計/黑色,449,,
13,螢幕｜投影機｜壁掛,桌上型筆電支架/增高架,788,｛Raymii R17｝六段式隨身折疊鋁合金筆電架/通用於17吋以下筆電/折疊式設計/銀色,449,,
13,螢幕｜投影機｜壁掛,桌上型筆電支架/增高架,789,｛Raymii R64｝六段式 鋁合金筆電折疊增高支架/適用15.6吋以下筆電、平板/銀色,599,,
13,螢幕｜投影機｜壁掛,桌上型筆電支架/增高架,790,｛Raymii R64｝六段式 鋁合金筆電折疊增高支架/適用15.6吋以下筆電、平板/灰色,599,,
13,螢幕｜投影機｜壁掛,周邊支架,792,｛Raymii LGR-8｝夾桌式旋轉洞洞板 (收納架/耳機＆遊戲手把掛架/杯架)【紅黑色】,699,,
13,螢幕｜投影機｜壁掛,周邊支架,793,｛Raymii LGR-8｝夾桌式旋轉洞洞板 (收納架/耳機＆遊戲手把掛架/杯架)【全黑色】,699,,
13,螢幕｜投影機｜壁掛,周邊支架,794,｛Raymii OA1｝鋁合金電腦桌手臂支撐架 / 六段可調整 / 專業人體工學設計,849,,
13,螢幕｜投影機｜壁掛,螢幕支撐架 (單螢幕專區),801,｛BenQ ERGO ARM BSL01 黑色｝單螢幕/穿夾兩用/承載11KG/三年保,2490,,
13,螢幕｜投影機｜壁掛,螢幕支撐架 (單螢幕專區),802,｛BenQ ERGO ARM BSH01 黑色｝單螢幕/穿夾兩用/內附底座加固板/承載20KG/三年保▼下殺到 9/30 23:59,3090,3490,價格異動 下殺
13,螢幕｜投影機｜壁掛,螢幕支撐架 (單螢幕專區),803,｛BenQ ERGO ARM BSH02 白色｝單螢幕/穿夾兩用/內附底座加固板/承載20KG/三年保▼下殺到 9/30 23:59,3090,3490,價格異動 下殺
13,螢幕｜投影機｜壁掛,螢幕支撐架 (單螢幕專區),804,｛華碩 ROG Ergo Monitor Arm AAS01｝單螢幕/夾桌/機械彈簧/承載11.5KG/支援最大39吋,5888,,
13,螢幕｜投影機｜壁掛,螢幕支撐架 (單螢幕專區),805,微星｛MPG MT201RG｝單螢幕/穿夾兩用/氣壓彈簧/RGB/承載20KG/支援最大49吋,4590,,
13,螢幕｜投影機｜壁掛,螢幕支撐架 (單螢幕專區),807,｛威世波 WST-MNT001｝電競Style 鋁合金支架 夾桌式/承載9.5KG/17-35吋【暗夜黑】,3280,,酷幣800
13,螢幕｜投影機｜壁掛,螢幕支撐架 (單螢幕專區),808,｛威世波 WST-MNT002｝電競Style 鋁合金支架 夾桌式/承載9.5KG/17-35吋【冰川銀】,3280,,酷幣800
13,螢幕｜投影機｜壁掛,螢幕支撐架 (單螢幕專區),809,｛威世波 WST-MNT003｝電競Style 鋁合金支架 夾桌式/承載9.5KG/17-35吋【冰雪白】,3280,,酷幣800
13,螢幕｜投影機｜壁掛,螢幕支撐架 (單螢幕專區),810,｛Raymii LS-73-A-W｝鋁合金螢幕壁掛支架 (單螢幕/壁掛式/13-42吋/承載15KG),719,,
13,螢幕｜投影機｜壁掛,螢幕支撐架 (單螢幕專區),811,｛Raymii MH2｝單螢幕/屏風懸掛式/關節式 承載8KG/13-34吋/適合辦公室螢幕支架,949,,
13,螢幕｜投影機｜壁掛,螢幕支撐架 (單螢幕專區),812,｛Raymii MH1｝單螢幕/桌上型/關節式 承載8KG/15-32吋/360度環繞旋轉，方便橫看，豎看,995,,
13,螢幕｜投影機｜壁掛,螢幕支撐架 (單螢幕專區),813,｛Raymii LS10｝單螢幕/穿夾兩用/氣壓式/黑色 承載9KG / 17-32吋,999,,熱賣
13,螢幕｜投影機｜壁掛,螢幕支撐架 (單螢幕專區),814,｛Raymii LS10｝單螢幕/穿夾兩用/氣壓式/白色 承載9KG / 17-32吋,999,,熱賣
13,螢幕｜投影機｜壁掛,螢幕支撐架 (單螢幕專區),815,｛ Raymii LS10｝顏色可混 兩隻活動,1800,,
13,螢幕｜投影機｜壁掛,螢幕支撐架 (單螢幕專區),816,｛Raymii KORE LS-137-U1｝單螢幕/穿夾兩用/彈簧式/17-40吋/承載12KG/usb3.0/ TYPE C/黑,1349,,熱賣
13,螢幕｜投影機｜壁掛,螢幕支撐架 (單螢幕專區),817,｛Raymii KORE LS-137-U1｝單螢幕/穿夾兩用/彈簧式/17-40吋/承載12KG/usb3.0/ TYPE C/白,1349,,熱賣
13,螢幕｜投影機｜壁掛,螢幕支撐架 (單螢幕專區),818,｛Raymii VS5｝單螢幕/穿夾兩用/關節式/中柱設計高低好調整 承載8KG/15-32吋/黑色,1349,,
13,螢幕｜投影機｜壁掛,螢幕支撐架 (單螢幕專區),819,｛Raymii VS1｝單螢幕/鎖牆面/氣壓式/雙延伸臂 承載8KG/15-32吋,1599,,
13,螢幕｜投影機｜壁掛,螢幕支撐架 (單螢幕專區),820,｛Raymii VS59｝單螢幕/穿夾兩用/氣壓式 承載12KG/13-36吋/鋁合金支架/黑色,1599,,
13,螢幕｜投影機｜壁掛,螢幕支撐架 (單螢幕專區),821,｛Raymii VS59｝單螢幕/穿夾兩用/氣壓式 承載12KG/13-36吋/鋁合金支架/白色,1599,,
13,螢幕｜投影機｜壁掛,螢幕支撐架 (單螢幕專區),822,｛Raymii L-U9-1M｝單螢幕/穿夾兩用/機械彈簧 承載10KG/17-32吋/USB3.0/TYPE C,2000,,酷幣800
13,螢幕｜投影機｜壁掛,螢幕支撐架 (單螢幕專區),823,｛Raymii LSU4｝單螢幕/穿夾兩用/機械彈簧 承載9KG/15-32吋/USB3.0/銀色,1199,,
13,螢幕｜投影機｜壁掛,螢幕支撐架 (單螢幕專區),824,｛Raymii LSU4｝單螢幕/穿夾兩用/機械彈簧 承載9KG/15-32吋/USB3.0/灰色,1199,,
13,螢幕｜投影機｜壁掛,螢幕支撐架 (單螢幕專區),825,｛Raymii HALO-1M1 白色｝單螢幕/穿夾兩用/氣壓式 承載20KG/15-42吋/ USB3.0*2 限網單,1999,,
13,螢幕｜投影機｜壁掛,螢幕支撐架 (單螢幕專區),826,｛Raymii LS-67-M1｝單螢幕/穿夾兩用/機械彈簧) 承載11KG/17-35吋/USB3.0*1/TYPE-C/白色,2299,,酷幣1000
13,螢幕｜投影機｜壁掛,螢幕支撐架 (單螢幕專區),827,｛Raymii LS5U｝單螢幕/穿夾兩用/高負重氣壓/USB3.0*2/17-43吋/承載18KG/黑色,1499,,
13,螢幕｜投影機｜壁掛,螢幕支撐架 (單螢幕專區),828,｛Raymii LS-96-M1｝白色 單螢幕/穿夾兩用/氣壓式/承載20KG/17-49吋/USB3.0＆TYPE C,2499,,
13,螢幕｜投影機｜壁掛,螢幕支撐架 (單螢幕專區),829,｛Raymii HALO-MAX2-1M｝白色 單螢幕/穿夾兩用/氣壓式承載27KG/15-57吋/USB3.0*2),2799,,酷幣500
13,螢幕｜投影機｜壁掛,螢幕支撐架 (單螢幕專區),830,｛Raymii HALO-MAX2-1M｝黑色 單螢幕/穿夾兩用/氣壓式承載27KG/15-57吋/USB3.0*2,2799,,酷幣500
13,螢幕｜投影機｜壁掛,螢幕支撐架 (單螢幕專區),831,｛Raymii LS8-PRO｝單螢幕/穿夾兩用/氣壓式)承載15KG/17-35吋/PD快充/TYPE-C/USB-A,2890,,熱賣
13,螢幕｜投影機｜壁掛,螢幕支撐架 (單螢幕專區),832,｛Raymii LS-140-M1 RGB｝黑色 單螢幕/氣壓式 承載12KG/17-35吋/可與主板同步燈效,2399,,
13,螢幕｜投影機｜壁掛,螢幕支撐架 (單螢幕專區),833,｛Raymii VADER LS61-M1｝RGB 黑色 單螢幕/穿夾兩用/氣壓式 承載20KG/17-49吋,2650,,
13,螢幕｜投影機｜壁掛,螢幕支撐架 (單螢幕專區),834,｛Raymii VADER LS61-M1｝RGB 白色 單螢幕/穿夾兩用/氣壓式 承載20KG/17-49吋,2650,,
13,螢幕｜投影機｜壁掛,螢幕支撐架 (單螢幕專區),835,｛Raymii LS-116-M1｝黑灰色 單螢幕/穿夾兩用/氣壓式/承載30KG/24-57吋 高承重電競款,2999,,
13,螢幕｜投影機｜壁掛,螢幕支撐架 (單螢幕專區),836,｛Raymii LS-116-M1｝白蘭色 單螢幕/穿夾兩用/氣壓式/承載30KG/24-57吋 高承重電競款,2999,,
13,螢幕｜投影機｜壁掛,螢幕支撐架 (單螢幕專區),837,｛Raymii VS30-NB｝單螢幕+筆電托盤/穿夾兩用/氣壓式 每隻承載8KG/15-32吋/筆電19吋,3090,,
13,螢幕｜投影機｜壁掛,螢幕支撐架 (單螢幕專區),838,｛銀欣 SST-ARM13｝單螢幕/機械彈簧設計/穿夾兩用/最大支援32吋 or 9公斤,1990,,酷幣1000
13,螢幕｜投影機｜壁掛,螢幕支撐架 (單螢幕專區),839,｛銀欣 SST-ARM14 白色｝單螢幕/氣壓彈簧設計/穿夾兩用/最大支援49吋 or 20KG,2990,,酷幣1200
13,螢幕｜投影機｜壁掛,螢幕支撐架 (單螢幕專區),840,｛銀欣 SST-ARM14B 黑色｝單螢幕/氣壓彈簧設計/穿夾兩用/最大支援49吋 or 20KG,2990,,酷幣1200
13,螢幕｜投影機｜壁掛,螢幕支撐架 (單螢幕專區),841,｛銀欣 SST-ARM15 黑色｝單螢幕 / 氣壓彈簧設計 / 穿夾兩用 / 最大支援57吋 or 27KG,2699,,
13,螢幕｜投影機｜壁掛,螢幕支撐架 (單螢幕專區),842,｛irocks MS01 銀色｝ (單螢幕/夾桌式/中柱設計高低好調整/承載9KG/17-32吋 ) 客訂,3790,,
13,螢幕｜投影機｜壁掛,螢幕支撐架 (雙螢幕專區),844,微星｛MPG MT201DRG｝雙螢幕/穿夾兩用/氣壓彈簧/RGB/承載20KG/支援最大49吋,7990,,
13,螢幕｜投影機｜壁掛,螢幕支撐架 (雙螢幕專區),845,｛Raymii KORE LS-137-U2｝雙螢幕/穿夾兩用/彈簧式/17-35吋/承載12KG/usb3.0/ TYPE C,2249,,熱賣
13,螢幕｜投影機｜壁掛,螢幕支撐架 (雙螢幕專區),846,｛Raymii VS31｝雙螢幕/穿夾兩用/氣壓式 每隻承載8KG/15-32吋,2299,,
13,螢幕｜投影機｜壁掛,螢幕支撐架 (雙螢幕專區),847,｛Raymii LS57-2M｝雙螢幕/鋁合金懸臂/中柱設計高低好調整/17-32吋/承載8KG/銀色,1599,,
13,螢幕｜投影機｜壁掛,螢幕支撐架 (雙螢幕專區),848,｛Raymii VS60｝黑色 雙螢幕/穿夾兩用/氣壓式 單隻承載9KG/13-32吋/鋁合金支架,3700,,熱賣 酷幣300
13,螢幕｜投影機｜壁掛,螢幕支撐架 (雙螢幕專區),849,｛Raymii VS60｝白色 雙螢幕/穿夾兩用/氣壓式 單隻承載9KG/13-32吋/鋁合金支架,3700,,酷幣300
13,螢幕｜投影機｜壁掛,螢幕支撐架 (雙螢幕專區),850,｛Raymii HALO-1M2-PRO｝黑 雙螢幕/穿夾兩用/氣壓式 承載20KG/15-42吋/USB3.0*2,4190,,
13,螢幕｜投影機｜壁掛,螢幕支撐架 (雙螢幕專區),851,｛Raymii HALO-1M2-PRO｝白 雙螢幕/穿夾兩用/氣壓式 承載20KG/15-42吋/USB3.0*2,4190,,
13,螢幕｜投影機｜壁掛,螢幕支撐架 (雙螢幕專區),852,｛Raymii LS-140-M2 RGB｝黑 雙螢幕/氣壓式 承載12KG/17-35吋/可與主板同步燈效,3899,,
13,螢幕｜投影機｜壁掛,螢幕支撐架 (雙螢幕專區),853,｛Raymii VADER LS61-M2 RGB｝黑色 雙螢幕/穿夾兩用/氣壓式 承載20KG/17-35吋,5000,,酷幣300
13,螢幕｜投影機｜壁掛,螢幕支撐架 (雙螢幕專區),854,｛Raymii VADER LS61-M2 RGB｝白色 雙螢幕/穿夾兩用/氣壓式 承載20KG/17-35吋,5000,,酷幣300
13,螢幕｜投影機｜壁掛,螢幕支撐架 (雙螢幕專區),855,｛Raymii LS-116-M2｝黑灰色 雙螢幕/中柱設計高低好調整/氣壓式/承載27KG/24-57吋,5299,,
13,螢幕｜投影機｜壁掛,螢幕支撐架 (雙螢幕專區),856,｛Raymii LS-116-M2｝白藍色 雙螢幕/中柱設計高低好調整/氣壓式/承載27KG/24-57吋,5299,,
13,螢幕｜投影機｜壁掛,螢幕支撐架 (雙螢幕專區),857,｛銀欣 SST-ARM25｝雙螢幕/機械彈簧設計/穿夾兩用/最大支援32吋 or 9KG,3290,,酷幣300
13,螢幕｜投影機｜壁掛,螢幕支撐架 (雙螢幕專區),858,｛銀欣 SST-ARM22SC｝雙螢幕桌上型懸掛架/可調扭力式懸臂/銀/台製,4190,,
13,螢幕｜投影機｜壁掛,螢幕支撐架 (雙螢幕專區),859,｛irocks MD01 銀色｝ (雙螢幕/夾桌式/中柱設計高低好調整/承載9KG/17-32吋 ) 客訂,6640,,
14,CASE 機殼(+電源),特價 or 活動專區,2,Montech HS01 PRO(黑) 玻璃透側/ATX+Montech PureFlow 360 ARGB(黑)水冷 現省$1190！,3590,,
14,CASE 機殼(+電源),特價 or 活動專區,3,Montech HS01 PRO(白) 玻璃透側/ATX+Montech PureFlow 360 ARGB(白)水冷 現省$1190！,3590,,
14,CASE 機殼(+電源),特價 or 活動專區,4,｛darkFlash DY460 白｝顯卡長40/CPU高18.5/三面全景玻璃/支援背插/ATX 原價$2990！,1990,,
14,CASE 機殼(+電源),特價 or 活動專區,5,｛COUGAR Airface Pure Pro 黑｝顯卡長32/CPU高17.5/玻璃透側/ATX 原價$1890！,1590,,
14,CASE 機殼(+電源),特價 or 活動專區,6,｛COUGAR Airface Pure Pro 白｝顯卡長32/CPU高17.5/玻璃透側/ATX 原價$1990！,1690,,
14,CASE 機殼(+電源),特價 or 活動專區,7,｛曜越 View 290 TG ARGB 黑｝顯卡長45/U高18/全景曲面玻璃/支援背插/ATX 原價$2690！,2390,,
14,CASE 機殼(+電源),特價 or 活動專區,8,｛曜越 View 290 TG ARGB 白｝顯卡長45/U高18/全景曲面玻璃/支援背插/ATX 原價$2690！,2390,,
14,CASE 機殼(+電源),特價 or 活動專區,9,｛Mavoly Strawberry M16 黑｝顯卡長20/U高7/內附400W電源(1年)【僅支援6孔M-ATX】,1390,,酷幣100
14,CASE 機殼(+電源),特價 or 活動專區,10,｛Mavoly Strawberry M16W 白｝顯卡20/U高7/內附400W電源(1年)【僅支援6孔M-ATX】,1490,,酷幣100
14,CASE 機殼(+電源),工業機架式 / NAS 機殼,12,｛銀欣 RM23-502｝2U工業機殼/CPU高6.5/ATX(不含滑軌)/支援ATX標準電供【客訂】,3500,,
14,CASE 機殼(+電源),工業機架式 / NAS 機殼,13,｛銀欣 RM31-MINI｝3U工業機殼/顯卡長36/CPU高11/ATX/CEB(不含滑軌)/SFX電供【客訂】,5290,,
14,CASE 機殼(+電源),工業機架式 / NAS 機殼,14,｛銀欣 RM31｝3U工業機殼/CPU高11/ATX/EEB(不含滑軌)/支援360水冷/SFX電供【客訂】,6590,,
14,CASE 機殼(+電源),工業機架式 / NAS 機殼,15,｛銀欣 RM4A｝4U工業機殼/U高13.7(14.8)/ATX/EEB(不含滑軌)/支援360水冷/ATX電供,3690,,
14,CASE 機殼(+電源),工業機架式 / NAS 機殼,16,｛銀欣 RM400｝4U工業機殼/CPU高13/ATX/CEB(不含滑軌)/支援ATX標準電供,4890,,
14,CASE 機殼(+電源),工業機架式 / NAS 機殼,17,｛銀欣 RM41-506｝4U工業機殼/顯卡長27.8/CPU高13(14.8)/支援5.25*6/ATX(不含滑軌),5500,,
14,CASE 機殼(+電源),工業機架式 / NAS 機殼,18,｛銀欣 RM44｝4U工業機殼/CPU高13.7(14.8)/EEB(不含滑軌)/直立橫躺兩用【客訂】,7150,,
14,CASE 機殼(+電源),工業機架式 / NAS 機殼,19,｛銀欣 RM42-502｝4U工業機殼/CPU高13(14.8)/EEB(不含滑軌)/直立橫躺兩用【客訂】,7500,,
14,CASE 機殼(+電源),工業機架式 / NAS 機殼,20,｛銀欣 RM51｝5U工業機殼/CPU高19.2(18.1)/EEB(不含滑軌)/直立橫躺兩用【客訂】,10390,,
14,CASE 機殼(+電源),工業機架式 / NAS 機殼,21,｛銀欣 RM52 ｝5U工業機殼/CPU高19.2(18.1)/EEB(不含滑軌)/直立橫躺兩用【客訂】,11990,,
14,CASE 機殼(+電源),工業機架式 / NAS 機殼,22,｛銀欣 CS382｝顯卡長36.9/U高16.8/8*硬碟熱插拔(2.5/3.5吋)/帶鎖門板/M-ATX【客訂】,5990,,
14,CASE 機殼(+電源),工業機架式 / NAS 機殼,23,｛銀欣 CS383｝顯卡長34/U高15.8(18.6)/8*硬碟熱插拔(2.5/3.5吋)/帶鎖門板/EEB【客訂】,9290,,
14,CASE 機殼(+電源),工業機架式 / NAS 機殼,24,｛樹昌 TI-U202S｝2U工業機殼/CPU高5.5/ATX(不含滑軌)/支援ATX電供(限深14cm),3200,,
14,CASE 機殼(+電源),工業機架式 / NAS 機殼,25,｛樹昌 TI-U402S｝4U工業機殼/顯卡長33/CPU高13/E-ATX(不含滑軌)/支援ATX標準電供,3000,,
14,CASE 機殼(+電源),工業機架式 / NAS 機殼,26,｛樹昌 TI-U403S｝4U工業機殼/CPU高12/ATX(不含滑軌)/支援ATX標準電供,2100,,
14,CASE 機殼(+電源),工業機架式 / NAS 機殼,27,｛喬思伯 N3｝顯卡長25/CPU高13/3.5*8 硬碟位/NAS推薦/上下分艙/ITX【SFX】,3990,,
14,CASE 機殼(+電源),工業機架式 / NAS 機殼,28,｛喬思伯 N4 黑｝顯卡長23(Low Profile)/U高7/硬碟位3.5*6+2.5*2/NAS推薦/M-ATX【SFX】,2990,,
14,CASE 機殼(+電源),工業機架式 / NAS 機殼,29,｛喬思伯 N4 白｝顯卡長23(Low Profile)/U高7/硬碟位3.5*6+2.5*2/NAS推薦/M-ATX【SFX】,2990,,
14,CASE 機殼(+電源),工業機架式 / NAS 機殼,30,｛喬思伯 N5｝顯卡長35/CPU高16/3.5*12 硬碟位/NAS推薦/上下分艙/E-ATX,5990,,
14,CASE 機殼(+電源),工業機架式 / NAS 機殼,31,｛喬思伯 N6 黑｝顯卡長(27.5~32)/CPU高6.5/3.5*9 硬碟位/NAS推薦/上下分艙/M-ATX,3990,,
14,CASE 機殼(+電源),SFX 機殼專區,33,｛聯力 A4-H2O 黑｝PCIe 5.0/顯卡長32.2/CPU高5.5/鋁合金/ITX【SFX】,4700,,
14,CASE 機殼(+電源),SFX 機殼專區,34,｛聯力 A4-H2O 銀｝PCIe 5.0/顯卡長32.2/CPU高5.5/鋁合金/ITX【SFX】,4700,,
14,CASE 機殼(+電源),SFX 機殼專區,35,｛酷碼 MasterBox NR200 白｝顯卡長33/CPU高15.5(7.6)/ITX【SFX】,1990,,
14,CASE 機殼(+電源),SFX 機殼專區,36,｛酷碼 MasterBox NR200P V3 黑｝顯卡長36.1/U高7/網孔側板/PCIe5.0延長線/ITX【SFX】,3490,,
14,CASE 機殼(+電源),SFX 機殼專區,37,｛全漢 CST351｝顯卡長33.6/CPU高13.8/底部ARGB氣氛燈/前置Type-C/ITX【SFX】,990,,
14,CASE 機殼(+電源),SFX 機殼專區,38,全漢 CST351 顯卡長33.6/CPU高13.8/ITX + 全漢 金鋼彈 650W/金牌(SFX) 現省$790！,3490,,熱賣
14,CASE 機殼(+電源),SFX 機殼專區,39,｛銀欣 ML09 黑｝顯卡長17.5(LP)/CPU高3.7(7)/ITX(ML09B)【SFX】【客訂】,2040,,
14,CASE 機殼(+電源),SFX 機殼專區,40,｛銀欣 LD03｝顯卡長30.9(2 slots)/CPU高19/垂直風道/玻璃透側/ITX【SFX】原價$4490,1990,,
14,CASE 機殼(+電源),SFX 機殼專區,41,｛銀欣 SG05-LITE 黑｝顯卡長22.8/CPU高8/ITX(SG05BB-LITE)【SFX】,1400,,
14,CASE 機殼(+電源),SFX 機殼專區,42,｛Fractal Design Ridge 黑｝顯卡長33.5(32.5)/厚8.2(5.7)/高13.7(12.5)/CPU高7/ITX【SFX】,4890,,
14,CASE 機殼(+電源),SFX 機殼專區,43,｛Fractal Design Ridge 白｝顯卡長33.5(32.5)/厚8.2(5.7)/高13.7(12.5)/CPU高7/ITX【SFX】,4890,,
14,CASE 機殼(+電源),SFX 機殼專區,44,｛Fractal Design Terra 黑｝顯卡32.2(厚4.3-7.2)/U高7.7(4.8)/鋁機身/胡桃木面板/ITX【SFX】,6790,,
14,CASE 機殼(+電源),SFX 機殼專區,45,｛Fractal Design Terra 銀｝顯卡32.2(厚4.3-7.2)/U高7.7(4.8)/鋁機身/胡桃木面板/ITX【SFX】,6790,,
14,CASE 機殼(+電源),SFX 機殼專區,46,｛Fractal Design Terra 綠｝顯卡32.2(厚4.3-7.2)/U高7.7(4.8)/鋁機身/胡桃木面板/ITX【SFX】,6790,,
14,CASE 機殼(+電源),SFX 機殼專區,47,｛Fractal Design Mood 灰｝顯卡長32.5(厚5.6)/CPU高11.4/透氣織布柱狀設計/ITX【SFX】,5990,,
14,CASE 機殼(+電源),SFX 機殼專區,48,｛Fractal Design Mood 黑｝顯卡長32.5(厚5.6)/CPU高11.4/透氣織布柱狀設計/ITX【SFX】,5990,,
14,CASE 機殼(+電源),SFX 機殼專區,49,｛Fractal Design Era 2 銀色｝顯卡長32.6/厚4.8(6.3)/高13.7/CPU高5.5(7)/ITX【SFX】,7900,,
14,CASE 機殼(+電源),SFX 機殼專區,50,｛Fractal Design Era 2 深灰｝顯卡長32.6/厚4.8(6.3)/高13.7/CPU高5.5(7)/ITX【SFX】,7900,,
14,CASE 機殼(+電源),SFX 機殼專區,51,｛Fractal Design Era 2 午夜藍｝顯卡長32.6/厚4.8(6.3)/高13.7/CPU高5.5(7)/ITX【SFX】,7900,,
14,CASE 機殼(+電源),SFX 機殼專區,52,｛喬思伯 TK-0 黑｝顯卡長23/CPU高13.7/雙折彎環形玻璃/胡桃木面板/ITX【SFX】,3690,,
14,CASE 機殼(+電源),SFX 機殼專區,53,｛喬思伯 TK-0 白｝顯卡長23/CPU高13.7/雙折彎環形玻璃/胡桃木面板/ITX【SFX】,3690,,
14,CASE 機殼(+電源),SFX 機殼專區,54,｛喬思伯 T9 黑｝顯卡長31/CPU高(5.8~7.8)/PCIe5.0線/實木底座/鋁合金外殼/ITX【SFX】,5490,,
14,CASE 機殼(+電源),SFX 機殼專區,55,｛喬思伯 T9 銀｝顯卡長31/CPU高(5.8~7.8)/PCIe5.0線/實木底座/鋁合金外殼/ITX【SFX】,5490,,
14,CASE 機殼(+電源),華碩 ASUS 機殼,57,｛華碩 A21 黑｝顯卡長38/U高16.5/玻璃透側/支援背插/M-ATX 送振華12cm冰渦輪風扇*1,1490,,
14,CASE 機殼(+電源),華碩 ASUS 機殼,58,｛華碩 A21 PLUS 黑｝顯卡長38/CPU高16.5/玻璃透側/ARGB風扇*4/支援背插/M-ATX,2090,,
14,CASE 機殼(+電源),華碩 ASUS 機殼,59,｛華碩 A21 PLUS 白｝顯卡長38/CPU高16.5/玻璃透側/ARGB風扇*4/支援背插/M-ATX,2190,,
14,CASE 機殼(+電源),華碩 ASUS 機殼,60,｛華碩 A31 PLUS 黑｝顯卡長38/CPU高16.5/全景玻璃/支援背插/傾斜基座/ATX,2390,,
14,CASE 機殼(+電源),華碩 ASUS 機殼,61,華碩 A31 PLUS 黑 /全景玻璃/支援背插/ATX+華碩 TUF GAMING 750W EVO 銅牌/全模,3990,,熱賣
14,CASE 機殼(+電源),華碩 ASUS 機殼,62,｛華碩 A31 PLUS 白｝顯卡長38/CPU高16.5/全景玻璃/支援背插/傾斜基座/ATX,2490,,
14,CASE 機殼(+電源),華碩 ASUS 機殼,63,華碩 A31 PLUS 白 /全景玻璃/支援背插/ATX+華碩 TUF GAMING 750W EVO 銅牌/全模,4090,,
14,CASE 機殼(+電源),華碩 ASUS 機殼,64,｛華碩 A32 PLUS 黑｝顯卡長42/CPU高16.5/全景玻璃透側/分艙設計/ATX,2590,,
14,CASE 機殼(+電源),華碩 ASUS 機殼,65,｛華碩 A32 PLUS 白｝顯卡長42/CPU高16.5/全景玻璃透側/分艙設計/ATX,2690,,
14,CASE 機殼(+電源),華碩 ASUS 機殼,66,｛華碩 Prime AP201 黑｝顯卡長33.8/CPU高17/方形進氣孔/前置Type-C/M-ATX,1890,,
14,CASE 機殼(+電源),華碩 ASUS 機殼,67,華碩 Prime AP201 黑 /方形進氣孔/M-ATX+華碩 TUF GAMING 650W EVO 銅牌/全模組,3290,,熱賣
14,CASE 機殼(+電源),華碩 ASUS 機殼,68,｛華碩 Prime AP201 白｝顯卡長33.8/CPU高17/方形進氣孔/前置Type-C/M-ATX,1990,,
14,CASE 機殼(+電源),華碩 ASUS 機殼,69,華碩 Prime AP201 白 /方形進氣孔/M-ATX+華碩 TUF GAMING 650W EVO 銅牌/全模組,3390,,熱賣
14,CASE 機殼(+電源),華碩 ASUS 機殼,70,｛華碩 Prime AP201 TG 白｝顯卡長33.8/CPU高17/玻璃透側/前置Type-C/M-ATX,1790,,
14,CASE 機殼(+電源),華碩 ASUS 機殼,71,｛華碩 Prime AP202 ARGB 黑｝顯卡長42/U高17.5/懸浮式進氣+燈條/全景曲面玻璃/M-ATX,2690,,
14,CASE 機殼(+電源),華碩 ASUS 機殼,72,華碩 Prime AP202 ARGB 黑/曲面玻璃/M-ATX+華碩 TUF GAMING 750W EVO 銅牌/全模,4290,,熱賣
14,CASE 機殼(+電源),華碩 ASUS 機殼,73,｛華碩 Prime AP202 ARGB 白｝顯卡長42/U高17.5/懸浮式進氣+燈條/全景曲面玻璃/M-ATX,2790,,
14,CASE 機殼(+電源),華碩 ASUS 機殼,74,華碩 Prime AP202 ARGB 白/曲面玻璃/M-ATX+華碩 TUF GAMING 750W EVO 銅牌/全模,4390,,熱賣
14,CASE 機殼(+電源),華碩 ASUS 機殼,75,｛華碩 Prime AP303 Mesh 黑｝顯卡長36/CPU高16.5/方形進氣孔/ATX,2290,,
14,CASE 機殼(+電源),華碩 ASUS 機殼,76,｛華碩 Prime AP303 Mesh 白｝顯卡長36/CPU高16.5/方形進氣孔/ATX,2390,,
14,CASE 機殼(+電源),華碩 ASUS 機殼,77,｛華碩 Prime AP304 ARGB 黑｝顯卡長42/U高17.5/懸浮式進氣+燈條/全景曲面玻璃/ATX,3790,,
14,CASE 機殼(+電源),華碩 ASUS 機殼,78,｛華碩 Prime AP304 ARGB 白｝顯卡長42/U高17.5/懸浮式進氣+燈條/全景曲面玻璃/ATX,3890,,
14,CASE 機殼(+電源),華碩 ASUS 機殼,79,｛華碩 TUF Gaming GT302 ARGB 黑｝顯卡長40.7/U高16.5/玻璃透側/支援背插/E-ATX,3490,,
14,CASE 機殼(+電源),華碩 ASUS 機殼,80,華碩 TUF Gaming GT302 ARGB 黑/E-ATX+TUF GAMING LC III 360 ARGB LCD(黑)水冷,8180,,熱賣
14,CASE 機殼(+電源),華碩 ASUS 機殼,82,｛華碩 TUF Gaming GT302 ARGB 白｝顯卡長40.7/U高16.5/玻璃透側/支援背插/E-ATX,3690,,
14,CASE 機殼(+電源),華碩 ASUS 機殼,83,華碩 TUF Gaming GT302 ARGB 白/E-ATX+TUF GAMING LC III 360 ARGB LCD(白)水冷,8580,,熱賣
14,CASE 機殼(+電源),華碩 ASUS 機殼,85,｛華碩 TUF Gaming GT502 Horizon｝無界版 卡長40/U高16.3/分艙設計/全景玻璃透側/ATX,4690,,
14,CASE 機殼(+電源),華碩 ASUS 機殼,86,華碩 TUF Gaming GT502 Horizon/ATX+Prime MR120 ARGB(黑)反向扇(三入)+正向(單顆),5689,,熱賣
14,CASE 機殼(+電源),華碩 ASUS 機殼,88,｛華碩 TUF Gaming GT502 Horizon 白色版｝卡長40/U高16.3/分艙設計/全景玻璃透側/ATX,4890,,
14,CASE 機殼(+電源),華碩 ASUS 機殼,89,華碩 TUF Gaming GT502 Horizon(白色)+Prime MR120 ARGB(白)反向扇(三入)+正向(單顆),5989,,熱賣
14,CASE 機殼(+電源),華碩 ASUS 機殼,91,｛華碩 ProArt PA401 Wood 黑色 透側版｝卡31.5/U16/玻璃透側/ATX 送 ESD-A1A(黑)外接盒▼下殺到 9/30 20:00,2990,,下殺
14,CASE 機殼(+電源),華碩 ASUS 機殼,92,｛華碩 ProArt PA401 Wood 黑色 網狀版｝卡31.5/U16/網孔側板/ATX 送 ESD-A1A(黑)外接盒▼下殺到 9/30 20:00,2890,,下殺
14,CASE 機殼(+電源),華碩 ASUS 機殼,93,｛華碩 ProArt PA401 Wood 燕麥色 透側版｝卡31.5/U16/玻璃透側/ATX 送 ESD-A1A(灰)外接盒▼下殺到 9/30 20:00,3290,,下殺
14,CASE 機殼(+電源),華碩 ASUS 機殼,94,｛華碩 ProArt PA401 Wood 燕麥色 網狀版｝卡31.5/U16/網孔側板/ATX 送 ESD-A1A(灰)外接盒▼下殺到 9/30 20:00,3290,,下殺
14,CASE 機殼(+電源),華碩 ASUS 機殼,95,｛華碩 ProArt PA602｝顯卡長44/CPU高18.5/玻璃透側/紅外線灰塵偵測/E-ATX,6490,,
14,CASE 機殼(+電源),華碩 ASUS 機殼,96,｛華碩 ProArt PA602 胡桃木-現代黑｝顯卡長44/CPU高18.5/玻璃透側/灰塵偵測/E-ATX,7890,,
14,CASE 機殼(+電源),華碩 ASUS 機殼,97,｛華碩 ProArt PA602 胡桃木-復古棕｝顯卡長44/CPU高18.5/玻璃透側/灰塵偵測/E-ATX,8290,,
14,CASE 機殼(+電源),華碩 ASUS 機殼,98,｛華碩 ROG Strix Helios II GX601S 黑｝顯卡長45/雙玻璃透側/E-ATX 送 ESD-S1C(黑)外接盒▼下殺到 9/30 20:00,9490,,下殺
14,CASE 機殼(+電源),華碩 ASUS 機殼,99,｛華碩 ROG Strix Helios II GX601S 白｝顯卡長45/雙玻璃透側/E-ATX 送 ESD-S1C(白)外接盒▼下殺到 9/30 20:00,9890,,下殺
14,CASE 機殼(+電源),華碩 ASUS 機殼,100,｛華碩 ROG Hyperion GR701 創世神 黑｝顯卡長46/玻璃透側/E-ATX 送 ESD-S1C(黑)外接盒▼下殺到 9/30 20:00,13990,,下殺
14,CASE 機殼(+電源),華碩 ASUS 機殼,101,｛華碩 ROG Hyperion GR701 創世神 白｝顯卡長46/玻璃透側/E-ATX 送 ESD-S1C(白)外接盒▼下殺到 9/30 20:00,14990,,下殺
14,CASE 機殼(+電源),華碩 ASUS 機殼,102,｛華碩 ROG Cronox GR801 幻世神｝顯卡長40/U高18/9.2 吋LCD/全景玻璃/背插/E-ATX,10990,,
14,CASE 機殼(+電源),華碩 ASUS 機殼,103,｛華碩 ROG Cronox ARGB GR801 黑｝顯卡40/U高/LCD+燈效面板+風扇*4/背插/E-ATX,14990,,
14,CASE 機殼(+電源),華碩 ASUS 機殼,104,"華碩 ROG Cronox ARGB GR801(黑),加購 Eurux GR120 ARGB(黑)風扇*5個(1正4反)",17990,,熱賣
14,CASE 機殼(+電源),華碩 ASUS 機殼,105,｛華碩 ROG Cronox ARGB GR801 白｝顯卡40/U高/LCD+燈效面板+風扇*4/背插/E-ATX,14990,,
14,CASE 機殼(+電源),華碩 ASUS 機殼,106,"華碩 ROG Cronox ARGB GR801(白),加購 Eurux GR120 ARGB(白)風扇*5個(1正4反)",17990,,熱賣
14,CASE 機殼(+電源),華碩 ASUS 機殼,107,｛華碩 ROG GR20 EDITION 20｝開放式機殼/卡36.8/鋁合金框架/三放置方式/橫流扇/E-ATX,19990,,熱賣
14,CASE 機殼(+電源),君主 Montech 機殼,109,Montech X2 PLUS 黑/玻璃透側/ATX+Montech BETA 2 750W/銅牌/ATX3.1 現省590！,2690,,熱賣
14,CASE 機殼(+電源),君主 Montech 機殼,110,Montech X2 PLUS 白/玻璃透側/ATX+Montech BETA 2 750W/銅牌/ATX3.1 現省590！,2690,,熱賣
14,CASE 機殼(+電源),君主 Montech 機殼,111,Montech SKY ONE LITE 白/玻璃透側/ATX+Montech BETA 2 650W/銅牌/ATX3.1 現省690！,2490,,熱賣
14,CASE 機殼(+電源),君主 Montech 機殼,112,Montech XR 黑 /玻璃透側/ATX + Montech GAMMA 3 650W/金牌/ATX3.1電源 現省690！,2790,,熱賣
14,CASE 機殼(+電源),君主 Montech 機殼,113,｛Montech TEN 黑｝顯卡長42.5(41)/CPU高15.6(5.2)/全網孔設計/三種配置模式/M-ATX,1690,,
14,CASE 機殼(+電源),君主 Montech 機殼,114,｛Montech TEN 白｝顯卡長42.5(41)/CPU高15.6(5.2)/全網孔設計/三種配置模式/M-ATX,1790,,
14,CASE 機殼(+電源),君主 Montech 機殼,115,｛Montech X1 黑｝顯卡長30.5/CPU高16.5/網孔面板/玻璃透側/ATX,1090,,
14,CASE 機殼(+電源),君主 Montech 機殼,116,｛Montech X2 PLUS 黑｝顯卡長30.5/CPU高16/網孔面板/玻璃透側/ATX,1390,,
14,CASE 機殼(+電源),君主 Montech 機殼,117,｛Montech X2 PLUS 白｝顯卡長30.5/CPU高16/網孔面板/玻璃透側/ATX,1390,,
14,CASE 機殼(+電源),君主 Montech 機殼,118,｛Montech X5M 黑｝顯卡長40.5/CPU高16.5/玻璃透側/12cm*3前風扇/M-ATX,1550,,
14,CASE 機殼(+電源),君主 Montech 機殼,119,｛Montech X5M 白｝顯卡長40.5/CPU高16.5/玻璃透側/12cm*3前風扇/M-ATX,1550,,
14,CASE 機殼(+電源),君主 Montech 機殼,120,｛Montech X5 黑｝顯卡長41/CPU高16.5/玻璃透側/顯卡支撐架/14cm*3前風扇/E-ATX,1590,,
14,CASE 機殼(+電源),君主 Montech 機殼,121,｛Montech X5 白｝顯卡長41/CPU高16.5/玻璃透側/顯卡支撐架/14cm*3前風扇/E-ATX,1590,,
14,CASE 機殼(+電源),君主 Montech 機殼,122,｛Montech XR 黑｝顯卡長42/CPU高17.5/全景玻璃透側/ATX,1590,,熱賣
14,CASE 機殼(+電源),君主 Montech 機殼,123,｛Montech XR 白｝顯卡長42/CPU高17.5/全景玻璃透側/ATX,1690,,
14,CASE 機殼(+電源),君主 Montech 機殼,124,｛Montech XR 米白色｝限量版/顯卡長42/CPU高17.5/全景玻璃透側/ATX,1890,,
14,CASE 機殼(+電源),君主 Montech 機殼,125,｛Montech XR 水泥灰｝限量版/顯卡長42/CPU高17.5/全景玻璃透側/ATX,1890,,
14,CASE 機殼(+電源),君主 Montech 機殼,126,｛Montech XR Wood 黑｝顯卡長42/CPU高17.5/玻璃透側/胡桃木混搭面板/ATX,1890,,
14,CASE 機殼(+電源),君主 Montech 機殼,127,｛Montech XR Wood 白｝顯卡長42/CPU高17.5/玻璃透側/胡桃木混搭面板/ATX,1990,,
14,CASE 機殼(+電源),君主 Montech 機殼,128,｛Montech TG3 黑｝顯卡長43/CPU高18/全景玻璃透側/ARGB電源艙/背插/ATX,1750,,
14,CASE 機殼(+電源),君主 Montech 機殼,129,｛Montech TG3 白｝顯卡長43/CPU高18/全景玻璃透側/ARGB電源艙/背插/ATX,1890,,
14,CASE 機殼(+電源),君主 Montech 機殼,130,｛Montech Air 100 LITE 黑｝顯卡長33/CPU高16.1/磁吸面板/玻璃透側/M-ATX,1190,,
14,CASE 機殼(+電源),君主 Montech 機殼,131,｛Montech Air 100 LITE 白｝顯卡長33/CPU高16.1/磁吸面板/玻璃透側/M-ATX,1290,,
14,CASE 機殼(+電源),君主 Montech 機殼,132,｛Montech Air 100 ARGB 黑｝顯卡長33/CPU高16.1/磁吸面板/玻璃透側/M-ATX,1690,,
14,CASE 機殼(+電源),君主 Montech 機殼,133,｛Montech Air 100 ARGB 白｝顯卡長33/CPU高16.1/磁吸面板/玻璃透側/M-ATX,1890,,
14,CASE 機殼(+電源),君主 Montech 機殼,134,｛Montech Air 903 BASE 黑｝顯卡長40/CPU高18/前置Type-C/玻璃透側/E-ATX,1590,,
14,CASE 機殼(+電源),君主 Montech 機殼,135,｛Montech Air 903 BASE 白｝顯卡長40/CPU高18/前置Type-C/玻璃透側/E-ATX,1790,,
14,CASE 機殼(+電源),君主 Montech 機殼,136,｛Montech Air 903 MAX 黑｝顯卡長40/CPU高18/快拆網孔面板/玻璃透側/E-ATX,1890,,熱賣
14,CASE 機殼(+電源),君主 Montech 機殼,137,｛Montech Air 903 MAX 白｝顯卡長40/CPU高18/快拆網孔面板/玻璃透側/E-ATX,2090,,
14,CASE 機殼(+電源),君主 Montech 機殼,138,｛Montech Air 1000 LITE 白｝顯卡長34/CPU高16.5/玻璃透側/ATX,1590,,
14,CASE 機殼(+電源),君主 Montech 機殼,139,｛Montech Air 1000 Silent｝靜音版 顯卡長34/CPU高16.5/上抽式防塵網/ATX,1690,,
14,CASE 機殼(+電源),君主 Montech 機殼,140,｛Montech Air 1000 PREMIUM 黑｝顯卡長34/U高16.5/玻璃透側/雙面板(玻璃/網孔)/ATX,1990,,
14,CASE 機殼(+電源),君主 Montech 機殼,141,｛Montech Air 1000 PREMIUM 白｝顯卡長34/U高16.5/玻璃透側/雙面板(玻璃/網孔)/ATX,2190,,
14,CASE 機殼(+電源),君主 Montech 機殼,142,｛Montech SKY ONE LITE 黑｝顯卡長35/CPU高17/前置Type-C/玻璃透側/ATX,1290,,
14,CASE 機殼(+電源),君主 Montech 機殼,143,｛Montech SKY ONE LITE 白｝顯卡長35/CPU高17/前置Type-C/玻璃透側/ATX,1490,,
14,CASE 機殼(+電源),君主 Montech 機殼,144,｛Montech SKY TWO 白｝顯卡長40/CPU高16.8/創新風流設計/玻璃透側/ATX,2090,,
14,CASE 機殼(+電源),君主 Montech 機殼,145,｛Montech SKY TWO GX 黑｝顯卡長40/U高16.8/玻璃透側/E-ATX 送AX120(黑) 風扇*1,2490,,
14,CASE 機殼(+電源),君主 Montech 機殼,146,｛Montech SKY TWO GX 白｝顯卡長40/U高16.8/玻璃透側/E-ATX 送AX120(白) 風扇*1,2690,,熱賣
14,CASE 機殼(+電源),君主 Montech 機殼,148,｛Montech SKY 3 黑｝顯卡長44.5/CPU高18.5/全景玻璃透側/模組化可調底艙/背插/ATX,2190,,
14,CASE 機殼(+電源),君主 Montech 機殼,149,Montech SKY 3 黑 /全景玻璃/背插/ATX+MONTECH RX120 PRO(黑)反向扇*2 現省$399,2389,,熱賣
14,CASE 機殼(+電源),君主 Montech 機殼,150,｛Montech SKY 3 白｝顯卡長44.5/CPU高18.5/全景玻璃透側/模組化可調底艙/背插/ATX,2290,,
14,CASE 機殼(+電源),君主 Montech 機殼,151,Montech SKY 3 白 /全景玻璃/背插/ATX+MONTECH RX120 PRO(白)反向扇*2 現省$399,2489,,熱賣
14,CASE 機殼(+電源),君主 Montech 機殼,152,｛Montech KING 15 PRO 黑｝卡43.5/U高18.7/傾斜風扇基座/全景曲面玻璃/背插/M-ATX,2790,,
14,CASE 機殼(+電源),君主 Montech 機殼,153,｛Montech KING 15 PRO 白｝卡43.5/U高18.7/傾斜風扇基座/全景曲面玻璃/背插/M-ATX,2890,,
14,CASE 機殼(+電源),君主 Montech 機殼,154,｛Montech KING 45 PRO 黑｝顯卡長43.5/U高18.7/傾斜風扇基座/全景曲面玻璃/ATX,2890,,
14,CASE 機殼(+電源),君主 Montech 機殼,155,｛Montech KING 45 PRO 白｝顯卡長43.5/U高18.7/傾斜風扇基座/全景曲面玻璃/ATX,2990,,
14,CASE 機殼(+電源),君主 Montech 機殼,156,｛Montech KING 65 PRO 黑｝顯卡長42/CPU高17.5/分艙設計/全景玻璃透側/ATX,2690,,
14,CASE 機殼(+電源),君主 Montech 機殼,157,｛Montech KING 65 PRO 白｝顯卡長42/CPU高17.5/分艙設計/全景玻璃透側/ATX,2690,,
14,CASE 機殼(+電源),君主 Montech 機殼,158,｛Montech KING 95 PRO 黑｝顯卡長42/U高17.5/六風扇/分艙設計/全景玻璃+網孔/ATX,3990,,
14,CASE 機殼(+電源),君主 Montech 機殼,159,｛Montech KING 95 PRO 白｝顯卡長42/U高17.5/六風扇/分艙設計/全景玻璃+網孔/ATX,4190,,
14,CASE 機殼(+電源),君主 Montech 機殼,160,｛Montech KING 95 PRO 紅｝顯卡長42/U高17.5/六風扇/分艙設計/全景玻璃+網孔/ATX,4590,,
14,CASE 機殼(+電源),君主 Montech 機殼,161,｛Montech Heritage PRO 黑｝顯卡長40/CPU高17/玻璃透側/皮革裝飾+提帶/M-ATX,2990,,
14,CASE 機殼(+電源),君主 Montech 機殼,162,｛Montech Heritage PRO 白｝顯卡長40/CPU高17/玻璃透側/皮革裝飾+提帶/M-ATX,3090,,
14,CASE 機殼(+電源),君主 Montech 機殼,163,｛Montech HS01 PRO 黑｝卡40/U高17/可翻轉機身/下沉式風扇/前網+玻璃透側/背插/ATX,2990,,
14,CASE 機殼(+電源),君主 Montech 機殼,164,Montech HS01 PRO(黑) 玻璃透側/ATX+Montech PureFlow 360 ARGB(黑)水冷 現省$1190！,3590,,熱賣
14,CASE 機殼(+電源),君主 Montech 機殼,165,｛Montech HS01 PRO 白｝卡40/U高17/可翻轉機身/下沉式風扇/前網+玻璃透側/背插/ATX,2990,,
14,CASE 機殼(+電源),君主 Montech 機殼,166,Montech HS01 PRO(白) 玻璃透側/ATX+Montech PureFlow 360 ARGB(白)水冷 現省$1190！,3590,,熱賣
14,CASE 機殼(+電源),君主 Montech 機殼,167,｛Montech HS02 PRO 黑｝卡42/U高17.5/可翻轉機身/下沉式風扇/全景玻璃透側/背插/ATX,3190,,
14,CASE 機殼(+電源),君主 Montech 機殼,168,｛Montech HS02 PRO 白｝卡42/U高17.5/可翻轉機身/下沉式風扇/全景玻璃透側/背插/ATX,3190,,
14,CASE 機殼(+電源),視博通 Superchannel 機殼,170,視博通 蒼龍戰士 + 視博通 450W電源(2年) 顯卡長30/CPU高15/ATX,1190,,
14,CASE 機殼(+電源),視博通 Superchannel 機殼,171,視博通 SA801 + 視博通 500W電源(2年) 顯卡長32/CPU高15.5/ATX,1390,,
14,CASE 機殼(+電源),視博通 Superchannel 機殼,172,｛視博通 小至尊｝顯卡長33/CPU高14/前置讀卡機/M-ATX,890,,
14,CASE 機殼(+電源),視博通 Superchannel 機殼,173,｛視博通 LEM003M 黑｝顯卡長31.5/CPU高16.5/金屬網孔側板/M-ATX,890,,
14,CASE 機殼(+電源),視博通 Superchannel 機殼,174,｛視博通 LEX100M 黑｝顯卡長31.5/CPU高16.5/定光RGB扇*5/全景玻璃透側/M-ATX,1090,,
14,CASE 機殼(+電源),視博通 Superchannel 機殼,175,｛視博通 LEX100M 白｝顯卡長31.5/CPU高16.5/定光RGB扇*5/全景玻璃透側/M-ATX,1090,,
14,CASE 機殼(+電源),視博通 Superchannel 機殼,176,｛視博通 LEX200M 黑｝顯卡長34.5/CPU高16.5/全景玻璃透側/M-ATX,1190,,
14,CASE 機殼(+電源),視博通 Superchannel 機殼,177,｛視博通 LEX200M 白｝顯卡長34.5/CPU高16.5/全景玻璃透側/M-ATX,1190,,
14,CASE 機殼(+電源),視博通 Superchannel 機殼,178,｛視博通 SA803｝顯卡長32/CPU高15.5/前置Type-C/ATX,1090,,
14,CASE 機殼(+電源),視博通 Superchannel 機殼,179,｛視博通 SA170｝顯卡長28.5/CPU高16.6/四面網孔/M-ATX,1390,,
14,CASE 機殼(+電源),視博通 Superchannel 機殼,180,｛視博通 SA185 黑｝顯卡長28.5/CPU高16.6/四面網孔/自帶提把/M-ATX,1090,,
14,CASE 機殼(+電源),視博通 Superchannel 機殼,181,｛視博通 SA185 白｝顯卡長28.5/CPU高16/四面網孔/自帶提把/M-ATX,1090,,
14,CASE 機殼(+電源),視博通 Superchannel 機殼,182,｛視博通 SAC449 黑｝顯卡長43/CPU高16.5/全景玻璃透側/分艙/背插/ARGB 燈條/ATX,2890,,
14,CASE 機殼(+電源),視博通 Superchannel 機殼,183,｛視博通 SAC449 白｝顯卡長43/CPU高16.5/全景玻璃透側/分艙/背插/ARGB 燈條/ATX,2990,,
14,CASE 機殼(+電源),視博通 Superchannel 機殼,184,｛視博通 SAF100｝靜音機殼/顯卡長36/CPU高18/前置Type-C/E-ATX,1790,,
14,CASE 機殼(+電源),視博通 Superchannel 機殼,185,｛視博通 SAK220 黑｝卡長42.7/U高16.5/全景玻璃透側/M-ATX 送SAMA X40L(黑) 散熱器,1390,,
14,CASE 機殼(+電源),視博通 Superchannel 機殼,186,｛視博通 SAK220 白｝卡長42.7/U高16.5/全景玻璃透側/M-ATX 送SAMA X40L(白) 散熱器,1490,,
14,CASE 機殼(+電源),視博通 Superchannel 機殼,187,｛視博通 SAK251 黑｝顯卡長33.5/U高16.8/前置Type-C/玻璃透側/支援背插/M-ATX,1390,,
14,CASE 機殼(+電源),視博通 Superchannel 機殼,188,｛視博通 SAK280 黑｝顯卡長42/CPU高16.5/分艙設計/全景玻璃透側/支援背插/ATX,1890,,
14,CASE 機殼(+電源),視博通 Superchannel 機殼,189,｛視博通 SAK280 白｝顯卡長42/CPU高16.5/分艙設計/全景玻璃透側/支援背插/ATX,1990,,
14,CASE 機殼(+電源),視博通 Superchannel 機殼,190,｛視博通 LAI099 黑｝顯卡長37.5/CPU高18/玻璃透側/E-ATX,1390,,
14,CASE 機殼(+電源),視博通 Superchannel 機殼,191,｛視博通 LAI099 白｝顯卡長37.5/CPU高18/玻璃透側/E-ATX,1390,,
14,CASE 機殼(+電源),視博通 Superchannel 機殼,192,｛視博通 LAI099 ARGB 白｝顯卡長37.5/CPU高18/玻璃透側/E-ATX,1590,,
14,CASE 機殼(+電源),視博通 Superchannel 機殼,193,｛視博通 SW200 黑｝顯卡長40/CPU高16.3/壓克力透側/ATX,1090,,
14,CASE 機殼(+電源),視博通 Superchannel 機殼,194,｛視博通 SW300 M 黑｝顯卡長35/U高16.6/前置Type-C/下壓式防塵網/玻璃透側/M-ATX,1490,,
14,CASE 機殼(+電源),視博通 Superchannel 機殼,195,｛視博通 SW300 白｝顯卡長34.5/U高16.3/前置Type-C/彈壓式防塵網/玻璃透側/E-ATX,1990,,
14,CASE 機殼(+電源),視博通 Superchannel 機殼,196,｛視博通 SW437｝顯卡長41.5(28)/CPU高16.4/多硬碟架構/前置Type-C/ATX,1990,,
14,CASE 機殼(+電源),視博通 Superchannel 機殼,197,｛視博通 AI SUPER(AI-100)｝顯卡長44.5/U高18.5/雙顯卡支架/支援*10 PCI slot/E-ATX,3990,,
14,CASE 機殼(+電源),視博通 Superchannel 機殼,199,｛視博通 幻彩男爵 白｝顯卡長34.5/U高16.3/20cm風扇*2/前置Type-C/玻璃透側/E-ATX,1990,,
14,CASE 機殼(+電源),微星 MSI 機殼,201,｛微星 PRO SHIELD M100P｝顯卡長27.5/CPU高14/M-ATX,1090,,
14,CASE 機殼(+電源),微星 MSI 機殼,202,｛微星 MAG FORGE M100R WHITE｝顯卡長30/CPU高16/玻璃透側/M-ATX,1790,,
14,CASE 機殼(+電源),微星 MSI 機殼,203,微星 MAG FORGE M100R WHITE /玻璃透側/M-ATX+微星 MAG A650BNL(白) 銅牌/電源,3190,,熱賣
14,CASE 機殼(+電源),微星 MSI 機殼,204,｛微星 MAG FORGE 120A AIRFLOW｝顯卡長33/CPU高16/定色扇*6/玻璃透側/ATX,1590,,
14,CASE 機殼(+電源),微星 MSI 機殼,205,｛微星 MAG FORGE 130A AIRFLOW｝顯卡長33/CPU高16/定色扇*4/玻璃透側/ATX,1390,,
14,CASE 機殼(+電源),微星 MSI 機殼,206,｛微星 MAG FORGE 320R AIRFLOW WHITE｝顯卡長39/CPU高16/玻璃透側/ATX,1990,,
14,CASE 機殼(+電源),微星 MSI 機殼,207,｛微星 MAG FORGE 321R AIRFLOW｝顯卡長39/CPU高16/前置Type-C/玻璃透側/ATX,2190,,
14,CASE 機殼(+電源),微星 MSI 機殼,208,｛微星 MAG PANO M110R 黑｝顯卡長41/CPU高16.5/全景玻璃透側/M-ATX,1690,,
14,CASE 機殼(+電源),微星 MSI 機殼,209,｛微星 MAG PANO M110R 白｝顯卡長41/CPU高16.5/全景玻璃透側/M-ATX,1790,,
14,CASE 機殼(+電源),微星 MSI 機殼,210,｛微星 MAG PANO M100R PZ 黑｝顯卡長39/U高17.5/全景玻璃透側/支援背插/M-ATX,2990,,
14,CASE 機殼(+電源),微星 MSI 機殼,211,｛微星 MAG PANO M100R PZ 白｝顯卡長39/U高17.5/全景玻璃透側/支援背插/M-ATX,3190,,
14,CASE 機殼(+電源),微星 MSI 機殼,212,｛微星 MAG PANO 100R PZ 黑｝卡長38/U高16.6/分艙設計/全景玻璃透側/支援背插/ATX,3990,,
14,CASE 機殼(+電源),微星 MSI 機殼,213,｛微星 MAG PANO 100R PZ 白｝卡長38/U高16.6/分艙設計/全景玻璃透側/支援背插/ATX,4190,,
14,CASE 機殼(+電源),微星 MSI 機殼,214,｛微星 MAG PANO 110R PZ 黑｝顯卡長40/CPU高16/全景玻璃透側/支援背插/ATX,2290,,
14,CASE 機殼(+電源),微星 MSI 機殼,215,｛微星 MAG PANO 110R PZ 白｝顯卡長40/CPU高16/全景玻璃透側/支援背插/ATX,2390,,
14,CASE 機殼(+電源),微星 MSI 機殼,216,｛微星 MAG PANO 130R PZ 黑｝顯卡長40/CPU高16.5/全景玻璃透側/支援背插/ATX,1790,,
14,CASE 機殼(+電源),微星 MSI 機殼,217,｛微星 MAG PANO 130R PZ 白｝顯卡長40/CPU高16.5/全景玻璃透側/支援背插/ATX,1890,,
14,CASE 機殼(+電源),微星 MSI 機殼,218,｛微星 MPG VIXTA 300R PZ 黑｝顯卡42/U高16.5/懸浮式底座/全景曲面玻璃/背插/ATX,3590,,
14,CASE 機殼(+電源),微星 MSI 機殼,219,｛微星 MPG VIXTA 300R PZ 白｝顯卡42/U高16.5/懸浮式底座/全景曲面玻璃/背插/ATX,3690,,
14,CASE 機殼(+電源),微星 MSI 機殼,220,｛微星 MPG VIXTA AIRFLOW 300R PZ 黑｝卡39/U高16.5/懸浮底座/玻璃透側/背插/ATX,3890,,
14,CASE 機殼(+電源),微星 MSI 機殼,221,｛微星 MPG VIXTA AIRFLOW 300R PZ 白｝卡39/U高16.5/懸浮底座/玻璃透側/背插/ATX,3990,,
14,CASE 機殼(+電源),微星 MSI 機殼,222,｛微星 MPG GUNGNIR 300R AIRFLOW｝顯卡長36/U高17.5/玻璃透側/顯卡支架/E-ATX,4990,,
14,CASE 機殼(+電源),微星 MSI 機殼,223,｛微星 MEG MAESTRO 900R｝顯卡44/U高17/全景玻璃/鋁合金材質/中置對稱架構/E-ATX,22990,,
14,CASE 機殼(+電源),技嘉 GIGABYTE 機殼,225,｛技嘉 C102 GLASS｝顯卡長41/CPU高16.5/磁吸面板/玻璃透側/M-ATX,1390,,
14,CASE 機殼(+電源),技嘉 GIGABYTE 機殼,226,｛技嘉 C102 GLASS ICE 白｝顯卡長41/CPU高16.5/磁吸面板/玻璃透側/M-ATX,1490,,
14,CASE 機殼(+電源),技嘉 GIGABYTE 機殼,227,｛技嘉 C103 GLASS GLOBAL｝顯卡長35.5/CPU高16.5/玻璃透側/ATX,1290,,
14,CASE 機殼(+電源),技嘉 GIGABYTE 機殼,228,｛技嘉 C201 Panoramic｝顯卡長41/CPU高19/全景玻璃透側/M-ATX,1890,,
14,CASE 機殼(+電源),技嘉 GIGABYTE 機殼,229,｛技嘉 C201 Panoramic ICE 白｝顯卡長41/CPU高19/全景玻璃透側/M-ATX,1990,,
14,CASE 機殼(+電源),技嘉 GIGABYTE 機殼,230,｛技嘉 C301 GLASS｝顯卡長40/CPU高17/玻璃透側/E-ATX,2290,,
14,CASE 機殼(+電源),技嘉 GIGABYTE 機殼,231,｛技嘉 C301 GLASS WHITE｝顯卡長40/CPU高17/玻璃透側/E-ATX,2490,,
14,CASE 機殼(+電源),技嘉 GIGABYTE 機殼,232,｛技嘉 C500 Panoramic Stealth｝顯卡長41/CPU高17.6/全景玻璃透側/支援背插/ATX,3290,,
14,CASE 機殼(+電源),技嘉 GIGABYTE 機殼,233,｛技嘉 C500 Panoramic Stealth ICE 白｝顯卡41/U高17.6/全景玻璃透側/支援背插/ATX,3490,,
14,CASE 機殼(+電源),技嘉 GIGABYTE 機殼,234,｛技嘉 AORUS C400 GLASS｝顯卡長36/CPU高16.8/垂直風道/玻璃透側/ATX,4290,,
14,CASE 機殼(+電源),技嘉 GIGABYTE 機殼,235,｛技嘉 AORUS C500 GLASS｝顯卡長42/CPU高19/玻璃透側/E-ATX,5490,,
14,CASE 機殼(+電源),技嘉 GIGABYTE 機殼,236,｛技嘉 AORUS C601 GLASS｝顯卡長42/U高19/雙玻璃透側/E-ATX,9990,,
14,CASE 機殼(+電源),大飛 darkFlash 機殼,238,｛darkFlash MOTI mini 網孔版｝顯卡長30/CPU高18/玻璃透側/M-ATX,990,,
14,CASE 機殼(+電源),大飛 darkFlash 機殼,239,｛darkFlash MOTI mini 黑｝顯卡長32.2/CPU高18/定光RGB扇*5/全景玻璃透側/M-ATX,1490,,
14,CASE 機殼(+電源),大飛 darkFlash 機殼,240,｛darkFlash MOTI mini 白｝顯卡長32.2/CPU高18/定光RGB扇*5/全景玻璃透側/M-ATX,1490,,
14,CASE 機殼(+電源),大飛 darkFlash 機殼,241,"｛darkFlash DK353 黑｝顯卡34/U高16.5/12cm彩虹扇*4(明暗,兩速切換)/玻璃透側/ATX",990,,
14,CASE 機殼(+電源),大飛 darkFlash 機殼,242,｛darkFlash DK431 粉｝顯卡長40/CPU高16/玻璃透側/右側風口/E-ATX,1890,,
14,CASE 機殼(+電源),大飛 darkFlash 機殼,243,｛darkFlash DRX70 黑｝顯卡長35/CPU高18/玻璃透側/磁吸面板/顯卡支架/ATX,1390,,
14,CASE 機殼(+電源),大飛 darkFlash 機殼,244,｛darkFlash DS900 黑｝顯卡長42.5/U高17/全景玻璃透側/ARGB風扇*4/顯卡支架/ATX,1590,,熱賣
14,CASE 機殼(+電源),大飛 darkFlash 機殼,245,｛darkFlash DS900 白｝顯卡長42.5/U高17/全景玻璃透側/ARGB風扇*4/顯卡支架/ATX,1690,,
14,CASE 機殼(+電源),大飛 darkFlash 機殼,246,｛darkFlash DS900 木紋版 黑｝顯卡長42.5/U高17/全景玻璃透側/ARGB風扇*4/ATX,1890,,
14,CASE 機殼(+電源),大飛 darkFlash 機殼,247,｛darkFlash DS900 木紋版 白｝顯卡長42.5/U高17/全景玻璃透側/ARGB風扇*4/ATX,1990,,
14,CASE 機殼(+電源),大飛 darkFlash 機殼,248,｛darkFlash DS900G 黑｝顯卡長42.5/U高17/全景曲面玻璃/ARGB風扇*4/顯卡支架/ATX,2290,,
14,CASE 機殼(+電源),大飛 darkFlash 機殼,249,｛darkFlash DS900G 白｝顯卡長42.5/U高17/全景曲面玻璃/ARGB風扇*4/顯卡支架/ATX,2390,,
14,CASE 機殼(+電源),大飛 darkFlash 機殼,250,｛darkFlash DS950V 黑｝顯卡長40/U高18/全景玻璃透側/6吋LCD/ARGB風扇*6/ATX,2790,,
14,CASE 機殼(+電源),大飛 darkFlash 機殼,251,darkFlash DS950V 黑/全景玻璃/6吋LCD/ATX+darkFlash E400 PLUS(黑)散熱器/溫度顯示,3290,,熱賣
14,CASE 機殼(+電源),大飛 darkFlash 機殼,252,｛darkFlash DS950V 白｝顯卡長40/U高18/全景玻璃透側/6吋LCD/ARGB風扇*6/ATX,2890,,
14,CASE 機殼(+電源),大飛 darkFlash 機殼,253,darkFlash DS950V 白/全景玻璃/6吋LCD/ATX+darkFlash E400 PLUS(白)散熱器/溫度顯示,3390,,熱賣
14,CASE 機殼(+電源),大飛 darkFlash 機殼,254,｛darkFlash DF4100 黑｝顯卡長43.5/CPU高18.5/玻璃透側/14cm風扇*4/E-ATX,1790,,
14,CASE 機殼(+電源),大飛 darkFlash 機殼,255,｛darkFlash DF4100 白｝顯卡長43.5/CPU高18.5/玻璃透側/14cm風扇*4/E-ATX,1890,,
14,CASE 機殼(+電源),大飛 darkFlash 機殼,256,｛darkFlash DY470 黑｝顯卡長41/CPU高17.5/分艙設計/三面全景玻璃/支援背插(限ATX),3290,,熱賣
14,CASE 機殼(+電源),大飛 darkFlash 機殼,258,｛darkFlash DY470 白｝顯卡長41/CPU高17.5/分艙設計/三面全景玻璃/支援背插(限ATX),3290,,熱賣
14,CASE 機殼(+電源),大飛 darkFlash 機殼,260,｛darkFlash DY460 白｝顯卡長40/CPU高18.5/三面全景玻璃/支援背插/ATX 原價$2990！,1990,,熱賣
14,CASE 機殼(+電源),"美商艾湃電競(首利) Apexgaming【上市25年 ""首利"" 100%品牌】",262,｛Apexgaming 蓋亞GAIA 黑｝顯卡長40/CPU高17/玻璃透側/鋁拉絲小牛皮飾板/E-ATX,1590,,
14,CASE 機殼(+電源),"美商艾湃電競(首利) Apexgaming【上市25年 ""首利"" 100%品牌】",263,｛Apexgaming 蓋亞GAIA 白｝顯卡長40/CPU高17/玻璃透側/鋁拉絲小牛皮飾板/E-ATX,1690,,
14,CASE 機殼(+電源),"美商艾湃電競(首利) Apexgaming【上市25年 ""首利"" 100%品牌】",264,｛Apexgaming V300 白｝顯卡長34/CPU高16/玻璃透側/分艙設計/M-ATX,1390,,
14,CASE 機殼(+電源),"美商艾湃電競(首利) Apexgaming【上市25年 ""首利"" 100%品牌】",266,｛Apexgaming METEOR TE220 黑｝顯卡長38.3/U高17.4/玻璃透側/含顯卡支架/E-ATX,2190,,
14,CASE 機殼(+電源),"美商艾湃電競(首利) Apexgaming【上市25年 ""首利"" 100%品牌】",267,｛Apexgaming METEOR TE220 白｝顯卡長38.3/U高17.4/玻璃透側/含顯卡支架/E-ATX,2390,,
14,CASE 機殼(+電源),"美商艾湃電競(首利) Apexgaming【上市25年 ""首利"" 100%品牌】",268,｛Apexgaming APOLLO A620 白｝顯卡長44/U高17/玻璃透側/定色RGB扇/背插/E-ATX,1790,,
14,CASE 機殼(+電源),"美商艾湃電競(首利) Apexgaming【上市25年 ""首利"" 100%品牌】",269,｛Apexgaming POSEIDON P630 黑｝顯卡長44/CPU高17/全景玻璃/支援背插/E-ATX,1890,,
14,CASE 機殼(+電源),"美商艾湃電競(首利) Apexgaming【上市25年 ""首利"" 100%品牌】",270,｛Apexgaming POSEIDON P630 白｝顯卡長44/CPU高17/全景玻璃/支援背插/E-ATX,1990,,
14,CASE 機殼(+電源),美洲獅 COUGAR 機殼,272,COUGAR Archon 2 RGB 白/玻璃透側/ATX+COUGAR ATLAS 650W/銅牌 現省$1190！,2290,,熱賣
14,CASE 機殼(+電源),美洲獅 COUGAR 機殼,273,｛COUGAR PURITY RGB 黑｝顯卡長30.5/CPU高16/玻璃透側/M-ATX,1390,,
14,CASE 機殼(+電源),美洲獅 COUGAR 機殼,274,｛COUGAR PURITY RGB 白｝顯卡長30.5/CPU高16/玻璃透側/M-ATX,1390,,
14,CASE 機殼(+電源),美洲獅 COUGAR 機殼,275,｛COUGAR MX360 RGB｝顯卡長31.5/CPU高17/玻璃透側/ATX▼下殺到 9/30 20:00,1180,1390,價格異動 下殺
14,CASE 機殼(+電源),美洲獅 COUGAR 機殼,276,｛COUGAR MX600 RGB 黑｝顯卡長40/CPU高18/玻璃透側/方形進氣孔/E-ATX▼下殺到 9/30 20:00,2790,3290,價格異動 下殺
14,CASE 機殼(+電源),美洲獅 COUGAR 機殼,277,｛COUGAR MX600 RGB 白｝顯卡長40/CPU高18/玻璃透側/方形進氣孔/E-ATX▼下殺到 9/30 20:00,2880,3390,價格異動 下殺
14,CASE 機殼(+電源),美洲獅 COUGAR 機殼,278,｛COUGAR Archon 2 RGB 白｝顯卡長31.5/CPU高17/玻璃透側/ATX,1690,,
14,CASE 機殼(+電源),美洲獅 COUGAR 機殼,279,｛COUGAR Archon 2 Mesh RGB 黑｝顯卡長31.5/CPU高17/玻璃透側/ATX,1390,,
14,CASE 機殼(+電源),美洲獅 COUGAR 機殼,280,｛COUGAR Archon 2 Mesh RGB 白｝顯卡長31.5/CPU高17/玻璃透側/ATX,1390,,
14,CASE 機殼(+電源),美洲獅 COUGAR 機殼,281,｛COUGAR Airface Pure Pro 黑｝顯卡長32/CPU高17.5/玻璃透側/ATX 原價$1890！,1590,,熱賣
14,CASE 機殼(+電源),美洲獅 COUGAR 機殼,282,｛COUGAR Airface Pure Pro 白｝顯卡長32/CPU高17.5/玻璃透側/ATX 原價$1990！,1690,,熱賣
14,CASE 機殼(+電源),美洲獅 COUGAR 機殼,283,｛COUGAR Airface 180 黑｝顯卡長34/U高17/前18cm雙風扇/玻璃透側/支援背插/ATX,1990,,
14,CASE 機殼(+電源),美洲獅 COUGAR 機殼,284,｛COUGAR Airface 180 白｝顯卡長34/U高17/前18cm雙風扇/玻璃透側/支援背插/ATX,2090,,
14,CASE 機殼(+電源),美洲獅 COUGAR 機殼,285,｛COUGAR CFV235 黑｝顯卡長43/CPU高17.5/懸浮式架構/全景玻璃透側/背插/ATX▼下殺到 9/30 20:00,3300,3890,價格異動 下殺
14,CASE 機殼(+電源),美洲獅 COUGAR 機殼,286,｛COUGAR CFV235 白｝顯卡長43/CPU高17.5/懸浮式架構/全景玻璃透側/背插/ATX▼下殺到 9/30 20:00,3390,3990,價格異動 下殺
14,CASE 機殼(+電源),美洲獅 COUGAR 機殼,287,｛COUGAR CFV235 Mesh 黑｝顯卡長40/CPU高17.5/懸浮式架構/玻璃透側/背插/ATX▼下殺到 9/30 20:00,3470,4090,價格異動 下殺
14,CASE 機殼(+電源),美洲獅 COUGAR 機殼,288,｛COUGAR CFV235 Mesh 白｝ 顯卡長40/CPU高17.5/懸浮式架構/玻璃透側/背插/ATX▼下殺到 9/30 20:00,3560,4190,價格異動 下殺
14,CASE 機殼(+電源),美洲獅 COUGAR 機殼,289,｛COUGAR Duoface RGB 黑｝ 卡33/U高19/雙面板/Logo燈效/玻璃透側/E-ATX 原價$2490！,1990,,熱賣
14,CASE 機殼(+電源),美洲獅 COUGAR 機殼,290,｛COUGAR Duoface RGB 白｝卡33/U高19/雙面板/Logo燈效/玻璃透側/E-ATX 原價$2590！,2090,,熱賣
14,CASE 機殼(+電源),美洲獅 COUGAR 機殼,291,"｛COUGAR Duoface Pro RGB 黑｝卡39/U高19/雙面板/可拆上蓋,面板架/玻璃透側/E-ATX▼下殺到 9/30 20:00",2460,2890,價格異動 下殺
14,CASE 機殼(+電源),美洲獅 COUGAR 機殼,292,"｛COUGAR Duoface Pro RGB 白｝卡39/U高19/雙面板/可拆上蓋,面板架/玻璃透側/E-ATX▼下殺到 9/30 20:00",2540,2990,價格異動 下殺
14,CASE 機殼(+電源),美洲獅 COUGAR 機殼,293,｛COUGAR Uniface Mini RGB 黑｝顯卡長34/CPU高16/玻璃透側/M-ATX 原價$1790,1490,,
14,CASE 機殼(+電源),美洲獅 COUGAR 機殼,294,｛COUGAR Uniface Mini RGB 白｝顯卡長34/CPU高16/玻璃透側/M-ATX 原價$1890,1590,,
14,CASE 機殼(+電源),美洲獅 COUGAR 機殼,295,｛COUGAR Uniface RGB 黑｝顯卡長40/CPU高18/玻璃透側/E-ATX 原價$2590！,2090,,
14,CASE 機殼(+電源),美洲獅 COUGAR 機殼,296,｛COUGAR Uniface RGB 白｝顯卡長40/CPU高18/玻璃透側/E-ATX 原價$2690！,2190,,
14,CASE 機殼(+電源),美洲獅 COUGAR 機殼,297,｛COUGAR FV150 Mini RGB 黑｝顯卡40/U高17/定光扇*3/分艙/全景玻璃/背插/M-ATX▼下殺到 9/30 20:00,1190,1490,價格異動 下殺
14,CASE 機殼(+電源),美洲獅 COUGAR 機殼,298,｛COUGAR FV150 Mini RGB 白｝顯卡40/U高17/定光扇*3/分艙/全景玻璃/背插/M-ATX▼下殺到 9/30 20:00,1290,1590,價格異動 下殺
14,CASE 機殼(+電源),美洲獅 COUGAR 機殼,299,｛COUGAR FV150 Mini RGB 粉｝顯卡40/U高17/定光扇*3/分艙/全景玻璃/背插/M-ATX▼下殺到 9/30 20:00,1290,1590,價格異動 下殺
14,CASE 機殼(+電源),美洲獅 COUGAR 機殼,300,｛COUGAR FV150 RGB 黑｝顯卡長40/CPU高18/分艙設計/全景玻璃透側/ATX,2290,,
14,CASE 機殼(+電源),美洲獅 COUGAR 機殼,301,｛COUGAR FV150 RGB 白｝顯卡長40/CPU高18/分艙設計/全景玻璃透側/ATX,2390,,
14,CASE 機殼(+電源),美洲獅 COUGAR 機殼,302,｛COUGAR FV150 RGB 粉｝顯卡長40/CPU高18/分艙設計/全景玻璃透側/ATX,2390,,
14,CASE 機殼(+電源),美洲獅 COUGAR 機殼,303,｛COUGAR OmnyX 黑｝顯卡長38/U高17/玻璃透側/對稱式設計/雙向滑軌I/O/背插/ATX,4890,,
14,CASE 機殼(+電源),美洲獅 COUGAR 機殼,304,｛COUGAR OmnyX 白｝顯卡長38/U高17/玻璃透側/對稱式設計/雙向滑軌I/O/背插/ATX,4990,,
14,CASE 機殼(+電源),美洲獅 COUGAR 機殼,305,｛COUGAR FV270 RGB 黑｝顯卡長42/CPU高18/曲面全景玻璃/支援背插/E-ATX,5490,,
14,CASE 機殼(+電源),美洲獅 COUGAR 機殼,306,COUGAR FV270 RGB 黑 /曲面全景玻璃/支援背插/E-ATX + 專用發光旋轉展示台(黑),5990,,熱賣
14,CASE 機殼(+電源),美洲獅 COUGAR 機殼,307,｛COUGAR FV270 RGB 白｝顯卡長42/CPU高18/曲面全景玻璃/支援背插/E-ATX,5590,,
14,CASE 機殼(+電源),美洲獅 COUGAR 機殼,308,COUGAR FV270 RGB 白 /曲面全景玻璃/支援背插/E-ATX + 專用發光旋轉展示台(白),6090,,熱賣
14,CASE 機殼(+電源),亞碩國際 機殼,310,｛亞碩 N62 白｝顯卡長28.5/CPU高18/玻璃透側/仿木塗層I/O面板/ATX,990,,
14,CASE 機殼(+電源),先馬 SAMA 機殼,312,｛SAMA SAK451 大境界 白｝顯卡長43/CPU高18.3/全景玻璃透側/支援背插/ATX,2990,,熱賣
14,CASE 機殼(+電源),先馬 SAMA 機殼,314,｛SAMA SAK736 幻境界 黑｝顯卡長41/CPU高18/全景玻璃透側/ATX,1590,,
14,CASE 機殼(+電源),先馬 SAMA 機殼,315,｛SAMA SAK736 幻境界 白｝顯卡長41/CPU高18/全景玻璃透側/ATX,1690,,
14,CASE 機殼(+電源),先馬 SAMA 機殼,316,｛SAMA V42 黑｝顯卡長41/CPU高18.1/玻璃透側/支援背插/ATX,1390,,
14,CASE 機殼(+電源),先馬 SAMA 機殼,317,｛SAMA V71 黑｝顯卡長41/CPU高16.5/曲面全景玻璃/分艙設計/支援背插/ATX,2790,,
14,CASE 機殼(+電源),先馬 SAMA 機殼,318,｛SAMA V71 白｝顯卡長41/CPU高16.5/曲面全景玻璃/分艙設計/支援背插/ATX,2890,,
14,CASE 機殼(+電源),旋剛 Sharkoon 機殼,320,｛旋剛 REV300 顛覆至尊 黑｝顯卡34.5/U高17.7/7風扇/玻璃透側/E-ATX 左側放置推薦！,1990,,
14,CASE 機殼(+電源),旋剛 Sharkoon 機殼,321,｛旋剛 REV300 顛覆至尊 白｝顯卡34.5/U高17.7/7風扇/玻璃透側/E-ATX 左側放置推薦！,1990,,
14,CASE 機殼(+電源),旋剛 Sharkoon 機殼,322,｛旋剛 光影者 RGB｝顯卡長37.5/CPU高16.5/A.RGB風扇/壓克力透側/ATX,1690,,
14,CASE 機殼(+電源),旋剛 Sharkoon 機殼,323,｛旋剛 馭風者 RGB｝顯卡長37.5/CPU高16.5/A.RGB風扇/壓克力透側/ATX,1690,,
14,CASE 機殼(+電源),旋剛 Sharkoon 機殼,324,｛旋剛 小暴風 S1000｝顯卡長40/CPU高15.5/SSD*2/M-ATX,1190,,
14,CASE 機殼(+電源),旋剛 Sharkoon 機殼,325,｛旋剛 AK5M RGB 黑｝顯卡長41/CPU高17/玻璃透側/支援背插/ATX,1290,,
14,CASE 機殼(+電源),旋剛 Sharkoon 機殼,326,｛旋剛 AK6 RGB 黑｝顯卡長41/CPU高17/全景玻璃透側/含顯卡支架/支援背插/ATX,1990,,
14,CASE 機殼(+電源),旋剛 Sharkoon 機殼,327,｛旋剛 AK6 RGB 白｝顯卡長41/CPU高17/全景玻璃透側/含顯卡支架/支援背插/ATX,2090,,
14,CASE 機殼(+電源),旋剛 Sharkoon 機殼,328,｛旋剛 AK7 ARGB 黑｝顯卡長41/CPU高17/不織布覆蓋/全景玻璃透側/支援背插/ATX,1990,,
14,CASE 機殼(+電源),旋剛 Sharkoon 機殼,329,｛旋剛 AK7 ARGB 白｝顯卡長41/CPU高17/不織布覆蓋/全景玻璃透側/支援背插/ATX,2090,,
14,CASE 機殼(+電源),旋剛 Sharkoon 機殼,330,｛旋剛 TK5M RGB｝顯卡長31(33.5)/CPU高15.7/前置Type-C/玻璃透側/ATX,1290,,熱賣
14,CASE 機殼(+電源),旋剛 Sharkoon 機殼,331,｛旋剛 RGB HEX｝顯卡長35/CPU高15.8/標配12cm風扇*6/玻璃透側/ATX,1990,,
14,CASE 機殼(+電源),旋剛 Sharkoon 機殼,332,｛旋剛 RGB SLIDER 流影者 黑｝顯卡長33.5/CPU高15.7/玻璃透側/RGB面板燈條/ATX,1190,,
14,CASE 機殼(+電源),旋剛 Sharkoon 機殼,333,｛旋剛 RGB SLIDER 流影者 白｝顯卡長33.5/CPU高15.7/玻璃透側/RGB面板燈條/ATX,1290,,
14,CASE 機殼(+電源),旋剛 Sharkoon 機殼,334,｛旋剛 RGB WAVE 逐浪者｝顯卡長31/CPU高15.7/玻璃透側/前置Type-C/ATX,1390,,
14,CASE 機殼(+電源),1st Player 首席玩家,336,｛1st Player SP7 黑｝顯卡長40/CPU高18.5/分艙設計/聲波律動燈條/玻璃透側/ATX,1490,,
14,CASE 機殼(+電源),1st Player 首席玩家,337,｛1st Player SP7 白｝顯卡長40/CPU高18.5/分艙設計/聲波律動燈條/玻璃透側/ATX,1490,,
14,CASE 機殼(+電源),安鈦克 Antec 機殼,339,｛Antec CX200M 定光RGB 黑｝顯卡長33/CPU高16.4/風扇*5/全景玻璃透側/M-ATX,1390,,
14,CASE 機殼(+電源),安鈦克 Antec 機殼,340,｛Antec CX200M 定光RGB 白｝顯卡長33/CPU高16.4/風扇*5/全景玻璃透側/M-ATX,1390,,
14,CASE 機殼(+電源),安鈦克 Antec 機殼,341,｛Antec CX500M ARGB 黑｝顯卡長41.5/CPU高16.5/全景玻璃透側/M-ATX,1690,,
14,CASE 機殼(+電源),安鈦克 Antec 機殼,342,｛Antec CX500M ARGB 白｝顯卡長41.5/CPU高16.5/全景玻璃透側/M-ATX,1690,,
14,CASE 機殼(+電源),安鈦克 Antec 機殼,343,｛Antec CX700 定光RGB ELITE 黑｝顯卡長41/CPU高16/風扇*6/全景玻璃透側/ATX,1890,,
14,CASE 機殼(+電源),安鈦克 Antec 機殼,344,｛Antec CX700 定光RGB ELITE 白｝顯卡長41/CPU高16/風扇*6/全景玻璃透側/ATX,1890,,
14,CASE 機殼(+電源),安鈦克 Antec 機殼,345,｛Antec CX700 ARGB 黑｝顯卡長41/CPU高16/ARGB風扇*3/全景玻璃透側/ATX,1690,,
14,CASE 機殼(+電源),安鈦克 Antec 機殼,346,｛Antec FLUX M｝顯卡長40.5/CPU高17.5/風扇*6/玻璃透側/分艙設計/M-ATX,1690,,
14,CASE 機殼(+電源),安鈦克 Antec 機殼,347,｛Antec FLUX REAR｝顯卡長40/CPU高18/實木飾條/玻璃透側/支援背插/ATX,2590,,
14,CASE 機殼(+電源),安鈦克 Antec 機殼,348,｛Antec FLUX SE｝顯卡長40.8/CPU高18/胡桃木混搭面板/金屬側板/支援背插/E-ATX,2890,,
14,CASE 機殼(+電源),安鈦克 Antec 機殼,349,｛Antec FLUX 黑｝顯卡長40.8/CPU高18/胡桃木混搭面板/玻璃透側/支援背插/E-ATX,2890,,
14,CASE 機殼(+電源),安鈦克 Antec 機殼,350,｛Antec FLUX 白｝顯卡長40.8/CPU高18/樺木混搭面板/玻璃透側/支援背插/E-ATX,3090,,
14,CASE 機殼(+電源),安鈦克 Antec 機殼,351,｛Antec FLUX PRO 白｝顯卡長45.5/U高19/溫度顯示/樺木混搭面板/玻璃透側/E-ATX,4990,,
14,CASE 機殼(+電源),安鈦克 Antec 機殼,352,｛Antec Flux Pro Noctua Edition｝卡45.5/U高19/貓頭鷹風扇*6/溫度顯示/玻璃透側/E-ATX,12999,,熱賣
14,CASE 機殼(+電源),安鈦克 Antec 機殼,353,｛Antec C2M ARGB 黑｝顯卡長41.5/CPU高16.5/全景玻璃透側/M-ATX,1590,,
14,CASE 機殼(+電源),安鈦克 Antec 機殼,354,｛Antec C2M ARGB 白｝顯卡長41.5/CPU高16.5/全景玻璃透側/M-ATX,1690,,
14,CASE 機殼(+電源),安鈦克 Antec 機殼,355,｛Antec C3 ARGB 黑｝顯卡長41.5/CPU高16/全景玻璃透側/ATX,1690,,
14,CASE 機殼(+電源),安鈦克 Antec 機殼,356,｛Antec C3 ARGB 白｝顯卡長41.5/CPU高16/全景玻璃透側/ATX,1790,,
14,CASE 機殼(+電源),安鈦克 Antec 機殼,357,｛Antec C5 Curve ARGB 黑｝顯卡41/U高16/4風扇+燈條/全景曲面玻璃/分艙/背插/ATX,2990,,
14,CASE 機殼(+電源),安鈦克 Antec 機殼,358,｛Antec C5 Curve ARGB 白｝顯卡41/U高16/4風扇+燈條/全景曲面玻璃/分艙/背插/ATX,2990,,
14,CASE 機殼(+電源),安鈦克 Antec 機殼,359,｛Antec C5 ARGB 黑｝顯卡長41/U高16/分艙設計/7風扇+燈條/全景玻璃透側/背插/ATX,2490,,
14,CASE 機殼(+電源),安鈦克 Antec 機殼,360,｛Antec C6 Curve Air 黑｝顯卡長45/CPU高18/三面曲面玻璃/側置電源/支援背插/ATX,2790,,
14,CASE 機殼(+電源),安鈦克 Antec 機殼,361,｛Antec C6 Curve Air 白｝顯卡長45/CPU高18/三面曲面玻璃/側置電源/支援背插/ATX,2890,,
14,CASE 機殼(+電源),安鈦克 Antec 機殼,362,｛Antec C6 Curve ARGB 黑｝顯卡長45/CPU高18/三面曲面玻璃/側置電源/支援背插/ATX,2890,,
14,CASE 機殼(+電源),安鈦克 Antec 機殼,363,｛Antec C7 ARGB 黑｝顯卡長45/CPU高18/全景玻璃透側/支援背插/ATX,2990,,
14,CASE 機殼(+電源),安鈦克 Antec 機殼,364,｛Antec C8 ARGB 黑｝顯卡長44/CPU高17.5/分艙設計/全景玻璃透側/E-ATX,3990,,
14,CASE 機殼(+電源),安鈦克 Antec 機殼,365,｛Antec C8 ARGB 白｝顯卡長44/CPU高17.5/分艙設計/全景玻璃透側/E-ATX,4190,,
14,CASE 機殼(+電源),安鈦克 Antec 機殼,366,｛Antec C8 Curve Wood 黑｝顯卡長44/U高17.5/分艙設計/全景曲面玻璃/背插/E-ATX,3990,,
14,CASE 機殼(+電源),安鈦克 Antec 機殼,367,｛Antec P7 S 靜音機殼｝顯卡長40.5/CPU高17.5/雙側靜音側板/ATX,1490,,
14,CASE 機殼(+電源),安鈦克 Antec 機殼,368,｛Antec P10 FLUX 靜音機殼｝顯卡長40.5/CPU高17.5/創新風流架構/內建風速切換/ATX,2290,,
14,CASE 機殼(+電源),安鈦克 Antec 機殼,369,｛Antec P10C 靜音機殼｝顯卡長40.5/CPU高17.5/前置Type-C/內建風速切換/ATX,2690,,
14,CASE 機殼(+電源),安鈦克 Antec 機殼,370,｛Antec P20CE｝顯卡長37.5/CPU高17/無透側版/可拆式顯卡支架/E-ATX,2390,,
14,CASE 機殼(+電源),安鈦克 Antec 機殼,371,｛Antec P30 AIR｝顯卡長40.5/CPU高17.5/玻璃透側/木質網孔混搭面板/ATX,1890,,
14,CASE 機殼(+電源),安鈦克 Antec 機殼,372,｛Antec P30 ARGB｝顯卡長40.5/CPU高17.5/玻璃透側/木質網孔混搭面板/ATX,1990,,
14,CASE 機殼(+電源),安鈦克 Antec 機殼,373,｛Antec P120 Crystal 白｝限量版/顯卡長45/CPU高18.5/玻璃透側/E-ATX,2590,,
14,CASE 機殼(+電源),安鈦克 Antec 機殼,374,｛Antec Performance 1 FT 白｝顯卡長40/CPU高17.5/溫度顯示面板/雙玻璃透側/E-ATX,4690,,
14,CASE 機殼(+電源),安鈦克 Antec 機殼,375,｛Antec 900 全塔式機殼｝顯卡長49.5/U高19/玻璃透側/支援*8 PCI slot/支援背插/EEB,5990,,熱賣
14,CASE 機殼(+電源),火鳥 BitFenix 機殼,377,｛BitFenix 小巨蛋 黑 鐵網版｝顯卡長33.9/CPU高19/玻璃透側/M-ATX,1790,,
14,CASE 機殼(+電源),火鳥 BitFenix 機殼,378,｛BitFenix 小巨蛋 白 鐵網版｝顯卡長33.9/CPU高19/玻璃透側/M-ATX,1790,,
14,CASE 機殼(+電源),火鳥 BitFenix 機殼,379,｛BitFenix 小巨蛋 黑 幻彩版｝顯卡長33.9/U高19/含ARGB風扇*3燈條*2/玻璃透側/M-ATX,1990,,
14,CASE 機殼(+電源),火鳥 BitFenix 機殼,380,｛BitFenix 小巨蛋 白 幻彩版｝顯卡長33.9/U高19/含ARGB風扇*3燈條*2/玻璃透側/M-ATX,1990,,
14,CASE 機殼(+電源),火鳥 BitFenix 機殼,381,｛BitFenix 諾瓦星 M 黑｝顯卡長34.5/CPU高16/前置Type-C/玻璃透側/M-ATX,1390,,
14,CASE 機殼(+電源),火鳥 BitFenix 機殼,382,｛BitFenix 風魅影 Flow EX 2024C 黑｝顯卡長43.4/U高17/Type-C/玻璃透側/ATX,1490,,
14,CASE 機殼(+電源),火鳥 BitFenix 機殼,383,｛BitFenix CETO Basic 黑｝顯卡長39/CPU高16.5/全景玻璃透側/ATX,1590,,
14,CASE 機殼(+電源),火鳥 BitFenix 機殼,384,｛BitFenix CETO Basic 白｝顯卡長39/CPU高16.5/全景玻璃透側/ATX,1690,,
14,CASE 機殼(+電源),火鳥 BitFenix 機殼,385,｛BitFenix CETO ARGB 黑｝顯卡長41/CPU高18.1/全景玻璃透側/支援背插/ATX,1990,,
14,CASE 機殼(+電源),HYTE 美國電競潮牌,387,｛HYTE X50 Air 黑｝顯卡長43/CPU高17/全覆蓋微網孔設計/ATX(X50A-BB),3890,,
14,CASE 機殼(+電源),HYTE 美國電競潮牌,388,｛HYTE X50 黑｝顯卡長43/CPU高17/微網孔設計/曲面玻璃側板/ATX(X50G-BB),4890,,
14,CASE 機殼(+電源),HYTE 美國電競潮牌,389,｛HYTE X50 白｝顯卡長43/CPU高17/微網孔設計/曲面玻璃側板/ATX(X50G-WW),4890,,
14,CASE 機殼(+電源),HYTE 美國電競潮牌,390,｛HYTE Y70 touch infinite 黑｝顯卡42.2/U高18/PCIe 4.0/14.9觸控LCD/全景玻璃/E-ATX,12490,,
14,CASE 機殼(+電源),HYTE 美國電競潮牌,391,｛HYTE Y70 touch infinite 雪白｝顯卡42.2/U高18/PCIe 4.0/14.9觸控LCD/全景玻璃/E-ATX,12490,,
14,CASE 機殼(+電源),追風者 Phanteks 機殼,393,｛Phanteks XT Pro Ultra 黑｝卡41.5/U18.4/玻璃透側/背插(限ATX)(XT523P1_DBK01),2200,,
14,CASE 機殼(+電源),追風者 Phanteks 機殼,394,｛Phanteks XT Pro Ultra 白｝卡41.5/U18.4/玻璃透側/背插(限ATX)(XT523P1_DWT01),2390,,
14,CASE 機殼(+電源),追風者 Phanteks 機殼,395,｛Phanteks XT Pro SILENT｝卡41.5/U高18.4/吸音棉降噪/背插(限ATX)(XT523PSC_BK01),2390,,
14,CASE 機殼(+電源),追風者 Phanteks 機殼,396,｛Phanteks XT M3 白｝顯卡長43/U高17.5/玻璃透側/支援背插/M-ATX(XT325M_WT01),1490,,
14,CASE 機殼(+電源),追風者 Phanteks 機殼,397,｛Phanteks XT M3 黑(三風扇)｝顯卡43/U高17.5/玻璃透側/背插/M-ATX(XT325M_DBK01),1990,,
14,CASE 機殼(+電源),追風者 Phanteks 機殼,398,｛Phanteks XT M3 白(三風扇)｝顯卡43/U高17.5/玻璃透側/背插/M-ATX(XT325M_DWT01),1990,,
14,CASE 機殼(+電源),追風者 Phanteks 機殼,399,｛Phanteks XT M5 黑｝顯卡長42.5/U高17.5/玻璃透側/分艙設計/ATX(XT525M_DBK01),2190,,
14,CASE 機殼(+電源),追風者 Phanteks 機殼,400,｛Phanteks XT V3 黑｝顯卡長43/U高17.5/全景玻璃透側/背插/M-ATX(XT325V_DBK01),1990,,
14,CASE 機殼(+電源),追風者 Phanteks 機殼,401,｛Phanteks XT V3 白｝顯卡長43/U高17.5/全景玻璃透側/背插/M-ATX(XT325V_DWT01),1990,,
14,CASE 機殼(+電源),追風者 Phanteks 機殼,402,｛Phanteks XT V5 黑｝顯卡長42.5/CPU高17.5/全景玻璃/分艙設計/ATX(XT525V_DBK01),2190,,
14,CASE 機殼(+電源),追風者 Phanteks 機殼,403,｛Phanteks XT View 黑｝卡41.5/U高18.4/全景玻璃/支援背插限ATX(XT523V1_DBK01),2590,,
14,CASE 機殼(+電源),追風者 Phanteks 機殼,404,｛Phanteks XT View 白｝卡41.5/U高18.4/全景玻璃/支援背插限ATX(XT523V1_DWT01),2590,,
14,CASE 機殼(+電源),追風者 Phanteks 機殼,405,｛Phanteks XT View Matrix 黑｝卡41.5/U18.4/布面LED顯示/背插限ATX(XT523VM1_DBK01),3490,,
14,CASE 機殼(+電源),追風者 Phanteks 機殼,406,｛Phanteks XT View Matrix 白｝卡41.5/U18.4/布面LED顯示/背插限ATX(XT523VM1_DWT01),3490,,
14,CASE 機殼(+電源),追風者 Phanteks 機殼,407,｛Phanteks NV5 MKII 黑｝顯卡長44/U高18/全景玻璃/背插(限ATX)(NV523TG_DBK02),3490,,
14,CASE 機殼(+電源),追風者 Phanteks 機殼,408,｛Phanteks NV5S 黑｝顯卡長43/CPU高17/全景玻璃透側/四風扇/ATX(NV523S_DBK01),3690,,
14,CASE 機殼(+電源),追風者 Phanteks 機殼,409,｛Phanteks Evolv S2 黑｝卡39.5/U高17.5/懸浮設計/全景玻璃/背插限ATX(ES524S2_DBK01),3790,,
14,CASE 機殼(+電源),追風者 Phanteks 機殼,410,｛Phanteks Evolv X2 黑｝卡38/U高17/懸浮設計/全景玻璃/背插限ATX(ES524XTG_DBK01),4690,,
14,CASE 機殼(+電源),追風者 Phanteks 機殼,411,｛Phanteks Evolv X2 白｝卡38/U高17/懸浮設計/全景玻璃/背插限ATX(ES524XTG_DMW01),4990,,
14,CASE 機殼(+電源),追風者 Phanteks 機殼,412,｛Phanteks Evolv X2 Matrix 黑｝卡38/U高17/布面LED顯示/背插限ATX(ES524XM_DBK01),5790,,
14,CASE 機殼(+電源),追風者 Phanteks 機殼,413,｛Phanteks Evolv X2 Matrix 白｝卡38/U高17/布面LED顯示/背插限ATX(ES524XM_DMW01),5790,,
14,CASE 機殼(+電源),追風者 Phanteks 機殼,414,｛Phanteks Eclipse G370A｝顯卡長40/CPU高17/玻璃透側/EEB(EC370A_DBK01),1990,,
14,CASE 機殼(+電源),追風者 Phanteks 機殼,415,｛Phanteks Eclipse G400A 黑｝卡41.5/U高18.4/玻璃透側/背插/E-ATX(EC400GA_DBK01),3390,,
14,CASE 機殼(+電源),追風者 Phanteks 機殼,416,｛Phanteks Eclipse G400A 白｝卡41.5/U高18.4/玻璃透側/背插/E-ATX(EC400GA_DMW01),3390,,
14,CASE 機殼(+電源),追風者 Phanteks 機殼,417,｛Phanteks Enthoo Pro2 黑(非透側)｝顯卡50/U高19.5/支援雙電供/EEB(ES620PC_BK),4100,,
14,CASE 機殼(+電源),追風者 Phanteks 機殼,418,｛Phanteks Enthoo Pro2 黑｝顯卡50/U高19.5/玻璃透側/雙電供/EEB(ES620PTG_DBK),4410,,
14,CASE 機殼(+電源),追風者 Phanteks 機殼,419,｛Phanteks Enthoo Pro2 V2 伺服器版(非透側)｝顯卡50/U高19.5/EEB(ES620PC_BK03),5090,,
14,CASE 機殼(+電源),追風者 Phanteks 機殼,420,｛Phanteks Enthoo Pro2 黑 伺服器版｝顯卡50/U高19.5/玻璃透側/EEB(ES620PTG_BK02),5390,,
14,CASE 機殼(+電源),追風者 Phanteks 機殼,421,｛Phanteks Enthoo Elite 黑｝顯卡51.5/U高21/支援雙電供/玻璃透側/EEB(ES916E_BK),32450,,
14,CASE 機殼(+電源),Fractal Design 機殼,423,｛Fractal Design Era 2 銀色｝顯卡長32.6/厚4.8(6.3)/高13.7/CPU高5.5(7)/ITX【SFX】,7900,,
14,CASE 機殼(+電源),Fractal Design 機殼,424,｛Fractal Design Era 2 深灰｝顯卡長32.6/厚4.8(6.3)/高13.7/CPU高5.5(7)/ITX【SFX】,7900,,
14,CASE 機殼(+電源),Fractal Design 機殼,425,｛Fractal Design Era 2 午夜藍｝顯卡長32.6/厚4.8(6.3)/高13.7/CPU高5.5(7)/ITX【SFX】,7900,,
14,CASE 機殼(+電源),Fractal Design 機殼,426,｛Fractal Design Ridge 黑｝顯卡33.5(32.5)/厚8.2(5.7)/高13.7(12.5)/CPU高7/ITX【SFX】,4890,,
14,CASE 機殼(+電源),Fractal Design 機殼,427,｛Fractal Design Ridge 白｝顯卡33.5(32.5)/厚8.2(5.7)/高13.7(12.5)/CPU高7/ITX【SFX】,4890,,
14,CASE 機殼(+電源),Fractal Design 機殼,428,｛Fractal Design Terra 黑｝顯卡32.2(厚4.3-7.2)/U高7.7(4.8)/鋁機身/胡桃木面板/ITX【SFX】,6790,,
14,CASE 機殼(+電源),Fractal Design 機殼,429,｛Fractal Design Terra 銀｝顯卡32.2(厚4.3-7.2)/U高7.7(4.8)/鋁機身/胡桃木面板/ITX【SFX】,6790,,
14,CASE 機殼(+電源),Fractal Design 機殼,430,｛Fractal Design Terra 綠｝顯卡32.2(厚4.3-7.2)/U高7.7(4.8)/鋁機身/胡桃木面板/ITX【SFX】,6790,,
14,CASE 機殼(+電源),Fractal Design 機殼,431,｛Fractal Design Mood 灰｝顯卡長32.5(厚5.6)/CPU高11.4/透氣織布柱狀設計/ITX【SFX】,5990,,
14,CASE 機殼(+電源),Fractal Design 機殼,432,｛Fractal Design Mood 黑｝顯卡長32.5(厚5.6)/CPU高11.4/透氣織布柱狀設計/ITX【SFX】,5990,,
14,CASE 機殼(+電源),Fractal Design 機殼,433,｛Fractal Design Pop 2 Air RGB 黑｝顯卡長41.6/CPU高17.5/玻璃透側/ATX(POA2A-03),3690,,
14,CASE 機殼(+電源),Fractal Design 機殼,434,｛Fractal Design Pop 2 Air RGB 白｝顯卡長41.6/CPU高17.5/玻璃透側/ATX(POA2A-04),3690,,
14,CASE 機殼(+電源),Fractal Design 機殼,435,｛Fractal Design Pop 2 Vision RGB 黑｝顯卡41.2/U高17.2/全景玻璃/背插/ATX(POV2A-02),3690,,
14,CASE 機殼(+電源),Fractal Design 機殼,436,｛Fractal Design Pop 2 Vision RGB 白｝顯卡41.2/U高17.2/全景玻璃/背插/ATX(POV2A-03),3690,,
14,CASE 機殼(+電源),Fractal Design 機殼,437,｛Fractal Design Epoch TG 黑｝淺色玻璃/顯卡長37.2/CPU高17/ATX(EPO1A-02),3590,,
14,CASE 機殼(+電源),Fractal Design 機殼,438,｛Fractal Design Epoch TG 白｝透明玻璃/顯卡長37.2/CPU高17/ATX(EPO1A-03),3590,,
14,CASE 機殼(+電源),Fractal Design 機殼,439,｛Fractal Design Epoch TG RGB 黑｝淺色玻璃/顯卡長37.2/CPU高17/ATX(EPO1A-04),4390,,酷幣300
14,CASE 機殼(+電源),Fractal Design 機殼,440,｛Fractal Design Epoch TG RGB 白｝透明玻璃/顯卡長37.2/CPU高17/ATX(EPO1A-05),4390,,酷幣300
14,CASE 機殼(+電源),Fractal Design 機殼,441,｛Fractal Design Epoch XL 黑｝金屬側板/顯卡42.5/CPU高17.6/背插/E-ATX(EPO1X-01),4690,,
14,CASE 機殼(+電源),Fractal Design 機殼,442,｛Fractal Design Epoch XL TG 黑｝淺色玻璃/顯卡42.5/U高17.6/背插/E-ATX(EPO1X-02),4690,,
14,CASE 機殼(+電源),Fractal Design 機殼,443,｛Fractal Design Epoch XL TG 白｝透明玻璃/顯卡42.5/U高17.6/背插/E-ATX(EPO1X-03),4690,,
14,CASE 機殼(+電源),Fractal Design 機殼,444,｛Fractal Design Epoch XL TG RGB 白｝透明玻璃/卡42.5/U高17.6/背插/E-ATX(EPO1X-05),5390,,
14,CASE 機殼(+電源),Fractal Design 機殼,445,｛Fractal Design Define 7 Compact 黑｝金屬側板/顯卡長34/CPU高16.9/ATX(DEF7C-01),3790,,
14,CASE 機殼(+電源),Fractal Design 機殼,446,｛Fractal Design Define 7 黑｝金屬側板/顯卡長46.7/CPU高18.5/E-ATX(DEF7A-01),5590,,
14,CASE 機殼(+電源),Fractal Design 機殼,447,｛Fractal Design Define 7 XL 黑｝金屬側板/顯卡長52.4/CPU高18.5/EEB(DEF7X-01),7090,,
14,CASE 機殼(+電源),Fractal Design 機殼,448,｛Fractal Design Define One 黑｝金屬側板/顯卡36.8/U高17.1/背插/E-ATX(DEFOA-01),5499,,
14,CASE 機殼(+電源),Fractal Design 機殼,449,｛Fractal Design Define One 黑｝淺色玻璃/顯卡36.8/U高17.1/背插/E-ATX(DEFOA-02),5499,,
14,CASE 機殼(+電源),Fractal Design 機殼,450,｛Fractal Design Define One 白｝透明玻璃/顯卡36.8/U高17.1/背插/E-ATX(DEFOA-03),5499,,
14,CASE 機殼(+電源),Fractal Design 機殼,451,｛Fractal Design Define One 白｝金屬側板/顯卡36.8/U高17.1/背插/E-ATX(DEFOA-04),5499,,
14,CASE 機殼(+電源),Fractal Design 機殼,452,｛Fractal Design Torrent Compact RGB 黑｝淺色玻璃/卡33/CPU高17.4/E-ATX(TOR1C-02),5790,,
14,CASE 機殼(+電源),Fractal Design 機殼,453,｛Fractal Design Torrent 黑｝金屬側板/顯卡長42.3/CPU高18.8/EEB(TOR1A-05),5990,,
14,CASE 機殼(+電源),Fractal Design 機殼,454,｛Fractal Design Torrent 黑｝淺色玻璃/顯卡長42.3/CPU高18.8/EEB(TOR1A-01),6490,,
14,CASE 機殼(+電源),Fractal Design 機殼,455,｛Fractal Design Torrent 白｝透明玻璃/顯卡長42.3/CPU高18.8/EEB(TOR1A-03),6490,,
14,CASE 機殼(+電源),Fractal Design 機殼,456,｛Fractal Design Torrent RGB 黑｝淺色玻璃/顯卡長42.3/CPU高18.8/EEB(TOR1A-04),7990,,
14,CASE 機殼(+電源),Fractal Design 機殼,457,｛Fractal Design Torrent RGB 白｝透明玻璃/顯卡長42.3/CPU高18.8/EEB(TOR1A-07),7990,,
14,CASE 機殼(+電源),Fractal Design 機殼,458,｛Fractal Design North Charcoal 黑｝網孔側板/卡35.5/U高17/胡桃木面板/ATX(NOR1C-01),5290,,
14,CASE 機殼(+電源),Fractal Design 機殼,459,｛Fractal Design North Charcoal 黑｝淺色玻璃/卡35.5/U高17/胡桃木面板/ATX(NOR1C-02),5290,,
14,CASE 機殼(+電源),Fractal Design 機殼,460,｛Fractal Design North Chalk 白｝網孔側板/顯卡35.5/CPU高17/橡木面板/ATX(NOR1C-03),5290,,
14,CASE 機殼(+電源),Fractal Design 機殼,461,｛Fractal Design North Chalk 白｝透明玻璃/顯卡35.5/CPU高17/橡木面板/ATX(NOR1C-04),5290,,
14,CASE 機殼(+電源),Fractal Design 機殼,462,｛Fractal Design North Momentum｝顯卡35.5/U高17/玻璃透側/黑橡木面板/ATX(NOR1C-05),6390,,
14,CASE 機殼(+電源),Fractal Design 機殼,463,｛Fractal Design North XL Charcoal 黑｝網孔側板/卡41.3/U18.5/胡桃木/E-ATX(NOR1X-01),6290,,
14,CASE 機殼(+電源),Fractal Design 機殼,464,｛Fractal Design North XL Charcoal 黑｝深色玻璃/卡41.3/U18.5/胡桃木/E-ATX(NOR1X-02),6290,,
14,CASE 機殼(+電源),Fractal Design 機殼,465,｛Fractal Design North XL Chalk 白｝網孔側板/顯卡41.3/U高18.5/橡木/E-ATX(NOR1X-03),6290,,
14,CASE 機殼(+電源),Fractal Design 機殼,466,｛Fractal Design North XL Chalk 白｝透明玻璃/顯卡41.3/U高18.5/橡木/E-ATX(NOR1X-04),6290,,
14,CASE 機殼(+電源),Fractal Design 機殼,467,｛Fractal Design North XL RC Charcoal 黑｝深色玻璃/卡41.3/U16.9/限背插/ATX(NOR1X-05),6490,,
14,CASE 機殼(+電源),Fractal Design 機殼,468,｛Fractal Design North XL RC Chalk 白｝透明玻璃/卡41.3/U16.9/限背插/ATX(NOR1X-06),6490,,
14,CASE 機殼(+電源),Fractal Design 機殼,469,｛Fractal Design North XL Momentum｝卡41.3/U17.6/玻璃透側/黑橡木/E-ATX(NOR1X-07),7390,,
14,CASE 機殼(+電源),Fractal Design 機殼,470,｛Fractal Design Meshify 3 黑｝金屬側板/顯卡長34.9/CPU高17.6/E-ATX(MES3A-01),5390,,
14,CASE 機殼(+電源),Fractal Design 機殼,471,｛Fractal Design Meshify 3 TG 黑｝淺色玻璃/顯卡長34.9/CPU高17.6/E-ATX(MES3A-02),5390,,
14,CASE 機殼(+電源),Fractal Design 機殼,472,｛Fractal Design Meshify 3 TG 白｝透明玻璃/顯卡長34.95/CPU高17.6/E-ATX(MES3A-04),5390,,
14,CASE 機殼(+電源),Fractal Design 機殼,473,｛Fractal Design Meshify 3 RGB 黑｝淺色玻璃/顯卡長34.9/CPU高17.6/E-ATX(MES3A-06),6190,,
14,CASE 機殼(+電源),Fractal Design 機殼,474,｛Fractal Design Meshify 3 RGB 白｝透明玻璃/顯卡長34.95/CPU高17.6/E-ATX(MES3A-07),6190,,
14,CASE 機殼(+電源),Fractal Design 機殼,475,｛Fractal Design Meshify 3(環境燈)RGB Pro 黑｝淺色玻璃/卡34.9/U17.6/E-ATX(MES3A-03),8490,,
14,CASE 機殼(+電源),Fractal Design 機殼,476,｛Fractal Design Meshify 3(環境燈)RGB Pro 白｝透明玻璃/卡34.9/U17.6/E-ATX(MES3A-05),8490,,
14,CASE 機殼(+電源),Fractal Design 機殼,477,｛Fractal Design Meshify 3 XL 黑｝金屬側板/顯卡長51.2/CPU高18.2/E-ATX(MES3X-01),6590,,
14,CASE 機殼(+電源),Fractal Design 機殼,478,｛Fractal Design Meshify 3 XL 黑｝淺色玻璃/顯卡長51.2/CPU高18.2/E-ATX(MES3X-02),6590,,
14,CASE 機殼(+電源),Fractal Design 機殼,479,｛Fractal Design Meshify 3 XL(環境燈)RGB Pro 黑｝淺色玻璃/卡51.2/U18.2/E-ATX(MES3X-03),9590,,
14,CASE 機殼(+電源),Fractal Design 機殼,480,｛Fractal Design Meshify 3 XL(環境燈)RGB Pro 白｝透明玻璃/卡51.2/U18.2/E-ATX(MES3X-05),9590,,
14,CASE 機殼(+電源),Fractal Design 機殼,481,｛Fractal Design Summit Chalk 白｝金屬側板/顯卡42.5/U高17.3/背插/E-ATX(SUM1A-01),6399,,
14,CASE 機殼(+電源),Fractal Design 機殼,482,｛Fractal Design Summit Chalk 白｝透明玻璃/顯卡42.5/U高17.3/背插/E-ATX(SUM1A-02),6399,,
14,CASE 機殼(+電源),Fractal Design 機殼,483,｛Fractal Design Summit 黑｝金屬側板/顯卡長42.5/CPU17.3/背插/E-ATX(SUM1A-03),6399,,
14,CASE 機殼(+電源),Fractal Design 機殼,484,｛Fractal Design Summit 極致黑｝淺色玻璃/顯卡42.5/CPU17.3/背插/E-ATX(SUM1A-05),6399,,
14,CASE 機殼(+電源),Fractal Design 機殼,485,｛Fractal Design Summit(環境燈) 極致黑｝淺色玻璃/卡42.5/U17.3/背插/E-ATX(SUM1A-06),7599,,
14,CASE 機殼(+電源),酷碼 CoolerMaster 機殼,487,｛酷碼 MasterBox NR200 白｝顯卡長33/CPU高15.5(7.6)/ITX【SFX】,1990,,
14,CASE 機殼(+電源),酷碼 CoolerMaster 機殼,488,｛酷碼MasterBox NR200P V3 黑｝顯卡長36.1/U高7/網孔側板/PCIe5.0延長線/ITX【SFX】,3490,,
14,CASE 機殼(+電源),酷碼 CoolerMaster 機殼,489,｛酷碼RC-343｝顯卡長25(36)/CPU高14.8/網孔面板/M-ATX,990,,
14,CASE 機殼(+電源),酷碼 CoolerMaster 機殼,490,｛酷碼N200｝顯卡長35.5/CPU高16/M-ATX,1390,,
14,CASE 機殼(+電源),酷碼 CoolerMaster 機殼,491,｛酷碼N300 升級版｝顯卡長32/CPU高16.4/NSE-300-KKN3/ATX,1290,,
14,CASE 機殼(+電源),酷碼 CoolerMaster 機殼,492,｛酷碼N400｝顯卡長32/CPU高16.4/全沖孔網面板/ATX,1490,,
14,CASE 機殼(+電源),酷碼 CoolerMaster 機殼,493,｛酷碼殺手 102｝顯卡長34/CPU高15.6/SSD*2/ATX(RC-102C-KKN4),790,,
14,CASE 機殼(+電源),酷碼 CoolerMaster 機殼,494,｛酷碼殺手 103｝顯卡長34.4/CPU高15.6/SSD*2/ATX(RC-103-KKN1),790,,
14,CASE 機殼(+電源),酷碼 CoolerMaster 機殼,495,｛酷碼Elite 300｝顯卡長36.5/CPU高16.5/M-ATX(E300-KN5N-S00),1290,,
14,CASE 機殼(+電源),酷碼 CoolerMaster 機殼,496,｛酷碼Elite 301 Lite 透側版｝顯卡長36.5/CPU高16.3/玻璃透側/M-ATX,1190,,
14,CASE 機殼(+電源),酷碼 CoolerMaster 機殼,497,｛酷碼Elite 301 Lite 金屬版｝顯卡長36.5/CPU高16.3/金屬側板/三風扇/M-ATX,1290,,
14,CASE 機殼(+電源),酷碼 CoolerMaster 機殼,498,｛酷碼Elite 350 黑｝顯卡長31.7/CPU高16.3/玻璃透側/M-ATX,1590,,
14,CASE 機殼(+電源),酷碼 CoolerMaster 機殼,499,｛酷碼Elite 350 白｝顯卡長31.7/CPU高16.3/玻璃透側/M-ATX,1690,,
14,CASE 機殼(+電源),酷碼 CoolerMaster 機殼,500,｛酷碼Elite 481 黑｝顯卡長41/CPU高16/木質飾板/全景玻璃透側/分艙設計/M-ATX,1690,,
14,CASE 機殼(+電源),酷碼 CoolerMaster 機殼,501,｛酷碼Elite 481 白｝顯卡長41/CPU高16/木質飾板/全景玻璃透側/分艙設計/M-ATX,1790,,
14,CASE 機殼(+電源),酷碼 CoolerMaster 機殼,502,｛酷碼Elite 490 黑｝顯卡長42.5/CPU高17/全景玻璃透側/M-ATX,1490,,
14,CASE 機殼(+電源),酷碼 CoolerMaster 機殼,503,｛酷碼Elite 490 白｝顯卡長42.5/CPU高17/全景玻璃透側/M-ATX,1590,,
14,CASE 機殼(+電源),酷碼 CoolerMaster 機殼,504,｛酷碼Elite 500 玻璃透側版｝顯卡長35/CPU高16.1/ATX(E500-KGNN-S00),1390,,
14,CASE 機殼(+電源),酷碼 CoolerMaster 機殼,505,｛酷碼Elite 500 ODD｝顯卡長40/CPU高16.3/ATX(E500-KN5N-S00),1390,,
14,CASE 機殼(+電源),酷碼 CoolerMaster 機殼,506,｛酷碼Elite 502 Lite 黑｝顯卡長41/CPU高17/玻璃透側/支援背插/ATX,1390,,
14,CASE 機殼(+電源),酷碼 CoolerMaster 機殼,507,｛酷碼Elite 502 Lite 白｝顯卡長41/CPU高17/玻璃透側/支援背插/ATX,1490,,
14,CASE 機殼(+電源),酷碼 CoolerMaster 機殼,508,｛酷碼Elite 600 黑｝顯卡長42.5/CPU高16/全景曲面玻璃/分艙設計/七風扇/支援背插/ATX,3090,,
14,CASE 機殼(+電源),酷碼 CoolerMaster 機殼,509,｛酷碼Elite 600 白｝顯卡長42.5/CPU高16/全景曲面玻璃/分艙設計/七風扇/支援背插/ATX,3290,,
14,CASE 機殼(+電源),酷碼 CoolerMaster 機殼,510,｛酷碼Elite 681 黑｝顯卡長41/CPU高16/全景玻璃透側/分艙設計/ATX,1890,,
14,CASE 機殼(+電源),酷碼 CoolerMaster 機殼,511,｛酷碼Elite 681 白｝顯卡長41/CPU高16/全景玻璃透側/分艙設計/ATX,1990,,
14,CASE 機殼(+電源),酷碼 CoolerMaster 機殼,512,｛酷碼Elite 690 黑｝顯卡長42.5/CPU高17/木質飾板/全景玻璃透側/ATX,1690,,
14,CASE 機殼(+電源),酷碼 CoolerMaster 機殼,513,｛酷碼Elite 690 白｝顯卡長42.5/CPU高17/木質飾板/全景玻璃透側/ATX,1790,,
14,CASE 機殼(+電源),酷碼 CoolerMaster 機殼,514,｛酷碼Q300L V3 黑｝顯卡長36.6/CPU高17.8/玻璃透側/M-ATX,1590,,
14,CASE 機殼(+電源),酷碼 CoolerMaster 機殼,515,｛酷碼Q300L V3 白｝顯卡長36.6/CPU高17.8/玻璃透側/M-ATX,1590,,
14,CASE 機殼(+電源),酷碼 CoolerMaster 機殼,516,｛酷碼Qube 340 黑｝顯卡長36.6/CPU高17.8/玻璃透側/提把設計/耳機架/M-ATX,1690,,
14,CASE 機殼(+電源),酷碼 CoolerMaster 機殼,517,｛酷碼Qube 340 白｝顯卡長36.6/CPU高17.8/玻璃透側/提把設計/耳機架/M-ATX,1690,,
14,CASE 機殼(+電源),酷碼 CoolerMaster 機殼,518,｛酷碼Qube 500 Flatpack DIY版 黑｝顯卡36/CPU高17.2/玻璃透側/ATX(不提供組裝服務),1990,,
14,CASE 機殼(+電源),酷碼 CoolerMaster 機殼,519,｛酷碼Qube 500 Flatpack DIY版 白｝顯卡36/CPU高17.2/玻璃透側/ATX(不提供組裝服務),1990,,
14,CASE 機殼(+電源),酷碼 CoolerMaster 機殼,520,｛酷碼Qube 500 Flatpack DIY 馬卡龍版｝卡長36/U高17.2/玻璃透側/ATX(不提供組裝服務),2490,,
14,CASE 機殼(+電源),酷碼 CoolerMaster 機殼,521,｛酷碼Qube 540 月石灰｝顯卡長41.5/CPU高17.2/玻璃透側/可調式I/O面板+把手/ATX,2690,,
14,CASE 機殼(+電源),酷碼 CoolerMaster 機殼,522,｛酷碼Qube 540 星塵黑｝顯卡長41.5/CPU高17.2/玻璃透側/可調式I/O面板+把手/ATX,2690,,
14,CASE 機殼(+電源),酷碼 CoolerMaster 機殼,523,｛酷碼HAF 500 黑色｝顯卡長41/CPU高16.7/玻璃透側/顯卡專用風扇/E-ATX,3290,,
14,CASE 機殼(+電源),酷碼 CoolerMaster 機殼,524,｛酷碼HAF 500 白色｝顯卡長41/CPU高16.7/玻璃透側/顯卡專用風扇/E-ATX,3290,,
14,CASE 機殼(+電源),酷碼 CoolerMaster 機殼,525,｛酷碼HAF II 500｝顯卡長44/U高22/玻璃透側/內含雙220x40mm+180x40mm風扇/E-ATX,5690,,
14,CASE 機殼(+電源),酷碼 CoolerMaster 機殼,526,｛酷碼Silencio S400 黑/靜音版｝顯卡長31.9/CPU高16.7/M-ATX(S400-KN5N-S00),2290,,
14,CASE 機殼(+電源),酷碼 CoolerMaster 機殼,527,｛酷碼Silencio S600 靜音版｝顯卡長39.8/CPU高16.7/ATX(S600-KN5N-S00),2790,,
14,CASE 機殼(+電源),酷碼 CoolerMaster 機殼,528,｛酷碼MasterBox 600 黑｝顯卡長41/CPU高17/玻璃透側/支援背插/ATX,2290,,
14,CASE 機殼(+電源),酷碼 CoolerMaster 機殼,529,｛酷碼MasterBox 600 白｝顯卡長41/CPU高17/玻璃透側/支援背插/ATX,2290,,
14,CASE 機殼(+電源),酷碼 CoolerMaster 機殼,530,｛酷碼MasterBox CM695/金屬側板｝顯卡長39.8/CPU高16.6/ATX(KN5N-S00),3090,,
14,CASE 機殼(+電源),酷碼 CoolerMaster 機殼,531,｛酷碼MasterBox CM695/玻璃透側｝顯卡長39.8/CPU高16.6/ATX(KG5N-S00),3290,,
14,CASE 機殼(+電源),酷碼 CoolerMaster 機殼,532,｛酷碼MasterBox MB600L V2 光碟機版｝顯卡長40/CPU高16.1/玻璃透側/髮絲紋面板/ATX,1490,,
14,CASE 機殼(+電源),酷碼 CoolerMaster 機殼,533,｛酷碼MasterBox MB600L V2 無光碟機版｝顯卡長35/U高16.1/玻璃透側/髮絲紋面板/ATX,1390,,
14,CASE 機殼(+電源),酷碼 CoolerMaster 機殼,534,｛酷碼MasterBox TD500 Mesh V2 黑｝顯卡長41/U高16.5/玻璃透側/可拆式上蓋/ATX,2690,,
14,CASE 機殼(+電源),酷碼 CoolerMaster 機殼,535,｛酷碼MasterBox Q500L｝顯卡長36/CPU高16/壓克力透側/ATX,1690,,
14,CASE 機殼(+電源),酷碼 CoolerMaster 機殼,536,｛酷碼MasterCase MC500｝顯卡長41/CPU高19/玻璃透側/沖孔面板/E-ATX,2990,,
14,CASE 機殼(+電源),酷碼 CoolerMaster 機殼,537,｛酷碼MasterFrame 360 舞台(封閉式前玻璃)｝顯卡長43/U高14.5/PCIe5延長線/背插/ATX,6490,,
14,CASE 機殼(+電源),酷碼 CoolerMaster 機殼,538,｛酷碼MasterFrame 360 舞台(開放式鏡面)｝顯卡長43/CPU高14.5/PCIe5延長線/背插/ATX,6290,,
14,CASE 機殼(+電源),酷碼 CoolerMaster 機殼,539,｛酷碼MasterFrame 360 舞台(開放式LCD螢幕) ｝顯卡43/U高14.5/PCIe5延長線/背插/ATX,8990,,
14,CASE 機殼(+電源),酷碼 CoolerMaster 機殼,540,｛酷碼MasterFrame 400 Mesh 黑｝顯卡長39/CPU高19/玻璃透側/雙向擺放/M-ATX,4290,,
14,CASE 機殼(+電源),酷碼 CoolerMaster 機殼,541,｛酷碼MasterFrame 400 Mesh 銀｝顯卡長39/CPU高19/玻璃透側/雙向擺放/M-ATX,4290,,
14,CASE 機殼(+電源),酷碼 CoolerMaster 機殼,542,｛酷碼MasterFrame 600 銀｝顯卡長48.5/CPU高19/玻璃透側/ARGB風扇/支援背插/ATX,5490,,
14,CASE 機殼(+電源),酷碼 CoolerMaster 機殼,543,｛酷碼COSMOS ALPHA｝顯卡長40/CPU高18.6/玻璃透側/滑動式主板托盤/E-ATX【客訂】,12990,,
14,CASE 機殼(+電源),幾何未來 Geometric Future 機殼,545,｛幾何未來 Model 3 哪吒 黑黃｝顯卡43.5/U高17.5/龍鱗扇*5/全景玻璃/公仔平臺/M-ATX,3390,,
14,CASE 機殼(+電源),幾何未來 Geometric Future 機殼,546,幾何未來 Model 3 哪吒 黑黃/全景玻璃/M-ATX+幾何未來 Eskimo Pro 36B水冷 現省$1900,3980,,熱賣
14,CASE 機殼(+電源),幾何未來 Geometric Future 機殼,547,｛幾何未來 Model 3 哪吒 黑灰｝顯卡43.5/U高17.5/龍鱗扇*5/全景玻璃/公仔平臺/M-ATX,3390,,
14,CASE 機殼(+電源),幾何未來 Geometric Future 機殼,548,幾何未來 Model 3 哪吒 黑灰/全景玻璃/M-ATX+幾何未來 Eskimo Pro 36B水冷 現省$1900,3980,,熱賣
14,CASE 機殼(+電源),幾何未來 Geometric Future 機殼,549,｛幾何未來 Model 3 哪吒 全白｝顯卡43.5/U高17.5/龍鱗扇*5/全景玻璃/公仔平臺/M-ATX,3490,,
14,CASE 機殼(+電源),幾何未來 Geometric Future 機殼,550,幾何未來 Model 3 哪吒 全白/全景玻璃/M-ATX+幾何未來 Eskimo Pro 36W水冷 現省$1900,4080,,熱賣
14,CASE 機殼(+電源),幾何未來 Geometric Future 機殼,551,｛幾何未來 Model 3 哪吒 黑綠｝顯卡43.5/U高17.5/龍鱗扇*5/全景玻璃/公仔平臺/M-ATX,3490,,
14,CASE 機殼(+電源),幾何未來 Geometric Future 機殼,552,幾何未來 Model 3 哪吒 黑綠/全景玻璃/M-ATX+幾何未來 Eskimo Pro 36B水冷 現省$1900,4080,,熱賣
14,CASE 機殼(+電源),幾何未來 Geometric Future 機殼,553,｛幾何未來 Model 5 悟空 黑黃｝顯卡46/U高18/14cm龍鱗扇*5/全景玻璃/公仔平臺/E-ATX,3690,,
14,CASE 機殼(+電源),幾何未來 Geometric Future 機殼,554,｛幾何未來 Model 5 悟空 黑灰｝顯卡46/U高18/14cm龍鱗扇*5/全景玻璃/公仔平臺/E-ATX,3690,,
14,CASE 機殼(+電源),幾何未來 Geometric Future 機殼,555,｛幾何未來 Model 5 悟空 蒂芬尼藍｝卡46/U高18/14cm龍鱗扇*5/全景玻璃/公仔平臺/E-ATX,3690,,
14,CASE 機殼(+電源),幾何未來 Geometric Future 機殼,556,｛幾何未來 Model 5 悟空 全白｝顯卡46/U高18/14cm龍鱗扇*5/全景玻璃/公仔平臺/E-ATX,3890,,
14,CASE 機殼(+電源),幾何未來 Geometric Future 機殼,557,｛幾何未來 Model 5 悟空 黑綠｝顯卡46/U高18/14cm龍鱗扇*5/全景玻璃/公仔平臺/E-ATX,3890,,
14,CASE 機殼(+電源),幾何未來 Geometric Future 機殼,558,｛幾何未來 Model 5 悟空 粉紅｝顯卡46/U高18/14cm龍鱗扇*5/全景玻璃/公仔平臺/E-ATX,3890,,
14,CASE 機殼(+電源),幾何未來 Geometric Future 機殼,559,｛幾何未來 Model 5 悟空 粉藍｝顯卡46/U高18/14cm龍鱗扇*5/全景玻璃/公仔平臺/E-ATX,3890,,
14,CASE 機殼(+電源),幾何未來 Geometric Future 機殼,560,｛幾何未來 Model 5 悟空 AMD聯名｝顯卡46/U高18/龍鱗扇*5/全景玻璃/公仔平臺/E-ATX,4190,,
14,CASE 機殼(+電源),幾何未來 Geometric Future 機殼,561,｛幾何未來 Model 5 Vent 鐵扇 黑｝顯卡長46/CPU高18/14cm龍鱗扇*5/玻璃透側/E-ATX,3690,,熱賣
14,CASE 機殼(+電源),幾何未來 Geometric Future 機殼,563,｛幾何未來 Model 5 Vent 鐵扇 全白｝顯卡46/CPU高18/14cm龍鱗扇*5/玻璃透側/E-ATX,3890,,熱賣
14,CASE 機殼(+電源),威剛 XPG 機殼,566,｛XPG VALOR MESH NANO 黑｝顯卡長37/CPU高17/四面金屬網孔/顯卡支架/M-ATX,1890,,
14,CASE 機殼(+電源),威剛 XPG 機殼,567,XPG VALOR MESH NANO 黑/M-ATX+XPG REACTOR II VE 750W金牌/全模 現省$400,4290,,熱賣
14,CASE 機殼(+電源),威剛 XPG 機殼,569,｛XPG VALOR MESH NANO 白｝顯卡長37/CPU高17/四面金屬網孔/顯卡支架/M-ATX,1890,,
14,CASE 機殼(+電源),威剛 XPG 機殼,570,XPG VALOR MESH NANO 白/M-ATX+XPG REACTOR II VE 750W金牌/全模 現省$400,4290,,熱賣
14,CASE 機殼(+電源),威剛 XPG 機殼,572,｛XPG VALOR AIR PRO 黑｝顯卡長40/CPU高16.7/玻璃透側/磁吸面板/E-ATX,1790,,
14,CASE 機殼(+電源),威剛 XPG 機殼,573,｛XPG VALOR AIR PRO 白｝顯卡長40/CPU高16.7/玻璃透側/磁吸面板/E-ATX,1790,,
14,CASE 機殼(+電源),銀欣 SilverStone 機殼,575,｛銀欣 ALTA G1M 黑｝顯卡長35.5/CPU高15.9/垂直風流/M-ATX(ALG1MB)【SFX】,2990,,
14,CASE 機殼(+電源),銀欣 SilverStone 機殼,576,｛銀欣 ALTA G1M 白｝顯卡長35.5/CPU高15.9/垂直風流/M-ATX(ALG1MW)【SFX】,3090,,
14,CASE 機殼(+電源),銀欣 SilverStone 機殼,577,｛銀欣 ML03 黑｝短板顯卡/CPU高7/薄型橫式機殼/M-ATX(ML03B),1990,,
14,CASE 機殼(+電源),銀欣 SilverStone 機殼,578,｛銀欣 ML04 黑｝短板顯卡/CPU高7/薄型橫式機殼/M-ATX(ML04B),2490,,
14,CASE 機殼(+電源),銀欣 SilverStone 機殼,579,｛銀欣 ML09 黑｝顯卡長17.5(LP)/CPU高3.7(7)/ITX(ML09B)【SFX】【客訂】,2040,,
14,CASE 機殼(+電源),銀欣 SilverStone 機殼,580,｛銀欣 Lucid 04 黑｝顯卡長35/CPU高17.7/全景玻璃透側/M-ATX,1690,,
14,CASE 機殼(+電源),銀欣 SilverStone 機殼,581,｛銀欣 Lucid 04 白｝顯卡長35/CPU高17.7/全景玻璃透側/M-ATX,1790,,
14,CASE 機殼(+電源),銀欣 SilverStone 機殼,582,｛銀欣 Lucid 05 黑｝顯卡長41/CPU高17.3/全景玻璃透側/ATX,1790,,
14,CASE 機殼(+電源),銀欣 SilverStone 機殼,583,｛銀欣 Lucid 05 白｝顯卡長41/CPU高17.3/全景玻璃透側/ATX,1890,,
14,CASE 機殼(+電源),銀欣 SilverStone 機殼,584,｛銀欣 FARA 311｝顯卡長35.4/CPU高15.6/全沖孔網前面板/M-ATX,1190,,
14,CASE 機殼(+電源),銀欣 SilverStone 機殼,585,｛銀欣 FARA 514X 黑｝顯卡37.8/CPU高16.8/精密沖孔網面板/玻璃透側/ATX 原價$2590,1890,,
14,CASE 機殼(+電源),銀欣 SilverStone 機殼,586,｛銀欣 FARA 514X 白｝顯卡37.8/CPU高16.8/精密沖孔網面板/玻璃透側/ATX 原價$2690,2090,,
14,CASE 機殼(+電源),銀欣 SilverStone 機殼,588,｛銀欣 FLP01｝HTPC 復古機殼 顯卡長30.9/CPU高8.8~13.8/橫躺式/ATX,2790,,
14,CASE 機殼(+電源),銀欣 SilverStone 機殼,589,｛銀欣 FLP02｝復古機殼 顯卡長38.6/CPU高18.2/電源鑰匙鎖/仿軟碟機擋板/ATX,4990,,
14,CASE 機殼(+電源),銀欣 SilverStone 機殼,590,｛銀欣 FLP03｝復古機殼 顯卡長41.3/CPU高16.9/電源鑰匙鎖/仿軟碟機擋板/M-ATX,3790,,
14,CASE 機殼(+電源),銀欣 SilverStone 機殼,591,｛銀欣 SETA H1｝顯卡長39.4/CPU高18.2/玻璃透側E-ATX(SEH1B-G),3090,,
14,CASE 機殼(+電源),銀欣 SilverStone 機殼,592,｛銀欣 SETA Q1｝靜音機殼 顯卡長39.4/CPU高18.2/迷宮式降噪面板/E-ATX(SEQ1B),4300,,
14,CASE 機殼(+電源),銀欣 SilverStone 機殼,593,｛銀欣 LD03｝顯卡長30.9(2 slots)/CPU高19/垂直風道/玻璃透側/ITX【SFX】原價$4490,1990,,熱賣
14,CASE 機殼(+電源),銀欣 SilverStone 機殼,594,｛銀欣 SG05-LITE 黑｝顯卡長22.8/CPU高8/ITX(SG05BB-LITE)【SFX】,1400,,
14,CASE 機殼(+電源),銀欣 SilverStone 機殼,595,｛銀欣 SG13 鐵網版｝顯卡長27/CPU高6/SSD*3/網孔面板/ITX(SG13B),1230,,
14,CASE 機殼(+電源),銀欣 SilverStone 機殼,596,｛銀欣 SG13 仿金屬紋版｝顯卡長27/CPU高6/拉絲面板/ITX(SG13B-Q),1290,,
14,CASE 機殼(+電源),銀欣 SilverStone 機殼,597,｛銀欣 SUGO 14 白｝顯卡長33/CPU高18.2/電供深15/ITX(SG14W) 原價$3200,2090,,熱賣
14,CASE 機殼(+電源),銀欣 SilverStone 機殼,598,｛銀欣 SUGO 16 黑｝顯卡長27.5/CPU高8.5(17.2)/ITX(SG16B)【建議搭配SFX電供】,1790,,
14,CASE 機殼(+電源),銀欣 SilverStone 機殼,599,｛銀欣 SUGO 16 白｝顯卡長27.5/CPU高8.5(17.2)/ITX(SG16W)【建議搭配SFX電供】,1790,,
14,CASE 機殼(+電源),振華 Super Flower,601,｛振華 M706｝顯卡長39/U高16.5/玻璃透側/木紋飾板/ATX,1790,,
14,CASE 機殼(+電源),振華 Super Flower,602,｛振華 M801 黑｝顯卡長42.5/CPU高18/全景曲面玻璃/ATX,1990,,
14,CASE 機殼(+電源),振華 Super Flower,603,｛振華 M801 白｝顯卡長42.5/CPU高18/全景曲面玻璃/ATX,1990,,
14,CASE 機殼(+電源),曜越 Thermaltake 機殼,605,｛曜越 View 270 TG ARGB V2 黑｝顯卡長42/CPU高18/三風扇/全景玻璃透側/ATX,1690,,
14,CASE 機殼(+電源),曜越 Thermaltake 機殼,606,｛曜越 View 270 TG ARGB V2 白｝顯卡長42/CPU高18/三風扇/全景玻璃透側/ATX,1690,,
14,CASE 機殼(+電源),曜越 Thermaltake 機殼,607,｛曜越 View 290 TG ARGB 黑｝顯卡45/U高18/全景曲面玻璃/支援背插/ATX 原價$2690！,2390,,熱賣
14,CASE 機殼(+電源),曜越 Thermaltake 機殼,608,｛曜越 View 290 TG ARGB 白｝顯卡45/U高18/全景曲面玻璃/支援背插/ATX 原價$2690！,2390,,熱賣
14,CASE 機殼(+電源),曜越 Thermaltake 機殼,609,｛曜越 View 380 XL TG ARGB 黑｝顯卡42/CPU高16/全景玻璃/分艙設計/支援背插/ATX,3490,,
14,CASE 機殼(+電源),曜越 Thermaltake 機殼,610,｛曜越 View 380 XL TG ARGB 白｝顯卡42/CPU高16/全景玻璃/分艙設計/支援背插/ATX,3490,,
14,CASE 機殼(+電源),曜越 Thermaltake 機殼,611,｛曜越 View 380 XL TG ARGB 鋒芒黃｝顯卡42/CPU高16/全景玻璃/分艙設計/背插/ATX,3490,,
14,CASE 機殼(+電源),曜越 Thermaltake 機殼,612,｛曜越 View 380 XL TG ARGB 礫石沙｝顯卡42/CPU高16/全景玻璃/分艙設計/背插/ATX,3490,,
14,CASE 機殼(+電源),曜越 Thermaltake 機殼,613,｛曜越 View 390 Air 黑｝顯卡長42/CPU高16/鷗翼式曲面玻璃/分艙設計/支援背插/ATX,4890,,
14,CASE 機殼(+電源),曜越 Thermaltake 機殼,614,曜越 View 390 Air 黑 /鷗翼式曲面玻璃/ATX + 曜越 6.0吋 LCD 擴充螢幕(原價$2490),4990,,
14,CASE 機殼(+電源),曜越 Thermaltake 機殼,615,｛曜越 View 390 Air 白｝顯卡長42/CPU高16/鷗翼式曲面玻璃/分艙設計/支援背插/ATX,4890,,
14,CASE 機殼(+電源),曜越 Thermaltake 機殼,616,曜越 View 390 Air 白 /鷗翼式曲面玻璃/ATX + 曜越 6.0吋 LCD 擴充螢幕(原價$2490),4990,,
14,CASE 機殼(+電源),曜越 Thermaltake 機殼,617,｛曜越 View 390 Air 暮光紫｝顯卡42/CPU高16/鷗翼式曲面玻璃/分艙設計/支援背插/ATX,4890,,
14,CASE 機殼(+電源),曜越 Thermaltake 機殼,618,曜越 View 390 Air 暮光紫 /鷗翼式曲面玻璃/ATX + 曜越 6.0吋 LCD 擴充螢幕(原價$2490),4990,,
14,CASE 機殼(+電源),曜越 Thermaltake 機殼,619,｛曜越 View 390 Air 奶油焦糖｝顯卡42/U高16/鷗翼式曲面玻璃/分艙設計/支援背插/ATX,4890,,
14,CASE 機殼(+電源),曜越 Thermaltake 機殼,620,曜越 View 390 Air 奶油焦糖/鷗翼式曲面玻璃/ATX+曜越 6.0吋 LCD 擴充螢幕(原價$2490),4990,,
14,CASE 機殼(+電源),曜越 Thermaltake 機殼,621,｛曜越 Vision 330 CR ARGB 黑｝卡42/U高17.5/側掀曲面玻璃/分艙設計/六風扇/背插/ATX,2890,,
14,CASE 機殼(+電源),曜越 Thermaltake 機殼,622,｛曜越 Vision 330 CR ARGB 白｝卡42/U高17.5/側掀曲面玻璃/分艙設計/六風扇/背插/ATX,2890,,
14,CASE 機殼(+電源),曜越 Thermaltake 機殼,623,｛曜越 The Tower 250 黑｝顯卡長36/CPU高21/全景玻璃/八角柱造型/ITX,3690,,
14,CASE 機殼(+電源),曜越 Thermaltake 機殼,624,｛曜越 The Tower 250 白｝顯卡長36/CPU高21/全景玻璃/八角柱造型/ITX,3690,,
14,CASE 機殼(+電源),曜越 Thermaltake 機殼,625,｛曜越 The Tower 250 抹茶綠｝顯卡長36/CPU高21/全景玻璃/八角柱造型/ITX,3690,,
14,CASE 機殼(+電源),曜越 Thermaltake 機殼,626,｛曜越 The Tower 250 繡球花藍｝顯卡長36/CPU高21/全景玻璃/八角柱造型/ITX,3690,,
14,CASE 機殼(+電源),曜越 Thermaltake 機殼,627,｛曜越 The Tower 300 黑｝顯卡長40/CPU高21/全景玻璃/八角柱造型/支援背插/M-ATX,3990,,
14,CASE 機殼(+電源),曜越 Thermaltake 機殼,628,曜越 The Tower 300 黑 /全景玻璃/支援背插/M-ATX + 橫躺展示支架 黑(含下蓋面板),4790,,
14,CASE 機殼(+電源),曜越 Thermaltake 機殼,629,｛曜越 The Tower 300 白｝顯卡長40/CPU高21/全景玻璃/八角柱造型/支援背插/M-ATX,3990,,
14,CASE 機殼(+電源),曜越 Thermaltake 機殼,630,曜越 The Tower 300 白 /全景玻璃/支援背插/M-ATX + 橫躺展示支架 白(含下蓋面板),4790,,
14,CASE 機殼(+電源),曜越 Thermaltake 機殼,631,｛曜越 The Tower 300 抹茶綠｝顯卡長40/CPU高21/全景玻璃/八角柱造型/支援背插/M-ATX,4290,,
14,CASE 機殼(+電源),曜越 Thermaltake 機殼,632,｛曜越 The Tower 300 繡球花藍｝顯卡長40/U高21/全景玻璃/八角柱造型/支援背插/M-ATX,4290,,
14,CASE 機殼(+電源),曜越 Thermaltake 機殼,633,｛曜越 The Tower 300 泡泡粉｝顯卡長40/CPU高21/全景玻璃/八角柱造型/支援背插/M-ATX,4290,,
14,CASE 機殼(+電源),曜越 Thermaltake 機殼,634,｛曜越 The Tower 600 黑｝顯卡28(40)/CPU高21/全景直立式/三面玻璃/支援背插(限ATX),4890,,
14,CASE 機殼(+電源),曜越 Thermaltake 機殼,635,｛曜越 The Tower 600 白｝顯卡28(40)/CPU高21/全景直立式/三面玻璃/支援背插(限ATX),4890,,
14,CASE 機殼(+電源),曜越 Thermaltake 機殼,636,｛曜越 The Tower 600 抹茶綠｝顯卡28(40)/U高21/全景直立/三面玻璃/支援背插(限ATX),4890,,
14,CASE 機殼(+電源),曜越 Thermaltake 機殼,637,｛曜越 The Tower 600 繡球花藍｝顯卡28(40)/U高21/全景直立/三面玻璃/支援背插(限ATX),4890,,
14,CASE 機殼(+電源),DEEPCOOL 九州風神,639,｛DEEPCOOL CC310｝顯卡28/U高16/透氣柵格面板/M-ATX 送九州風神 AG400 散熱器！,990,,熱賣
14,CASE 機殼(+電源),DEEPCOOL 九州風神,640,｛DEEPCOOL CH260 黑｝顯卡長41.3/CPU高17.4/玻璃透側/支援背插/M-ATX,1890,,
14,CASE 機殼(+電源),DEEPCOOL 九州風神,641,｛DEEPCOOL CH260 白｝顯卡長41.3/CPU高17.4/玻璃透側/支援背插/M-ATX,1990,,
14,CASE 機殼(+電源),DEEPCOOL 九州風神,642,｛DEEPCOOL CH260 WOOD 黑｝顯卡長41.3/CPU高17.4/玻璃透側/背插/M-ATX,2190,,
14,CASE 機殼(+電源),DEEPCOOL 九州風神,643,｛DEEPCOOL CH260 WOOD 白｝顯卡長41.3/CPU高17.4/玻璃透側/背插/M-ATX,2290,,
14,CASE 機殼(+電源),DEEPCOOL 九州風神,644,｛DEEPCOOL CH270 DIGITAL 白｝顯卡長41.3/U高17.4/數位監控底座/支援背插/M-ATX,2790,,
14,CASE 機殼(+電源),DEEPCOOL 九州風神,646,｛DEEPCOOL CG380 3F 黑｝顯卡長41/CPU高17.6/全景玻璃透側/支援背插/M-ATX,1690,,
14,CASE 機殼(+電源),DEEPCOOL 九州風神,647,｛DEEPCOOL CG380 3F 白｝顯卡長41/CPU高17.6/全景玻璃透側/支援背插/M-ATX,1790,,
14,CASE 機殼(+電源),DEEPCOOL 九州風神,648,｛DEEPCOOL CG530 4F 黑｝顯卡41/CPU高16/全景玻璃透側/支援背插/分艙設計/ATX,1990,,
14,CASE 機殼(+電源),DEEPCOOL 九州風神,649,｛DEEPCOOL CG530 4F 白｝顯卡41/CPU高16/全景玻璃透側/支援背插/分艙設計/ATX,2090,,
14,CASE 機殼(+電源),DEEPCOOL 九州風神,650,｛DEEPCOOL MORPHEUS(墨菲斯) 黑｝卡48/U高19.5/PCIe4.0/溫度顯示/玻璃透側/E-ATX,5690,,
14,CASE 機殼(+電源),DEEPCOOL 九州風神,652,｛DEEPCOOL MORPHEUS(墨菲斯) 白｝卡48/U高19.5/PCIe4.0/溫度顯示/玻璃透側/E-ATX,5990,,
14,CASE 機殼(+電源),保銳 ENERMAX 機殼,655,｛保銳 Enclave A31黑｝-脈衝 顯卡長42.5/U高18/全景玻璃透側/獨立TypeC 45W快充/ATX,1690,,
14,CASE 機殼(+電源),保銳 ENERMAX 機殼,656,｛保銳 Enclave A31白｝-脈衝 顯卡長42.5/U高18/全景玻璃透側/獨立TypeC 45W快充/ATX,1790,,
14,CASE 機殼(+電源),保銳 ENERMAX 機殼,657,｛保銳 Enclave A41黑｝-脈動 顯卡長41.5/CPU高16/全景曲面玻璃/分艙/溫度警示/ATX,2490,,
14,CASE 機殼(+電源),保銳 ENERMAX 機殼,658,｛保銳 Enclave A41白｝-脈動 顯卡長41.5/CPU高16/全景曲面玻璃/分艙/溫度警示/ATX,2590,,
14,CASE 機殼(+電源),迎廣 InWin 機殼,660,｛迎廣 Chopin 蕭邦 Max 銀｝內附200W 金牌電源 /CPU高5.4/ITX,3650,,
14,CASE 機殼(+電源),迎廣 InWin 機殼,661,｛迎廣 PRISM 黑｝顯卡長43.5/CPU高17.5/鏡面玻璃透側/支援背插/ATX,3490,,
14,CASE 機殼(+電源),迎廣 InWin 機殼,662,｛迎廣 PRISM 白｝顯卡長43.5/CPU高17.5/玻璃透側/支援背插/ATX,3490,,
14,CASE 機殼(+電源),迎廣 InWin 機殼,663,｛迎廣 L50 BREEZE｝顯卡長43.5/CPU高17.5/長虹玻璃面板/支援背插(限ATX)/E-ATX,2390,,
14,CASE 機殼(+電源),迎廣 InWin 機殼,664,｛迎廣 W31｝顯卡長41/CPU高16/全景曲面玻璃/分艙設計/支援背插(限ATX),2590,,
14,CASE 機殼(+電源),迎廣 InWin 機殼,665,｛迎廣 W50｝顯卡長43.5/CPU高17.5/鏡面拼接W造型側板/支援背插(限ATX),3290,,
14,CASE 機殼(+電源),迎廣 InWin 機殼,666,｛迎廣 A3 黑｝顯卡長34/CPU高16.2/玻璃透側/垂直風道/M-ATX,1990,,
14,CASE 機殼(+電源),迎廣 InWin 機殼,667,｛迎廣 A3 白｝顯卡長34/CPU高16.2/玻璃透側/垂直風道/M-ATX,1990,,
14,CASE 機殼(+電源),迎廣 InWin 機殼,668,｛迎廣 A5 黑｝顯卡長34/CPU高16.2/玻璃透側/垂直風道/E-ATX,2090,,
14,CASE 機殼(+電源),迎廣 InWin 機殼,669,｛迎廣 A5 白｝顯卡長34/CPU高16.2/玻璃透側/垂直風道/E-ATX,2090,,
14,CASE 機殼(+電源),迎廣 InWin 機殼,670,｛迎廣 F3 黑｝顯卡長34/CPU高16/玻璃透側/支援背插/M-ATX,2890,,酷幣100
14,CASE 機殼(+電源),迎廣 InWin 機殼,671,｛迎廣 F3 白｝顯卡長34/CPU高16/玻璃透側/支援背插/M-ATX,3190,,酷幣100
14,CASE 機殼(+電源),迎廣 InWin 機殼,672,｛迎廣 F5 黑｝顯卡長43.5/CPU高18/玻璃透側/支援背插(限ATX)/E-ATX,3990,,酷幣100
14,CASE 機殼(+電源),迎廣 InWin 機殼,673,｛迎廣 F5 白｝顯卡長43.5/CPU高18/玻璃透側/支援背插(限ATX)/E-ATX,4290,,酷幣100
14,CASE 機殼(+電源),迎廣 InWin 機殼,674,｛迎廣 COVALENT｝全塔式機殼 顯卡長48/CPU高19/玻璃透側/支援*8 PCI/支援背插/EEB,3990,,
14,CASE 機殼(+電源),迎廣 InWin 機殼,675,｛迎廣 DLITE 摩卡棕｝顯卡長38/CPU高16.5/波浪紋網孔面板/玻璃透側/支援背插/ATX,2990,,
14,CASE 機殼(+電源),迎廣 InWin 機殼,676,｛迎廣 DLITE 丁香紫｝顯卡長38/CPU高16.5/波浪紋網孔面板/玻璃透側/支援背插/ATX,2990,,
14,CASE 機殼(+電源),迎廣 InWin 機殼,677,｛迎廣 DUBILI 鈦灰｝顯卡長43/CPU高16/鋁合金/玻璃透側/E-ATX【客訂】,6790,,酷幣100
14,CASE 機殼(+電源),迎廣 InWin 機殼,678,｛迎廣 DUBILI 奶油香檳｝顯卡長43/CPU高16/鋁合金/玻璃透側/E-ATX【客訂】,6790,,酷幣100
14,CASE 機殼(+電源),恩傑 NZXT 機殼,680,｛NZXT H3 Flow 黑｝顯卡長37.7/CPU高17/玻璃透側/支援背插/M-ATX(H31FB-01),1990,,
14,CASE 機殼(+電源),恩傑 NZXT 機殼,681,｛NZXT H3 Flow 白｝顯卡長37.7/CPU高17/玻璃透側/支援背插/M-ATX(H31FW-01),1990,,
14,CASE 機殼(+電源),恩傑 NZXT 機殼,682,｛NZXT H5 Flow(2024) 黑｝顯卡長41/CPU高17/玻璃透側/E-ATX(H52FB-01),2490,,
14,CASE 機殼(+電源),恩傑 NZXT 機殼,683,｛NZXT H5 Flow(2024) 白｝顯卡長41/CPU高17/玻璃透側/E-ATX(H52FW-01),2490,,
14,CASE 機殼(+電源),恩傑 NZXT 機殼,684,｛NZXT H6 Flow 黑｝顯卡36.5/CPU高16.3/全景玻璃/傾斜前風扇/分艙/ATX(H61FB-01)▼下殺到 9/30 20:00,2990,3490,價格異動 下殺
14,CASE 機殼(+電源),恩傑 NZXT 機殼,685,NZXT H6 Flow 黑 /全景玻璃/傾斜前風扇/ATX + NZXT Kraken Core 360 RGB 水冷散熱器,5990,,熱賣
14,CASE 機殼(+電源),恩傑 NZXT 機殼,686,｛NZXT H6 黑｝顯卡長39/CPU高16.5/全景曲面玻璃/分艙/背插(限ATX)(H62FB-01),4290,,
14,CASE 機殼(+電源),恩傑 NZXT 機殼,687,｛NZXT H6 白｝顯卡長39/CPU高16.5/全景曲面玻璃/分艙/背插(限ATX)(H62FW-01),4290,,
14,CASE 機殼(+電源),恩傑 NZXT 機殼,688,｛NZXT H6 RGB+ 黑｝顯卡長39/CPU高16.5/全景曲面玻璃/分艙/背插(限ATX)(H62FB-P1),7990,,
14,CASE 機殼(+電源),恩傑 NZXT 機殼,689,｛NZXT H6 RGB+ 白｝顯卡長39/CPU高16.5/全景曲面玻璃/分艙/背插(限ATX)(H62FW-P1),7990,,
14,CASE 機殼(+電源),恩傑 NZXT 機殼,690,｛NZXT H7 Flow(2024) 黑｝顯卡長41/CPU高18.5/玻璃透側/E-ATX(H72FB-01),4290,,
14,CASE 機殼(+電源),恩傑 NZXT 機殼,691,｛NZXT H7 Flow(2024) 白｝顯卡長41/CPU高18.5/玻璃透側/E-ATX(H72FW-01),4290,,
14,CASE 機殼(+電源),恩傑 NZXT 機殼,692,｛NZXT H7 Flow RGB(2024) 黑｝顯卡長41/CPU高18.5/玻璃透側/E-ATX(H72FB-R1),5290,,
14,CASE 機殼(+電源),恩傑 NZXT 機殼,693,｛NZXT H7 Flow RGB(2024) 白｝顯卡長41/CPU高18.5/玻璃透側/E-ATX(H72FW-R1),5290,,
14,CASE 機殼(+電源),恩傑 NZXT 機殼,694,｛NZXT H9 Flow(2025) 黑｝顯卡43.5/U高16.5/玻璃透側/分艙設計/背插(限ATX)(H92FB-01),5590,,
14,CASE 機殼(+電源),恩傑 NZXT 機殼,695,｛NZXT H9 Flow(2025) 白｝顯卡43.5/U高16.5/玻璃透側/分艙設計/背插(限ATX)(H92FW-01),5590,,
14,CASE 機殼(+電源),全漢 FSP 機殼,697,｛全漢 S110-B｝顯卡長28.5/CPU高16/網狀面板/簡約設計/M-ATX,790,,
14,CASE 機殼(+電源),全漢 FSP 機殼,698,｛全漢 S380-BA 黑｝顯卡長44.5/CPU高16/分艙設計/全景玻璃透側/M-ATX,1690,,
14,CASE 機殼(+電源),全漢 FSP 機殼,699,｛全漢 S380-WA 白｝顯卡長44.5/CPU高16/分艙設計/全景玻璃透側/M-ATX,1790,,
14,CASE 機殼(+電源),全漢 FSP 機殼,700,｛全漢 M320-BA 黑｝顯卡長42.5/CPU高17/玻璃透側/E-ATX,1690,,
14,CASE 機殼(+電源),全漢 FSP 機殼,701,｛全漢 M320-WA 白｝顯卡長42.5/CPU高17/玻璃透側/E-ATX,1690,,
14,CASE 機殼(+電源),全漢 FSP 機殼,702,｛全漢 M580 PRO-BA 黑｝顯卡44.5/U高16/全景曲面玻璃/數顯後風扇/背插/分艙/ATX,3290,,
14,CASE 機殼(+電源),全漢 FSP 機殼,703,｛全漢 M580 PRO-WA 白｝顯卡44.5/U高16/全景曲面玻璃/數顯後風扇/背插/分艙/ATX,3290,,
14,CASE 機殼(+電源),全漢 FSP 機殼,704,｛全漢 CST130 Basic 黑｝顯卡長30/CPU高16.5/壓克力透側/M-ATX,1090,,
14,CASE 機殼(+電源),全漢 FSP 機殼,705,｛全漢 CST130 Basic 白｝顯卡長30/CPU高16.5/壓克力透側/M-ATX,1190,,
14,CASE 機殼(+電源),全漢 FSP 機殼,706,｛全漢 CST351｝顯卡長33.6/CPU高13.8/底部ARGB氣氛燈/前置Type-C/ITX【SFX】,990,,
14,CASE 機殼(+電源),全漢 FSP 機殼,707,全漢 CST351 顯卡長33.6/CPU高13.8/ITX + 全漢 金鋼彈 650W/金牌(SFX) 現省$790！,3490,,熱賣
14,CASE 機殼(+電源),全漢 FSP 機殼,708,｛全漢 CMT195B 黑｝顯卡長34/CPU高16/鑽切造型面板/壓克力透側/ATX,990,,
14,CASE 機殼(+電源),全漢 FSP 機殼,709,｛全漢 CMT195W 白｝顯卡長34/CPU高16/鑽切造型面板/壓克力透側/ATX,1090,,
14,CASE 機殼(+電源),全漢 FSP 機殼,710,｛全漢 CMT223S｝靜音機殼 顯卡長30/CPU高16/內建4風扇/ATX,1590,,
14,CASE 機殼(+電源),全漢 FSP 機殼,711,｛全漢 U500-B｝顯卡長42/CPU高18/雙顯卡支架/支援*9 PCI slot/E-ATX,3990,,
14,CASE 機殼(+電源),聯力工業 LIAN LI 機殼,713,｛聯力 A4-H2O 黑｝PCIe 5.0/顯卡長32.2/CPU高5.5/鋁合金/ITX【SFX】,4700,,
14,CASE 機殼(+電源),聯力工業 LIAN LI 機殼,714,｛聯力 A4-H2O 銀｝PCIe 5.0/顯卡長32.2/CPU高5.5/鋁合金/ITX【SFX】,4700,,
14,CASE 機殼(+電源),聯力工業 LIAN LI 機殼,715,｛聯力 A3-mATX 黑｝顯卡長41.5/CPU高16.5/3面網孔/含顯卡支架/M-ATX,1899,,
14,CASE 機殼(+電源),聯力工業 LIAN LI 機殼,716,｛聯力 A3-mATX 白｝顯卡長41.5/CPU高16.5/3面網孔/含顯卡支架/M-ATX,1899,,
14,CASE 機殼(+電源),聯力工業 LIAN LI 機殼,717,｛聯力 A3-mATX 實木黑｝顯卡長41.5/CPU高16.5/3面網孔/含顯卡支架/M-ATX,2369,,
14,CASE 機殼(+電源),聯力工業 LIAN LI 機殼,718,｛聯力 A3-mATX 實木白｝顯卡長41.5/CPU高16.5/3面網孔/含顯卡支架/M-ATX,2369,,
14,CASE 機殼(+電源),聯力工業 LIAN LI 機殼,719,｛聯力 B4 m-ATX 黑｝卡35.8/CPU高16.8/ATX電源(≦14cm)/雙向擺放/M-ATX【建議SFX】,1899,,
14,CASE 機殼(+電源),聯力工業 LIAN LI 機殼,720,｛聯力 B4 m-ATX 白｝卡35.8/CPU高16.8/ATX電源(≦14cm)/雙向擺放/M-ATX【建議SFX】,1899,,
14,CASE 機殼(+電源),聯力工業 LIAN LI 機殼,721,｛聯力 B4 m-ATX 實木黑｝卡35.8/U高16.8/ATX電源(≦14cm)/雙向擺放/M-ATX【建議SFX】,2369,,
14,CASE 機殼(+電源),聯力工業 LIAN LI 機殼,722,｛聯力 B4 m-ATX 實木白｝卡35.8/U高16.8/ATX電源(≦14cm)/雙向擺放/M-ATX【建議SFX】,2369,,
14,CASE 機殼(+電源),聯力工業 LIAN LI 機殼,723,"｛聯力 Vector V100R MINI｝顯卡41.5/U高16.3/全景玻璃/內建燈條,顯卡支架/背插/M-ATX",1590,,
14,CASE 機殼(+電源),聯力工業 LIAN LI 機殼,724,｛聯力 Vector V150 INF｝顯卡長40/CPU高16.3/玻璃開孔面板+透側/支援背插/M-ATX,2499,,
14,CASE 機殼(+電源),聯力工業 LIAN LI 機殼,725,｛聯力 LANCOOL 216 RGB 黑｝顯卡長39.2/CPU高18/含磁吸前濾網/玻璃透側/E-ATX,2700,,
14,CASE 機殼(+電源),聯力工業 LIAN LI 機殼,726,｛聯力 LANCOOL 216 RGB 白｝顯卡長39.2/CPU高18/含磁吸前濾網/玻璃透側/E-ATX,2900,,
14,CASE 機殼(+電源),聯力工業 LIAN LI 機殼,727,｛聯力 LANCOOL 217 黑｝顯卡38/CPU高18/玻璃透側/木質裝飾/支援背插/E-ATX(EEB),3490,,
14,CASE 機殼(+電源),聯力工業 LIAN LI 機殼,728,｛聯力 LANCOOL 217 白｝顯卡38/CPU高18/玻璃透側/木質裝飾/支援背插/E-ATX(EEB),3690,,
14,CASE 機殼(+電源),聯力工業 LIAN LI 機殼,729,｛聯力 LANCOOL 217 INF 黑｝顯卡38/U高18/玻璃開孔面板+透側/支援背插/E-ATX(EEB),3650,,
14,CASE 機殼(+電源),聯力工業 LIAN LI 機殼,730,｛聯力 LANCOOL 217 INF 白｝顯卡38/U高18/玻璃開孔面板+透側/支援背插/E-ATX(EEB),3850,,
14,CASE 機殼(+電源),聯力工業 LIAN LI 機殼,731,｛聯力 O11 Vision-M 黑｝顯卡長41/CPU高16.2/三面全景玻璃/分艙設計/M-ATX,2499,,
14,CASE 機殼(+電源),聯力工業 LIAN LI 機殼,732,｛聯力 O11 Vision-M 白｝顯卡長41/CPU高16.2/三面全景玻璃/分艙設計/M-ATX,2699,,
14,CASE 機殼(+電源),聯力工業 LIAN LI 機殼,733,｛聯力 O11 Vision-M 數位版 黑｝顯卡41/U高16.2/9.2吋LCD/三面全景玻璃/分艙/M-ATX,4199,,
14,CASE 機殼(+電源),聯力工業 LIAN LI 機殼,734,｛聯力 O11 Vision-M 數位版 白｝顯卡41/U高16.2/9.2吋LCD/三面全景玻璃/分艙/M-ATX,4399,,
14,CASE 機殼(+電源),聯力工業 LIAN LI 機殼,735,｛聯力 O11 Vision Compact 黑｝卡40.8/U高16.4/雙頂蓋模式/全景玻璃/支援背插(限ATX),3599,,
14,CASE 機殼(+電源),聯力工業 LIAN LI 機殼,736,｛聯力 O11 Vision Compact 白｝卡40.8/U高16.4/雙頂蓋模式/全景玻璃/支援背插(限ATX),3599,,
14,CASE 機殼(+電源),聯力工業 LIAN LI 機殼,737,｛聯力 O11 Dynamic Mini V2 黑｝卡40/U高16/全景玻璃/無風扇/僅支援5slots/背插(限ATX),2699,,
14,CASE 機殼(+電源),聯力工業 LIAN LI 機殼,738,｛聯力 O11 Dynamic Mini V2 白｝卡40/U高16/全景玻璃/無風扇/僅支援5slots/背插(限ATX),2699,,
14,CASE 機殼(+電源),聯力工業 LIAN LI 機殼,739,｛聯力 O11 Dynamic Mini V2 Flow 黑｝卡40/U16/全景玻璃/5風扇/僅支援5slots/背插(限ATX),2999,,
14,CASE 機殼(+電源),聯力工業 LIAN LI 機殼,740,｛聯力 O11 Dynamic Mini V2 Flow 白｝卡40/U16/全景玻璃/5風扇/僅支援5slots/背插(限ATX),2999,,
14,CASE 機殼(+電源),聯力工業 LIAN LI 機殼,741,｛聯力 O11 Dynamic EVO RGB 黑｝顯卡45.5/U高16.7/頂底部L型燈條/全景玻璃/E-ATX,4800,,
14,CASE 機殼(+電源),聯力工業 LIAN LI 機殼,742,｛聯力 O11 Dynamic EVO RGB 白｝顯卡45.5/U高16.7/頂底部L型燈條/全景玻璃/E-ATX,5100,,
14,CASE 機殼(+電源),聯力工業 LIAN LI 機殼,743,｛聯力 O11 Dynamic EVO XL 黑｝顯卡46/CPU高16.7/雙向翻轉設計/玻璃透側/E-ATX,7200,,
14,CASE 機殼(+電源),聯力工業 LIAN LI 機殼,744,｛聯力 O11 Dynamic EVO XL 白｝顯卡46/CPU高16.7/雙向翻轉設計/玻璃透側/E-ATX,7500,,
14,CASE 機殼(+電源),創氪星系 TRYX,746,｛TRYX FLOVA F50 黑｝顯卡(36~42)/U高17/玻璃透側/布面織材/貫流風機/背插(限ATX),5690,,
14,CASE 機殼(+電源),創氪星系 TRYX,747,｛TRYX FLOVA F50 白｝顯卡(36~42)/U高17/玻璃透側/布面織材/貫流風機/背插(限ATX),5690,,
14,CASE 機殼(+電源),創氪星系 TRYX,748,｛TRYX FLOVA F50 粉｝顯卡長(36~42)/U高17/玻璃透側/布面織材/貫流風機/背插(限ATX),5690,,
14,CASE 機殼(+電源),創氪星系 TRYX,749,｛TRYX LUCA L70 黑｝顯卡46/U高17/鋁合金框架/全景玻璃/支援背插/E-ATX【客訂】,7990,,
14,CASE 機殼(+電源),創氪星系 TRYX,750,｛TRYX LUCA L70 白｝顯卡46/U高17/鋁合金框架/全景玻璃/支援背插/E-ATX【客訂】,7990,,
14,CASE 機殼(+電源),喬思伯 JONSBO 機殼,753,｛喬思伯 N3｝顯卡長25/CPU高13/3.5*8 硬碟位/NAS推薦/上下分艙/ITX【SFX】,3990,,
14,CASE 機殼(+電源),喬思伯 JONSBO 機殼,754,｛喬思伯 N4 黑｝顯卡長23(Low Profile)/U高7/硬碟位3.5*6+2.5*2/NAS推薦/M-ATX【SFX】,2990,,
14,CASE 機殼(+電源),喬思伯 JONSBO 機殼,755,｛喬思伯 N4 白｝顯卡長23(Low Profile)/U高7/硬碟位3.5*6+2.5*2/NAS推薦/M-ATX【SFX】,2990,,
14,CASE 機殼(+電源),喬思伯 JONSBO 機殼,756,｛喬思伯 N5｝顯卡長35/CPU高16/3.5*12 硬碟位/NAS推薦/上下分艙/E-ATX,5990,,
14,CASE 機殼(+電源),喬思伯 JONSBO 機殼,757,｛喬思伯 N6 黑｝顯卡長(27.5~32)/CPU高6.5/3.5*9 硬碟位/NAS推薦/上下分艙/M-ATX,3990,,
14,CASE 機殼(+電源),喬思伯 JONSBO 機殼,758,｛喬思伯 C6 黑｝顯卡長(20~25.5)/CPU高7.5/4面網孔/M-ATX,1190,,
14,CASE 機殼(+電源),喬思伯 JONSBO 機殼,759,｛喬思伯 C6 白｝顯卡長(20~25.5)/CPU高7.5/4面網孔/M-ATX,1190,,
14,CASE 機殼(+電源),喬思伯 JONSBO 機殼,760,｛喬思伯 C6 MAX 黑｝顯卡長(30~33.5)/CPU高17/玻璃透側/自帶提把/M-ATX,1490,,
14,CASE 機殼(+電源),喬思伯 JONSBO 機殼,761,｛喬思伯 C6 MAX 白｝顯卡長(30~33.5)/CPU高17/玻璃透側/自帶提把/M-ATX,1490,,
14,CASE 機殼(+電源),喬思伯 JONSBO 機殼,762,｛喬思伯 D31 Mesh 黑｝顯卡長(33~40)/CPU高16.8/玻璃透側/M-ATX,1590,,
14,CASE 機殼(+電源),喬思伯 JONSBO 機殼,763,｛喬思伯 D31 Mesh 白｝顯卡長(33~40)/CPU高16.8/玻璃透側/M-ATX,1590,,
14,CASE 機殼(+電源),喬思伯 JONSBO 機殼,764,｛喬思伯 D32 Pro Mesh 黑｝顯卡36.5/CPU高(16.3~16.9)/網孔側板/背插(B模式)/M-ATX,2190,,
14,CASE 機殼(+電源),喬思伯 JONSBO 機殼,765,｛喬思伯 D32 Pro Mesh 白｝顯卡36.5/CPU高(16.3~16.9)/網孔側板/背插(B模式)/M-ATX,2190,,
14,CASE 機殼(+電源),喬思伯 JONSBO 機殼,766,｛喬思伯 D32 Pro 黑｝顯卡36.5/CPU高(16.3~16.9)/玻璃透側/支援背插(B模式)/M-ATX,2190,,
14,CASE 機殼(+電源),喬思伯 JONSBO 機殼,767,｛喬思伯 D32 Pro 白｝顯卡36.5/CPU高(16.3~16.9)/玻璃透側/支援背插(B模式)/M-ATX,2190,,
14,CASE 機殼(+電源),喬思伯 JONSBO 機殼,768,｛喬思伯 D33 WOOD 黑｝顯卡長43.5/CPU高17.2/玻璃透側/支援背插/M-ATX,3190,,
14,CASE 機殼(+電源),喬思伯 JONSBO 機殼,769,｛喬思伯 D33 WOOD 白｝顯卡長43.5/CPU高17.2/玻璃透側/支援背插/M-ATX,3190,,
14,CASE 機殼(+電源),喬思伯 JONSBO 機殼,770,｛喬思伯 D34 黑｝顯卡長33.3/CPU高16.5/全景玻璃透側/支援背插/監控面板/M-ATX,3290,,
14,CASE 機殼(+電源),喬思伯 JONSBO 機殼,771,｛喬思伯 D34 白｝顯卡長33.3/CPU高16.5/全景玻璃透側/支援背插/監控面板/M-ATX,3290,,
14,CASE 機殼(+電源),喬思伯 JONSBO 機殼,772,｛喬思伯 Z20 黑｝顯卡長36.3/CPU高16.3/玻璃透側/M-ATX【建議SFX】,2690,,
14,CASE 機殼(+電源),喬思伯 JONSBO 機殼,773,｛喬思伯 Z20 白｝顯卡長36.3/CPU高16.3/玻璃透側/M-ATX【建議SFX】,2690,,
14,CASE 機殼(+電源),喬思伯 JONSBO 機殼,774,｛喬思伯 Z20 拼色版 黑橘｝顯卡長36.3/CPU高16.3/玻璃透側/M-ATX【建議SFX】,2690,,
14,CASE 機殼(+電源),喬思伯 JONSBO 機殼,775,｛喬思伯 Z20 拼色版 白粉｝顯卡長36.3/CPU高16.3/玻璃透側/M-ATX【建議SFX】,2990,,
14,CASE 機殼(+電源),喬思伯 JONSBO 機殼,776,｛喬思伯 D200 黑｝顯卡長41/CPU高17.1/全景曲面玻璃/面板溫度顯示/M-ATX,1990,,
14,CASE 機殼(+電源),喬思伯 JONSBO 機殼,777,｛喬思伯 D200 白｝顯卡長41/CPU高17.1/全景曲面玻璃/面板溫度顯示/M-ATX,1990,,
14,CASE 機殼(+電源),喬思伯 JONSBO 機殼,778,｛喬思伯 D300(TW) 黑｝顯卡長43/U高18/SL-120風扇*4/全景曲面玻璃/支援背插/M-ATX,2690,,
14,CASE 機殼(+電源),喬思伯 JONSBO 機殼,779,｛喬思伯 D300(TW) 白｝顯卡長43/U高18/SL-120風扇*4/全景曲面玻璃/支援背插/M-ATX,2690,,
14,CASE 機殼(+電源),喬思伯 JONSBO 機殼,780,｛喬思伯 D400(TW) 黑｝顯卡45/CPU高16.9/SL-120風扇*4/全景曲面玻璃/支援背插/ATX,2990,,
14,CASE 機殼(+電源),喬思伯 JONSBO 機殼,781,｛喬思伯 D400(TW) 白｝顯卡45/CPU高16.9/SL-120風扇*4/全景曲面玻璃/支援背插/ATX,2990,,
14,CASE 機殼(+電源),喬思伯 JONSBO 機殼,782,｛喬思伯 TK-0 黑｝顯卡長23/CPU高13.7/雙折彎環形玻璃/胡桃木面板/ITX【SFX】,3690,,
14,CASE 機殼(+電源),喬思伯 JONSBO 機殼,783,｛喬思伯 TK-0 白｝顯卡長23/CPU高13.7/雙折彎環形玻璃/胡桃木面板/ITX【SFX】,3690,,
14,CASE 機殼(+電源),喬思伯 JONSBO 機殼,784,｛喬思伯 TK-1 黑｝顯卡長28/CPU高16.5/雙折彎環形玻璃/支援背插/M-ATX,3990,,
14,CASE 機殼(+電源),喬思伯 JONSBO 機殼,785,｛喬思伯 TK-1 白｝顯卡長28/CPU高16.5/雙折彎環形玻璃/支援背插/M-ATX,3990,,
14,CASE 機殼(+電源),喬思伯 JONSBO 機殼,786,｛喬思伯 TK-2 V2 黑｝顯卡長40.5/CPU高16.5/雙折彎環形玻璃/ATX,4190,,
14,CASE 機殼(+電源),喬思伯 JONSBO 機殼,787,｛喬思伯 TK-2 V2 白｝顯卡長40.5/CPU高16.5/雙折彎環形玻璃/ATX,4190,,
14,CASE 機殼(+電源),喬思伯 JONSBO 機殼,788,｛喬思伯 TK-3(TW) 黑｝顯卡長42/U高16.5/SL-120風扇*4/全景曲面玻璃/分艙設計/ATX,2990,,
14,CASE 機殼(+電源),喬思伯 JONSBO 機殼,789,｛喬思伯 TK-5 黑｝顯卡長46/CPU高18/雙折彎環形玻璃/支援背插/ATX,3990,,
14,CASE 機殼(+電源),喬思伯 JONSBO 機殼,790,｛喬思伯 TK-5 白｝顯卡長46/CPU高18/雙折彎環形玻璃/支援背插/ATX,3690,,
14,CASE 機殼(+電源),喬思伯 JONSBO 機殼,791,｛喬思伯 T9 黑｝顯卡長31/CPU高(5.8~7.8)/PCIe5.0線/胡桃木底座/鋁合金外殼/ITX【SFX】,5490,,
14,CASE 機殼(+電源),喬思伯 JONSBO 機殼,792,｛喬思伯 T9 銀｝顯卡長31/CPU高(5.8~7.8)/PCIe5.0線/胡桃木底座/鋁合金外殼/ITX【SFX】,5490,,
14,CASE 機殼(+電源),喬思伯 JONSBO 機殼,793,｛喬思伯 V12 黑｝顯卡長26/CPU高14/全景曲面玻璃上蓋/胡桃木飾板/分艙設計/M-ATX,3990,,
14,CASE 機殼(+電源),喬思伯 JONSBO 機殼,794,｛喬思伯 V12 白｝顯卡長26/CPU高14/全景曲面玻璃上蓋/胡桃木飾板/分艙設計/M-ATX,3990,,
14,CASE 機殼(+電源),喬思伯 JONSBO 機殼,795,｛喬思伯 X400 鈦灰｝顯卡長42.7/CPU高17.6/全景玻璃透側/分艙設計/支援背插/ATX,3990,,
14,CASE 機殼(+電源),喬思伯 JONSBO 機殼,796,｛喬思伯 X400 銀白｝顯卡長42.7/CPU高17.6/全景玻璃透側/分艙設計/支援背插/ATX,3990,,
15,電源供應器,特價 or 活動專區,2,｛XPG CYBERCORE II 1300W｝雙8/白金/全模組/ATX3.0(PCIe 5.0)/10年保 原價$7490,4990,,
15,電源供應器,特價 or 活動專區,3,｛XPG CORE REACTOR II VE 750W｝雙8/金牌/全模/ATX3.1(PCIe 5.1)/7年保 原價$3190,2790,,
15,電源供應器,特價 or 活動專區,5,｛XPG CORE REACTOR II VE 850W｝雙8/金牌/全模/ATX3.1(PCIe 5.1)/7年保 原價$3490,3190,,
15,電源供應器,特價 or 活動專區,6,｛COUGAR ATLAS 750W｝雙8/銅牌/ATX3.1(PCIe 5.1)/主日系/5年保 原價$2090！,1790,,
15,電源供應器,特價 or 活動專區,7,｛COUGAR GR 750W｝雙8/金牌/全模組/ATX3.1(PCIe 5.1)/主日系/5年保 原價$2990！,2590,,
15,電源供應器,特價 or 活動專區,8,｛COUGAR GR 850W｝雙8/金牌/全模組/ATX3.1(PCIe 5.1)/主日系/5年保 原價$3290！,2890,,
15,電源供應器,特價 or 活動專區,9,｛台達 超實在 1100W｝雙8/白金/全模組/ATX3.0(PCIe 5.0)/10年保 原價$6990！,5390,,
15,電源供應器,特價 or 活動專區,10,｛Apexgaming GTR-750MW(750W) 白色｝雙8/金牌/全模/ATX3.0(PCIe 5.0)/10年 原價$2790,2490,,
15,電源供應器,特價 or 活動專區,11,｛Apexgaming GTR-850MW(850W) 白色｝雙8/金牌/全模/ATX3.0(PCIe 5.0)/10年 原價$3090,2790,,
15,電源供應器,特價 or 活動專區,12,｛Apexgaming GTR Plus-1000M(1000W)｝雙8/白金/全模/ATX3.1(PCIe 5.1)/10年 原價$5590,3390,,
15,電源供應器,特價 or 活動專區,13,｛Apexgaming GTR Plus-1000MW(1000W) 白色｝白金/全模/ATX3.1(PCIe 5.1)10年 原價$5790,3590,,
15,電源供應器,特規 SFX SFX-L 電源供應器,17,｛華碩 ROG LOKI 750W｝雙8/白金/ATX3.0(PCIe 5.0)/ARGB風扇/10年保【SFX-L規格】,5990,,
15,電源供應器,特規 SFX SFX-L 電源供應器,18,｛華碩 ROG LOKI 850W｝雙8/白金/ATX3.0(PCIe 5.0)/ARGB風扇/10年保【SFX-L規格】,6990,,
15,電源供應器,特規 SFX SFX-L 電源供應器,19,｛華碩 ROG LOKI 850W 白色版｝雙8/白金/ATX3.0(PCIe 5.0)/ARGB/10年保【SFX-L規格】,7490,,
15,電源供應器,特規 SFX SFX-L 電源供應器,20,｛華碩 ROG LOKI 1000W｝雙8/白金/ATX3.0(PCIe 5.0)/ARGB風扇/10年保【SFX-L規格】,8490,,
15,電源供應器,特規 SFX SFX-L 電源供應器,21,｛華碩 ROG LOKI 1200W｝雙8/鈦金/ATX3.1(PCIe 5.0)/ARGB風扇/10年保【SFX-L規格】,9990,,
15,電源供應器,特規 SFX SFX-L 電源供應器,22,｛Apexgaming KR-750M(750W)｝雙8/白金/全模/ATX3.0(PCIe 5.0)/全日系/10年【SFX】,3590,,
15,電源供應器,特規 SFX SFX-L 電源供應器,23,｛Apexgaming KR-850MW(850W) 白色｝雙8/白金/全模/ATX3.0(PCIe 5.0)/10年【SFX】,4490,,
15,電源供應器,特規 SFX SFX-L 電源供應器,24,｛全漢 金鋼彈 650W｝雙8/金牌/全模/全日系/DC-DC/10年保固【SFX規格】,3290,,
15,電源供應器,特規 SFX SFX-L 電源供應器,25,｛全漢 金鋼彈 750W ATX3.1(PCIe 5.1)｝雙8/金牌/全模/主日系/10年保【SFX規格】,3990,,
15,電源供應器,特規 SFX SFX-L 電源供應器,26,｛全漢 金鋼彈 850W ATX3.1(PCIe 5.1)｝雙8/金牌/全模/主日系/10年保【SFX規格】,4990,,
15,電源供應器,特規 SFX SFX-L 電源供應器,27,｛全漢 金鋼彈 850W ATX3.0(PCIe 5.0) 白色｝雙8/金牌/全模/主日系/10年保【SFX規格】,4590,,
15,電源供應器,特規 SFX SFX-L 電源供應器,28,｛全漢 DAGGER PM 1200W(MIT)｝雙8/白金/全模/ATX3.1(PCIe 5.1)/主日系/10年【SFX-L】,7990,,
15,電源供應器,特規 SFX SFX-L 電源供應器,29,｛銀欣 ST30SF 300W｝銅牌/直出線/5年保 (ST30SF.V2.0)【SFX規格】,1790,,
15,電源供應器,特規 SFX SFX-L 電源供應器,30,｛銀欣 ST45SF 450W｝銅牌/直出線/5年保 (ST45SF.V3.0)【SFX規格】,2190,,
15,電源供應器,特規 SFX SFX-L 電源供應器,31,｛銀欣 Extreme 550Rz(550W) Gold｝雙8/金牌/全模組/主日系/ATX3.1/5年保【SFX規格】,2490,,
15,電源供應器,特規 SFX SFX-L 電源供應器,32,｛銀欣 Extreme 650Rz(650W) Gold｝雙8/金牌/全模組/主日系/ATX3.1/5年保【SFX規格】,2790,,
15,電源供應器,特規 SFX SFX-L 電源供應器,33,｛酷碼 V SFX GOLD 850W ATX3.1 黑色｝雙8/金牌/全模組(PCIe 5.1)/10年【SFX規格】,4690,,
15,電源供應器,特規 SFX SFX-L 電源供應器,34,｛酷碼 V SFX GOLD 850W ATX3.1 白色｝雙8/金牌/全模組(PCIe 5.1)/10年【SFX規格】,4690,,
15,電源供應器,華碩 ASUS【0800到府收送】,37,｛華碩 ROG LOKI 750W｝雙8/白金/ATX3.0(PCIe 5.0)/ARGB風扇/10年保【SFX-L規格】,5990,,
15,電源供應器,華碩 ASUS【0800到府收送】,38,｛華碩 ROG LOKI 850W｝雙8/白金/ATX3.0(PCIe 5.0)/ARGB風扇/10年保【SFX-L規格】,6990,,
15,電源供應器,華碩 ASUS【0800到府收送】,39,｛華碩 ROG LOKI 850W 白色版｝雙8/白金/ATX3.0(PCIe 5.0)/ARGB/10年保【SFX-L規格】,7490,,
15,電源供應器,華碩 ASUS【0800到府收送】,40,｛華碩 ROG LOKI 1000W｝雙8/白金/ATX3.0(PCIe 5.0)/ARGB風扇/10年保【SFX-L規格】,8490,,
15,電源供應器,華碩 ASUS【0800到府收送】,41,｛華碩 ROG LOKI 1200W｝雙8/鈦金/ATX3.1(PCIe 5.0)/ARGB風扇/10年保【SFX-L規格】,9990,,
15,電源供應器,華碩 ASUS【0800到府收送】,42,｛華碩 PRIME 750W 銅牌 白色版｝雙8/直出線/雙滾珠風扇/壓紋線材/6年保,2390,,
15,電源供應器,華碩 ASUS【0800到府收送】,43,｛華碩 TUF GAMING 650W EVO｝銅牌/全模組/ATX3.1/防潮塗層/6年保,1990,,
15,電源供應器,華碩 ASUS【0800到府收送】,44,｛華碩 TUF GAMING 750W EVO｝雙8/銅牌/全模組/ATX3.1/防潮塗層/6年保,2390,,
15,電源供應器,華碩 ASUS【0800到府收送】,45,｛華碩 TUF GAMING 650W Gold EVO｝雙8/金牌/全模組/ATX3.1(PCIe 5.1)/8年保,2790,,
15,電源供應器,華碩 ASUS【0800到府收送】,46,｛華碩 TUF GAMING 750W Gold EVO｝雙8/金牌/全模組/ATX3.1(PCIe 5.1)/8年保,3090,,
15,電源供應器,華碩 ASUS【0800到府收送】,47,｛華碩 TUF GAMING 850W Gold EVO｝雙8/金牌/全模組/ATX3.1(PCIe 5.1)/8年保,3490,,
15,電源供應器,華碩 ASUS【0800到府收送】,48,｛華碩 TUF GAMING 850W Gold EVO 白色版｝雙8/金牌/全模組/ATX3.1(PCIe 5.1)/8年保,3590,,
15,電源供應器,華碩 ASUS【0800到府收送】,49,｛華碩 TUF GAMING 1000W Gold EVO｝金牌/全模/ATX3.1(PCIe 5.1) 送 ESD-A1A(黑)外接盒▼下殺到 9/30 20:00,4390,,下殺
15,電源供應器,華碩 ASUS【0800到府收送】,50,｛華碩 TUF GAMING 1200W Gold EVO｝金牌/全模/ATX3.1(PCIe 5.1) 送 ESD-A1A(黑)外接盒▼下殺到 9/30 20:00,4990,,下殺
15,電源供應器,華碩 ASUS【0800到府收送】,51,｛華碩 TUF GAMING 1000W Gold｝雙8/金牌/全模組/ATX3.0(PCIe 5.0)/防潮塗層/10年保,4590,,
15,電源供應器,華碩 ASUS【0800到府收送】,52,｛華碩 TUF GAMING 850W 白金｝全模組/ATX3.1(PCIe 5.1)/8年 送 ESD-T1A SSD外接盒▼下殺到 9/30 20:00,4390,,下殺
15,電源供應器,華碩 ASUS【0800到府收送】,53,｛華碩 TUF GAMING 1000W 白金｝全模組/ATX3.1(PCIe 5.1)/8年 送 ESD-T1A SSD外接盒▼下殺到 9/30 20:00,4990,,下殺
15,電源供應器,華碩 ASUS【0800到府收送】,54,｛華碩 TUF GAMING 1200W 白金｝全模組/ATX3.1(PCIe 5.1)/8年 送 ESD-T1A SSD外接盒▼下殺到 9/30 20:00,5990,,下殺
15,電源供應器,華碩 ASUS【0800到府收送】,55,｛華碩 ROG STRIX 1000W 白金 ROG Equalizer｝全模/ATX3.1(PCIe 5.1)/智慧停轉/10年保,6490,,
15,電源供應器,華碩 ASUS【0800到府收送】,56,｛華碩 ROG STRIX 1000W(白色) 白金 ROG Equalizer｝全模/ATX3.1(PCIe 5.1)/10年保,6590,,
15,電源供應器,華碩 ASUS【0800到府收送】,57,｛華碩 ROG STRIX 1200W 白金 ROG Equalizer｝全模/ATX3.1(PCIe 5.1)/智慧停轉/10年保,7490,,
15,電源供應器,華碩 ASUS【0800到府收送】,59,｛華碩 ROG THOR III 1000W｝雙8/白金/全模組/OLED監控/ATX3.1(PCIe 5.1)/10年保,10490,,熱賣
15,電源供應器,華碩 ASUS【0800到府收送】,61,｛華碩 ROG THOR III 1200W 白金 ROG Equalizer｝全模/OLED監控/ATX3.1(PCIe 5.1)/10年,13990,,
15,電源供應器,華碩 ASUS【0800到府收送】,62,｛華碩 ROG THOR III 1200W(白色) 白金 ROG Equalizer｝全模/ATX3.1(PCIe 5.1)/10年,14590,,
15,電源供應器,華碩 ASUS【0800到府收送】,63,｛華碩 ROG THOR III EVO 1600W｝鈦金/全模/OLED/ATX3.1(雙PCie 5.1/Equalizer線)10年,23990,,
15,電源供應器,華碩 ASUS【0800到府收送】,64,｛華碩 Pro WS 2200W｝雙8/白金/全模組/ATX3.1(4*PCIe 5.1)/10年保(限220V T型插座),19990,,
15,電源供應器,華碩 ASUS【0800到府收送】,65,｛華碩 Pro WS 3000W｝雙8/白金/全模組/ATX3.1(4*PCIe 5.1)/10年保(限220V T型插座),29990,,
15,電源供應器,海韻 Seasonic,68,｛海韻 S12III-500W｝銅牌/智慧溫控風扇/5年保,1550,,
15,電源供應器,海韻 Seasonic,69,｛海韻 S12III-550W｝銅牌/智慧溫控風扇/5年保,1690,,
15,電源供應器,海韻 Seasonic,70,｛海韻 S12III-650W｝銅牌/智慧溫控風扇/5年保,1850,,
15,電源供應器,海韻 Seasonic,71,｛海韻 CORE GX-650 ATX3(650W)｝雙8/金牌/全模組/ATX3.1(PCIe 5.1)/10年保,2990,,
15,電源供應器,海韻 Seasonic,72,｛海韻 CORE GX-750 ATX3(750W)｝雙8/金牌/全模組/ATX3.1(PCIe 5.1)/10年保,3290,,
15,電源供應器,海韻 Seasonic,73,｛海韻 CORE GX-850 ATX3(850W)｝雙8/金牌/全模組/ATX3.1(PCIe 5.1)/10年保,3790,,
15,電源供應器,海韻 Seasonic,74,｛海韻 CORE GX-650 ATX3(650W) 白色版｝雙8/金牌/全模組/ATX3.1(PCIe 5.1)/10年,3090,,
15,電源供應器,海韻 Seasonic,75,｛海韻 CORE GX-750 ATX3(750W) 白色版｝雙8/金牌/全模組/ATX3.1(PCIe 5.1)/10年,3390,,
15,電源供應器,海韻 Seasonic,76,｛海韻 CORE GX-850 ATX3(850W) 白色版｝雙8/金牌/全模組/ATX3.1(PCIe 5.1)/10年,3890,,
15,電源供應器,海韻 Seasonic,77,｛海韻 FOCUS GX-550(550W)｝雙8/金牌/全模組/10年保,2590,,
15,電源供應器,海韻 Seasonic,78,｛海韻 FOCUS GX-650(650W)｝雙8/金牌/全模組/10年保,2790,,
15,電源供應器,海韻 Seasonic,79,｛海韻 FOCUS GX-750(750W)｝雙8/金牌/全模組/10年保,2990,,
15,電源供應器,海韻 Seasonic,80,｛海韻 FOCUS GX-850(850W)｝雙8/金牌/全模組/10年保,3490,,
15,電源供應器,海韻 Seasonic,81,｛海韻 FOCUS GX-750 ATX3(750W)｝雙8/金牌/全模組/ATX3.1(PCIe 5.1)/10年保,3790,,
15,電源供應器,海韻 Seasonic,82,｛海韻 FOCUS GX-750 ATX3(750W) 白色版｝雙8/金牌/全模組/ATX3.1(PCIe 5.1)/10年保,4090,,
15,電源供應器,海韻 Seasonic,83,｛海韻 FOCUS GX-850 ATX3(850W)｝雙8/金牌/全模組/ATX3.1(PCIe 5.1)/10年保,4290,,
15,電源供應器,海韻 Seasonic,84,｛海韻 FOCUS GX-850 ATX3(850W) 白色版｝雙8/金牌/全模組/ATX3.1(PCIe 5.1)/10年保,4490,,
15,電源供應器,海韻 Seasonic,85,｛海韻 FOCUS GX-1000 ATX3(1000W)｝雙8/金牌/全模組/ATX3.1(PCIe 5.1)/10年保,5490,,
15,電源供應器,海韻 Seasonic,86,｛海韻 FOCUS GX-1000 ATX3(1000W)｝白色版 雙8/金牌/全模組/ATX3.1(PCIe 5.1)/10年保,5790,,
15,電源供應器,海韻 Seasonic,87,｛海韻 FOCUS PX-850 ATX3.1(850W)｝雙8/白金/全模組/PCIe 5.1/全日系/10年保,4790,,
15,電源供應器,海韻 Seasonic,88,｛海韻 FOCUS PX-1000 ATX3.1(1000W)｝雙8/白金/全模組/PCIe 5.1/全日系/10年保,6090,,
15,電源供應器,海韻 Seasonic,89,｛海韻 VERTEX GX-1200(1200W)｝雙8/金牌/全模組/ATX3.1(PCIe 5.1)/12年保,6490,,
15,電源供應器,海韻 Seasonic,90,｛海韻 VERTEX GX-1200(1200W)｝白色版 雙8/金牌/全模組/ATX3.1(PCIe 5.1)/12年保,6490,,
15,電源供應器,海韻 Seasonic,91,｛海韻 VERTEX PX-1200(1200W)｝雙8/白金/全模組/ATX3.1(PCIe 5.1)/12年保,7590,,
15,電源供應器,海韻 Seasonic,93,｛海韻 PRIME PX-1600 ATX3.0(1600W)｝雙8/白金/全模組/雙PCIe 5.1/12年保,16490,,
15,電源供應器,海韻 Seasonic,94,｛海韻 PRIME PX-2200 ATX3(2200W)｝雙8/白金/全模組/4*PCIe 5.1/12年(限220V H型插座),17490,,
15,電源供應器,海韻 Seasonic,95,｛海韻 PRIME TX-1300 ATX3(1300W)｝雙8/鈦金/全模組/PCIe 5.1/12年保,16490,,
15,電源供應器,全漢 FSP 電源供應器【原價屋售出 2年快換 電供就是穩 !!】,98,｛全漢 金鋼彈 650W｝金牌/全模/全日系/DC-DC/10年保【SFX規格】,3290,,
15,電源供應器,全漢 FSP 電源供應器【原價屋售出 2年快換 電供就是穩 !!】,99,｛全漢 金鋼彈 750W ATX3.1(PCIe 5.1)｝雙8/金牌/全模/主日系/10年保【SFX規格】,3990,,
15,電源供應器,全漢 FSP 電源供應器【原價屋售出 2年快換 電供就是穩 !!】,100,｛全漢 金鋼彈 850W ATX3.1(PCIe 5.1)｝雙8/金牌/全模/主日系/10年保【SFX規格】,4990,,
15,電源供應器,全漢 FSP 電源供應器【原價屋售出 2年快換 電供就是穩 !!】,101,｛全漢 金鋼彈 850W ATX3.0(PCIe 5.0) 白色｝雙8/金牌/全模/主日系/10年保【SFX規格】,4590,,
15,電源供應器,全漢 FSP 電源供應器【原價屋售出 2年快換 電供就是穩 !!】,102,｛全漢 DAGGER PM 1200W(MIT)｝雙8/白金/全模/ATX3.1(PCIe 5.1)/主日系/10年【SFX-L】,7990,,
15,電源供應器,全漢 FSP 電源供應器【原價屋售出 2年快換 電供就是穩 !!】,103,｛全漢 聖武士 650W｝雙8/銅牌/全日系/DC-DC/5年保,1790,,
15,電源供應器,全漢 FSP 電源供應器【原價屋售出 2年快換 電供就是穩 !!】,104,｛全漢 HEXA 85+ PRO GEN5 750W｝雙8/銅牌/主日系/ATX3.0(PCIe 5.0)/5年保,1790,,
15,電源供應器,全漢 FSP 電源供應器【原價屋售出 2年快換 電供就是穩 !!】,105,｛全漢 HYDRO G PRO 1200W ATX3.0(PCIe 5.0)｝雙8/金牌/全模/全日系/防潮塗層/10年保,4990,,
15,電源供應器,全漢 FSP 電源供應器【原價屋售出 2年快換 電供就是穩 !!】,106,｛全漢 VIC BD+ 550W｝雙8/銅牌/ATX3.1/壓紋線/3+2年(憑發票),1590,,
15,電源供應器,全漢 FSP 電源供應器【原價屋售出 2年快換 電供就是穩 !!】,107,｛全漢 VIC BD+ 650W｝雙8/銅牌/ATX3.1/壓紋線/3+2年(憑發票),1790,,
15,電源供應器,全漢 FSP 電源供應器【原價屋售出 2年快換 電供就是穩 !!】,108,｛全漢 VIC GD 650W｝雙8/金牌/直出線/ATX3.1/壓紋線/3+2年(憑發票),1890,,
15,電源供應器,全漢 FSP 電源供應器【原價屋售出 2年快換 電供就是穩 !!】,109,｛全漢 VIC GM 850W｝雙8/金牌/全模/ATX3.1(PCIe 5.1)/5年保,2990,,
15,電源供應器,全漢 FSP 電源供應器【原價屋售出 2年快換 電供就是穩 !!】,110,｛全漢 VITA GD 650W(MIT)｝雙8/金牌/直出線/ATX3.1/主日系/5年保,1990,,
15,電源供應器,全漢 FSP 電源供應器【原價屋售出 2年快換 電供就是穩 !!】,111,｛全漢 VITA GD 750W(MIT)｝雙8/金牌/直出線/ATX3.1(PCIe 5.1)/主日系/5年保,2390,,
15,電源供應器,全漢 FSP 電源供應器【原價屋售出 2年快換 電供就是穩 !!】,112,｛全漢 VITA GD 850W(MIT)｝雙8/金牌/直出線/ATX3.1(PCIe 5.1)/主日系/5年保,2690,,
15,電源供應器,全漢 FSP 電源供應器【原價屋售出 2年快換 電供就是穩 !!】,113,｛全漢 VITA GM 650W(MIT)｝雙8/金牌/全模/ATX3.1/主日系/10年保,2990,,熱賣
15,電源供應器,全漢 FSP 電源供應器【原價屋售出 2年快換 電供就是穩 !!】,114,｛全漢 VITA GM 650W(MIT) 白色版｝雙8/金牌/全模/ATX3.1/主日系/10年保,3090,,
15,電源供應器,全漢 FSP 電源供應器【原價屋售出 2年快換 電供就是穩 !!】,115,｛全漢 VITA GM 750W(MIT)｝雙8/金牌/全模/ATX3.1(PCIe 5.1)/主日系/10年保,3390,,
15,電源供應器,全漢 FSP 電源供應器【原價屋售出 2年快換 電供就是穩 !!】,116,｛全漢 VITA GM 750W(MIT) 白色版｝雙8/金牌/全模/ATX3.1(PCIe 5.1)/主日系/10年保,3490,,
15,電源供應器,全漢 FSP 電源供應器【原價屋售出 2年快換 電供就是穩 !!】,117,｛全漢 VITA GM 850W(MIT) 白色版｝雙8/金牌/全模/ATX3.1(PCIe 5.1)/主日系/10年保,3990,,
15,電源供應器,全漢 FSP 電源供應器【原價屋售出 2年快換 電供就是穩 !!】,118,｛全漢 VITA GM 1000W(MIT) 白色版｝雙8/金牌/全模/ATX3.1(PCIe 5.1)/主日系/10年保,4890,,
15,電源供應器,全漢 FSP 電源供應器【原價屋售出 2年快換 電供就是穩 !!】,119,｛全漢 VITA PM 750W(MIT)｝雙8/白金/全模/ATX3.1(PCIe 5.1)/主日系/10年保,3890,,
15,電源供應器,全漢 FSP 電源供應器【原價屋售出 2年快換 電供就是穩 !!】,120,｛全漢 VITA PM 850W(MIT)｝雙8/白金/全模/ATX3.1(PCIe 5.1)/主日系/10年保,4390,,
15,電源供應器,全漢 FSP 電源供應器【原價屋售出 2年快換 電供就是穩 !!】,121,｛全漢 VITA PM 1000W(MIT)｝雙8/白金/全模/ATX3.1(PCIe 5.1)/主日系/10年保,5290,,熱賣
15,電源供應器,全漢 FSP 電源供應器【原價屋售出 2年快換 電供就是穩 !!】,123,｛全漢 VITA PM 1000W(MIT) 白色版｝雙8/白金/全模/ATX3.1(PCIe 5.1)/主日系/10年保,5290,,
15,電源供應器,全漢 FSP 電源供應器【原價屋售出 2年快換 電供就是穩 !!】,124,｛全漢 MEGA GM 850W(MIT)｝雙8/金牌/全模/ATX3.1(PCIe 5.1)/全日系/防潮塗層/10年保,5290,,
15,電源供應器,全漢 FSP 電源供應器【原價屋售出 2年快換 電供就是穩 !!】,125,｛全漢 MEGA GM 1000W(MIT)｝雙8/金牌/全模/ATX3.1(PCIe 5.1)/全日系/防潮塗層/10年保,6290,,
15,電源供應器,全漢 FSP 電源供應器【原價屋售出 2年快換 電供就是穩 !!】,126,｛全漢 MEGA GM 1200W(MIT)｝雙8/金牌/全模/ATX3.1(PCIe 5.1)/全日系/防潮塗層/10年保,7290,,
15,電源供應器,全漢 FSP 電源供應器【原價屋售出 2年快換 電供就是穩 !!】,127,｛全漢 MEGA TI 1350W(MIT)｝雙8/鈦金/全模/ATX3.1(雙PCIe 5.1)/全日系/防潮塗層/10年保,17500,,
15,電源供應器,全漢 FSP 電源供應器【原價屋售出 2年快換 電供就是穩 !!】,128,｛全漢 MEGA TI 1650W(MIT)｝雙8/鈦金/全模/ATX3.1(雙PCIe 5.1)/全日系/防潮塗層/10年保,19500,,
15,電源供應器,全漢 FSP 電源供應器【原價屋售出 2年快換 電供就是穩 !!】,129,｛全漢 CANNON PRO 2500W(MIT)｝白金/ATX3.1(4組PCIe 5.1)/3年(限220V T型插座)【無快換】,26900,,
15,電源供應器,台達 DELTA 最穩定的電源【保固憑原價屋發票/保貼】,132,｛台達 550W 銅牌｝雙8/DC-DC/5年保固/3年換新/GPS-550GB A,1990,,
15,電源供應器,台達 DELTA 最穩定的電源【保固憑原價屋發票/保貼】,133,｛台達 650W 銅牌｝雙8/DC-DC/5年保固/3年換新/GPS-650FB A,2190,,
15,電源供應器,台達 DELTA 最穩定的電源【保固憑原價屋發票/保貼】,134,｛台達 650W 金牌｝雙8/全模組/DC-DC/10年保固/3年換新/GPS-650MB A,2890,,
15,電源供應器,台達 DELTA 最穩定的電源【保固憑原價屋發票/保貼】,135,｛台達 超實在 850W 金牌｝雙8/全模組/ATX3.1(PCIe 5.1)/10年保,3890,,
15,電源供應器,台達 DELTA 最穩定的電源【保固憑原價屋發票/保貼】,136,｛台達 超實在 1100W 白金｝雙8/全模組/ATX3.0(PCIe 5.0)/10年保 原價$6990！,5390,,熱賣
15,電源供應器,Apexgaming 美商艾湃電競【首利100%品牌，原價屋售出 3年快換】,138,｛Apexgaming KR-750M(750W)｝雙8/白金/全模/ATX3.0(PCIe 5.0)/全日系/10年【SFX】,3590,,
15,電源供應器,Apexgaming 美商艾湃電競【首利100%品牌，原價屋售出 3年快換】,139,｛Apexgaming KR-850MW(850W) 白色｝雙8/白金/全模/ATX3.0(PCIe 5.0)/10年【SFX】,4490,,
15,電源供應器,Apexgaming 美商艾湃電競【首利100%品牌，原價屋售出 3年快換】,140,｛Apexgaming(首利) A-550(550W)｝銀牌/直出線/主日系/5年保,1390,,
15,電源供應器,Apexgaming 美商艾湃電競【首利100%品牌，原價屋售出 3年快換】,141,｛Apexgaming(首利) A-650(650W)｝雙8/銀牌/直出線/主日系/5年保,1590,,
15,電源供應器,Apexgaming 美商艾湃電競【首利100%品牌，原價屋售出 3年快換】,142,｛Apexgaming(首利) A-750(750W)｝雙8/銀牌/直出線/PCIe 5.1/主日系/5年保,1790,,
15,電源供應器,Apexgaming 美商艾湃電競【首利100%品牌，原價屋售出 3年快換】,143,｛Apexgaming(首利) A-850(850W)｝雙8/銀牌/直出線/ATX3.1(PCIe 5.1)/全日系/5年保,2090,,
15,電源供應器,Apexgaming 美商艾湃電競【首利100%品牌，原價屋售出 3年快換】,144,｛Apexgaming(首利) AJ-650M(650W)｝雙8/金牌/全模/全日系/智慧停轉/10年保,2090,,
15,電源供應器,Apexgaming 美商艾湃電競【首利100%品牌，原價屋售出 3年快換】,145,｛Apexgaming(首利) STR650MW(650W) 白色｝雙8/金牌/全模/全日系/10年保,2290,,
15,電源供應器,Apexgaming 美商艾湃電競【首利100%品牌，原價屋售出 3年快換】,146,｛Apexgaming GTR-750M(750W)｝雙8/金牌/全模/ATX3.0(PCIe 5.0)/全日系/10年,2690,,
15,電源供應器,Apexgaming 美商艾湃電競【首利100%品牌，原價屋售出 3年快換】,147,｛Apexgaming GTR-750MW(750W) 白色｝雙8/金牌/全模/ATX3.0(PCIe 5.0)/10年,2490,,熱賣
15,電源供應器,Apexgaming 美商艾湃電競【首利100%品牌，原價屋售出 3年快換】,148,｛Apexgaming GTR-850M(850W)｝雙8/金牌/全模/ATX3.0(PCIe 5.0)/全日系/10年,2890,,
15,電源供應器,Apexgaming 美商艾湃電競【首利100%品牌，原價屋售出 3年快換】,149,｛Apexgaming GTR-850MW(850W) 白色｝雙8/金牌/全模/ATX3.0(PCIe 5.0)/10年,2790,,
15,電源供應器,Apexgaming 美商艾湃電競【首利100%品牌，原價屋售出 3年快換】,150,｛Apexgaming GTR Plus-1000M(1000W)｝雙8/白金/全模/ATX3.1(PCIe 5.1)/10年 原價$5590,3390,,熱賣
15,電源供應器,Apexgaming 美商艾湃電競【首利100%品牌，原價屋售出 3年快換】,151,｛Apexgaming GTR Plus-1000MW(1000W) 白色｝白金/全模/ATX3.1(PCIe 5.1)10年 原價$5790,3590,,熱賣
15,電源供應器,Apexgaming 美商艾湃電競【首利100%品牌，原價屋售出 3年快換】,152,｛Apexgaming(首利) ODIN 1200W｝雙8/白金/全模組/ATX3.0(PCIe 5.0)/全日系/10年保,4390,,
15,電源供應器,Apexgaming 美商艾湃電競【首利100%品牌，原價屋售出 3年快換】,153,｛Apexgaming(首利) ODIN 1650W｝雙8/白金/全模組/ATX3.0(雙PCIe 5.0)/全日系/10年保,14990,,
15,電源供應器,美洲獅 COUGAR 電源【偉訓30年品質保證】,156,｛COUGAR VTE 400W 銅牌｝主日系/DC-DC/5年保,1290,,
15,電源供應器,美洲獅 COUGAR 電源【偉訓30年品質保證】,157,｛COUGAR ATLAS 550W 銅牌｝主日系/DC-DC/5年保,1590,,
15,電源供應器,美洲獅 COUGAR 電源【偉訓30年品質保證】,158,｛COUGAR ATLAS 650W｝雙8/銅牌/主日系/DC-DC/5年保,1790,,
15,電源供應器,美洲獅 COUGAR 電源【偉訓30年品質保證】,159,｛COUGAR ATLAS 750W｝雙8/銅牌/ATX3.1(PCIe 5.1)/主日系/5年保 原價$2090！,1790,,熱賣
15,電源供應器,美洲獅 COUGAR 電源【偉訓30年品質保證】,160,｛COUGAR GR 750W｝雙8/金牌/全模組/ATX3.1(PCIe 5.1)/主日系/5年保 原價$2990！,2590,,熱賣
15,電源供應器,美洲獅 COUGAR 電源【偉訓30年品質保證】,161,｛COUGAR GR 850W｝雙8/金牌/全模組/ATX3.1(PCIe 5.1)/主日系/5年保 原價$3290！,2890,,熱賣
15,電源供應器,美洲獅 COUGAR 電源【偉訓30年品質保證】,162,｛COUGAR GR 1000W｝雙8/金牌/全模組/ATX3.1(PCIe 5.1)/全日系/壓紋線/10年保,3890,,
15,電源供應器,美洲獅 COUGAR 電源【偉訓30年品質保證】,163,｛COUGAR GEX PRO 850W｝雙8/金牌/全模組/ATX3.1(PCIe 5.1)/10年保,3590,,
15,電源供應器,美洲獅 COUGAR 電源【偉訓30年品質保證】,164,｛COUGAR POLAR X2 1050W｝雙8/白金/全模組/ATX3.1(PCIe 5.0)/全日系/10年▼下殺到 9/30 20:00,4990,5990,價格異動 下殺
15,電源供應器,美洲獅 COUGAR 電源【偉訓30年品質保證】,165,｛COUGAR POLAR X2 1200W｝雙8/白金/全模組/ATX3.1(PCIe 5.0)/全日系/10年▼下殺到 9/30 20:00,5990,6990,價格異動 下殺
15,電源供應器,振華 Super Flower,168,｛振華 BRONZE KING II 400W｝銅牌/5年保,1250,,
15,電源供應器,振華 Super Flower,169,｛振華 BRONZE KING II 500W｝雙8/銅牌/5年保,1490,,
15,電源供應器,振華 Super Flower,170,｛振華 BRONZE KING II PLUS 650W｝雙8/銅牌/5年保,1790,,
15,電源供應器,振華 Super Flower,171,｛振華 COMBAT DG 750W｝雙8/金牌/直出線/ATX3.1(PCIe 5.1)/主日系/7年保,2290,,
15,電源供應器,振華 Super Flower,172,｛振華 COMBAT DG 1000W｝雙8/金牌/直出線/ATX3.1(PCIe 5.1)/主日系/7年 原價$3290！,2790,,熱賣
15,電源供應器,振華 Super Flower,173,｛振華 COMBAT SG PLUS 550W｝雙8/金牌/半模/ATX3.1/全日系/10年保,2190,,
15,電源供應器,振華 Super Flower,174,｛振華 COMBAT SG PLUS 850W｝雙8/金牌/半模/ATX3.1(PCIe 5.1)/全日系/10年保,2890,,
15,電源供應器,振華 Super Flower,175,｛振華 COMBAT FG 650W 黑色｝雙8/金牌/全模/ATX3.1(PCIe 5.0)/全日系/10年保,2690,,
15,電源供應器,振華 Super Flower,176,｛振華 COMBAT FG 650W 白色｝雙8/金牌/全模/ATX3.1(PCIe 5.0)/全日系/10年保,2790,,
15,電源供應器,振華 Super Flower,177,｛振華 COMBAT FG 850W 白色｝雙8/金牌/全模/ATX3.1(PCIe 5.0)/全日系/10年保,3090,,
15,電源供應器,振華 Super Flower,178,｛振華 LEADEX III 850W 金牌｝雙8/全模/ATX3.1(PCIe 5.1)/主日系/智慧停轉/10年保,3090,,
15,電源供應器,振華 Super Flower,179,｛振華 LEADEX III 1000W 金牌｝雙8/全模/ATX3.1(PCIe 5.1)/主日系/智慧停轉/10年保,4190,,
15,電源供應器,振華 Super Flower,180,｛振華 LEADEX III 750W(黑色) 白金｝雙8/全模/ATX3.1(PCIe 5.1)/主日系/智慧停轉/10年保,3390,,
15,電源供應器,振華 Super Flower,181,｛振華 LEADEX III 750W(白色) 白金｝雙8/全模/ATX3.1(PCIe 5.1)/主日系/智慧停轉/10年保,3490,,
15,電源供應器,振華 Super Flower,182,｛振華 LEADEX III 850W(黑色) 白金｝雙8/全模/ATX3.1(PCIe 5.1)/主日系/智慧停轉/10年保,3790,,
15,電源供應器,振華 Super Flower,183,｛振華 LEADEX III 1000W 白金｝雙8/全模/ATX3.1(PCIe 5.1)/全日系/智慧停轉/10年保,4590,,
15,電源供應器,振華 Super Flower,184,｛振華 LEADEX III 1300W 白金｝雙8/全模/ATX3.1(PCIe 5.1)/全日系/智慧停轉/10年保,5490,,
15,電源供應器,振華 Super Flower,185,｛振華 LEADEX VII PRO 850W 黑色｝雙8/白金/全模/ATX3.1(PCIe 5.1)/全日系/10年保,4390,,
15,電源供應器,振華 Super Flower,186,｛振華 LEADEX VII PRO 850W 白色｝ 雙8/白金/全模/ATX3.1(PCIe 5.1)/全日系/10年保,4590,,
15,電源供應器,振華 Super Flower,187,｛振華 LEADEX VII PRO 1000W 白色｝雙8/白金/全模/ATX3.1(PCIe 5.1)/全日系/10年保,5190,,
15,電源供應器,振華 Super Flower,188,｛振華 LEADEX VII PRO 1200W 黑色｝雙8/白金/全模/ATX3.1(PCIe 5.1)/全日系/10年保,6990,,
15,電源供應器,振華 Super Flower,189,｛振華 LEADEX VII PRO 1200W 白色｝雙8/白金/全模/ATX3.1(PCIe 5.1)/全日系/10年保,7190,,
15,電源供應器,振華 Super Flower,190,｛振華 LEADEX Titanium 2800W｝鈦金/ATX3.1(4組PCIe 5.1)/全日系/10年(限220V T型插座),22900,,
15,電源供應器,君主 Montech 【原廠兩年換新】,192,｛Montech BETA 2 550W｝雙8/銅牌/ATX3.1/主日系/直出壓紋線/5年保,1490,,
15,電源供應器,君主 Montech 【原廠兩年換新】,193,｛Montech BETA 2 650W｝雙8/銅牌/ATX3.1/主日系/直出壓紋線/5年保,1690,,
15,電源供應器,君主 Montech 【原廠兩年換新】,194,｛Montech BETA 2 750W｝雙8/銅牌/ATX3.1/主日系/直出壓紋線/5年保,1890,,
15,電源供應器,君主 Montech 【原廠兩年換新】,195,｛Montech BETA 2 850W｝雙8/銅牌/ATX3.1(PCIe 5.1)/主日系/直出壓紋線/5年保,2090,,
15,電源供應器,君主 Montech 【原廠兩年換新】,196,｛Montech GAMMA 3 650W｝雙8/金牌/ATX3.1(PCIe 5.1)/主日系/壓紋線/5年保,1890,,
15,電源供應器,君主 Montech 【原廠兩年換新】,197,｛Montech GAMMA 3 750W｝雙8/金牌/ATX3.1(PCIe 5.1)/主日系/壓紋線/5年保,2190,,
15,電源供應器,君主 Montech 【原廠兩年換新】,198,｛Montech GAMMA 3 850W｝雙8/金牌/ATX3.1(PCIe 5.1)/主日系/壓紋線/5年保,2490,,
15,電源供應器,君主 Montech 【原廠兩年換新】,199,｛Montech CENTURY II 650W｝雙8/金牌/全模/ATX3.1(PCIe 5.1)/主日系/智慧停轉/10年,2490,,
15,電源供應器,君主 Montech 【原廠兩年換新】,200,｛Montech CENTURY II 850W｝雙8/金牌/全模/ATX3.1(PCIe 5.1)/全日系/智慧停轉/10年,2990,,
15,電源供應器,君主 Montech 【原廠兩年換新】,201,｛Montech CENTURY II 1050W｝雙8/金牌/全模/ATX3.1(PCIe 5.1)/全日系/智慧停轉/10年,3990,,
15,電源供應器,君主 Montech 【原廠兩年換新】,202,｛Montech CENTURY II 1200W｝雙8/金牌/全模/ATX3.1(PCIe 5.1)/全日系/智慧停轉/10年,4790,,
15,電源供應器,君主 Montech 【原廠兩年換新】,203,｛Montech TITAN GOLD 750W｝雙8/金牌/全模/ATX3.0(PCIe 5.0)/全日系/智慧停轉/10年,3290,,
15,電源供應器,君主 Montech 【原廠兩年換新】,204,｛Montech TITAN GOLD 1200W｝雙8/金牌/全模/ATX3.0(PCIe 5.0)/全日系/智慧停轉/10年,4790,,
15,電源供應器,君主 Montech 【原廠兩年換新】,205,｛Montech TITAN PLA 750W 白色｝雙8/白金/全模/ATX3.1(PCIe 5.1) /智慧停轉/10年,3690,,熱賣
15,電源供應器,君主 Montech 【原廠兩年換新】,206,｛Montech TITAN PLA 850W 白色｝雙8/白金/全模/ATX3.1(PCIe 5.1)/智慧停轉/10年,4290,,
15,電源供應器,君主 Montech 【原廠兩年換新】,207,｛Montech TITAN PLA 1000W 白色｝雙8/白金/全模/ATX3.1(PCIe 5.1)/智慧停轉/10年,6290,,
15,電源供應器,君主 Montech 【原廠兩年換新】,208,｛Montech TITAN PLA 1200W 白色｝雙8/白金/全模/ATX3.1(PCIe 5.1)/智慧停轉/10年,7490,,
15,電源供應器,銀欣 SilverStone【原價屋售出 2年快換】,211,｛銀欣 ST30SF 300W｝銅牌/直出線/5年保 (ST30SF.V2.0)【SFX規格】,1790,,
15,電源供應器,銀欣 SilverStone【原價屋售出 2年快換】,212,｛銀欣 ST45SF 450W｝銅牌/直出線/5年保 (ST45SF.V3.0)【SFX規格】,2190,,
15,電源供應器,銀欣 SilverStone【原價屋售出 2年快換】,213,｛銀欣 Extreme 550Rz(550W) Gold｝雙8/金牌/全模組/主日系/ATX3.1/5年保【SFX規格】,2490,,
15,電源供應器,銀欣 SilverStone【原價屋售出 2年快換】,214,｛銀欣 Extreme 650Rz(650W) Gold｝雙8/金牌/全模組/主日系/ATX3.1/5年保【SFX規格】,2790,,
15,電源供應器,銀欣 SilverStone【原價屋售出 2年快換】,215,｛銀欣 ET450-B(450W)｝銅牌/直出線/5年保,1350,,
15,電源供應器,銀欣 SilverStone【原價屋售出 2年快換】,216,｛銀欣 ET650-B(650W)｝雙8/銅牌/直出線/扁平線/5年保,1690,,
15,電源供應器,銀欣 SilverStone【原價屋售出 2年快換】,217,｛銀欣 ATTIS 650R(650W) 白｝雙8/銅牌/直出線/扁平線/主日系/ATX3.1/5年保,1990,,
15,電源供應器,銀欣 SilverStone【原價屋售出 2年快換】,218,｛銀欣 ATTIS 750R(750W) 黑｝雙8/銅牌/直出線/扁平線/主日系/ATX3.1/5年保,2090,,
15,電源供應器,銀欣 SilverStone【原價屋售出 2年快換】,219,｛銀欣 Triton 650Rx(650W)｝雙8/金牌/直出線/主日系/ATX3.1(PCIe 5.1)/5年,2090,,
15,電源供應器,銀欣 SilverStone【原價屋售出 2年快換】,220,｛銀欣 Triton 750Rx(750W)｝雙8/金牌/直出線/主日系/ATX3.1(PCIe 5.1)/5年,2290,,
15,電源供應器,銀欣 SilverStone【原價屋售出 2年快換】,221,｛銀欣 Triton 850Rx(850W)｝雙8/金牌/直出線/主日系/ATX3.1(PCIe 5.1)/5年,2490,,
15,電源供應器,銀欣 SilverStone【原價屋售出 2年快換】,222,｛銀欣 DA750R Gold(750W) 黑色｝雙8/金牌/全模組/主日系/ATX3.0(PCIe 5.0)/5年,2590,,
15,電源供應器,銀欣 SilverStone【原價屋售出 2年快換】,223,｛銀欣 DA750R Gold(750W) 白色｝雙8/金牌/全模組/主日系/ATX3.0(PCIe 5.0)/5年,2690,,
15,電源供應器,銀欣 SilverStone【原價屋售出 2年快換】,224,｛銀欣 DA850R Gold(850W) 黑色｝雙8/金牌/全模組/主日系/ATX3.0(PCIe 5.0)/5年,2890,,
15,電源供應器,銀欣 SilverStone【原價屋售出 2年快換】,225,｛銀欣 DA850R Gold(850W) 白色｝雙8/金牌/全模組/主日系/ATX3.0(PCIe 5.0)/5年,2990,,
15,電源供應器,銀欣 SilverStone【原價屋售出 2年快換】,226,｛銀欣 HELA 850R Platinum(850W)｝雙8/白金/全模組/全日系/ATX3.0(PCIe 5.0)/5年保,3590,,
15,電源供應器,酷碼 Cooler Master,229,｛酷碼 V SFX GOLD 850W ATX3.1 黑色｝雙8/金牌/全模組(PCIe 5.1)/10年【SFX規格】,4690,,
15,電源供應器,酷碼 Cooler Master,230,｛酷碼V SFX GOLD 850W ATX3.1 白色｝雙8/金牌/全模組(PCIe 5.1)/10年【SFX規格】,4690,,
15,電源供應器,酷碼 Cooler Master,231,｛酷碼 MWE BRONZE V2 450W｝銅牌/DC-DC+LLC/5年保/2020年版,1490,,
15,電源供應器,酷碼 Cooler Master,232,｛酷碼 MWE GOLD V3 550W 黑色｝雙8/金牌/直出線/ATX3.1/5年,1690,,
15,電源供應器,酷碼 Cooler Master,233,｛酷碼 MWE GOLD V3 550W 白色｝雙8/金牌/直出線/ATX3.1/5年,1690,,
15,電源供應器,酷碼 Cooler Master,234,｛酷碼 MWE GOLD V3 650W 黑色｝雙8/金牌/直出線/ATX3.1/5年,1990,,
15,電源供應器,酷碼 Cooler Master,235,｛酷碼 MWE GOLD V3 650W 白色｝雙8/金牌/直出線/ATX3.1/5年,1990,,
15,電源供應器,酷碼 Cooler Master,236,｛酷碼 MWE GOLD V3 750W 黑色｝雙8/金牌/直出線/ATX3.1(PCIe 5.1)/5年,2290,,
15,電源供應器,酷碼 Cooler Master,237,｛酷碼 MWE GOLD V3 750W 白色｝雙8/金牌/直出線/ATX3.1(PCIe 5.1)/5年,2290,,
15,電源供應器,酷碼 Cooler Master,238,｛酷碼 MWE GOLD V3 850W 黑色｝雙8/金牌/直出線/ATX3.1(PCIe 5.1)/5年,2490,,
15,電源供應器,酷碼 Cooler Master,239,｛酷碼 MWE GOLD V3 850W 白色｝雙8/金牌/直出線/ATX3.1(PCIe 5.1)/5年,2490,,
15,電源供應器,酷碼 Cooler Master,240,｛酷碼 GX II GOLD 750W｝雙8/金牌/全模組/ATX3.1(PCIe 5.1垂直線)/主日系/10年,2790,,
15,電源供應器,酷碼 Cooler Master,241,｛酷碼 MWE GOLD V4 850W 黑色｝雙8/金牌/全模組/ATX3.1(PCIe 5.1)LED警示燈/10年,3390,,
15,電源供應器,酷碼 Cooler Master,242,｛酷碼 MWE GOLD V4 850W 白色｝雙8/金牌/全模組/ATX3.1(PCIe 5.1)LED警示燈/10年,3390,,
15,電源供應器,酷碼 Cooler Master,243,｛酷碼 MWE GOLD V4 1000W 白色｝雙8/金牌/全模組/ATX3.1(PCIe 5.1)LED警示燈/10年,4690,,
15,電源供應器,酷碼 Cooler Master,244,｛酷碼 ELITE PLATINUM 850W 黑色｝雙8/白金牌/全模組/ATX3.1(PCIe 5.1)全日系/12年,3890,,
15,電源供應器,酷碼 Cooler Master,245,｛酷碼 ELITE PLATINUM 850W 白色｝雙8/白金牌/全模組/ATX3.1(PCIe 5.1)全日系/12年,3890,,
15,電源供應器,酷碼 Cooler Master,246,｛酷碼 ELITE PLATINUM 1000W 黑色｝雙8/白金牌/全模組/ATX3.1(PCIe 5.1)全日系/12年,4990,,
15,電源供應器,酷碼 Cooler Master,247,｛酷碼 ELITE PLATINUM 1000W 白色｝雙8/白金牌/全模組/ATX3.1(PCIe 5.1)全日系/12年,4990,,
15,電源供應器,酷碼 Cooler Master,248,｛酷碼 V Platinum V2 1100W｝雙8/白金/全模組/ATX3.1(PCIe 5.1垂直線)/12年,6250,,
15,電源供應器,酷碼 Cooler Master,249,｛酷碼 V Platinum V2 1300W｝雙8/白金/全模組/ATX3.1(PCIe 5.1垂直線)/12年,7250,,
15,電源供應器,酷碼 Cooler Master,250,｛酷碼 V Platinum V2 1600W｝雙8/白金/全模組/ATX3.1(PCIe 5.1垂直線)/12年,10750,,
15,電源供應器,酷碼 Cooler Master,251,｛酷碼 X Silent Max Platinum 1300W｝雙8/白金/全模組/數位電源/ATX3.1(PCIe 5.0)/15年,11990,,
15,電源供應器,威剛 XPG【保內原廠展服快換】,253,｛XPG CORE PYLON II 550W｝雙8/銅牌/ATX3.1(PCIe 5.1)/5年保,1590,,
15,電源供應器,威剛 XPG【保內原廠展服快換】,254,｛XPG CORE PYLON II 650W｝雙8/銅牌/ATX3.1(PCIe 5.1)/5年保,1790,,
15,電源供應器,威剛 XPG【保內原廠展服快換】,255,｛XPG CORE PYLON II 750W｝雙8/銅牌/ATX3.1(PCIe 5.1)/5年保,1990,,
15,電源供應器,威剛 XPG【保內原廠展服快換】,256,｛XPG KYBER II 750W｝雙8/金牌/半模/ATX3.1(PCIe 5.1)/主日系/5年保,2290,,
15,電源供應器,威剛 XPG【保內原廠展服快換】,257,｛XPG KYBER II 850W｝雙8/金牌/半模/ATX3.1(PCIe 5.1)/主日系/5年保,2590,,
15,電源供應器,威剛 XPG【保內原廠展服快換】,258,｛XPG CORE REACTOR II VE 750W｝雙8/金牌/全模/ATX3.1(PCIe 5.1)/7年保 原價$3190,2790,,熱賣
15,電源供應器,威剛 XPG【保內原廠展服快換】,260,｛XPG CORE REACTOR II VE 850W｝雙8/金牌/全模/ATX3.1(PCIe 5.1)/7年保 原價$3490,3190,,熱賣
15,電源供應器,威剛 XPG【保內原廠展服快換】,261,｛XPG CORE REACTOR II 750W｝雙8/金牌/全模組/ATX3.0(PCIe 5.0)/全日系/10年保,3290,,酷幣500
15,電源供應器,威剛 XPG【保內原廠展服快換】,262,｛XPG CORE REACTOR II 850W｝雙8/金牌/全模組/ATX3.0(PCIe 5.0)/全日系/10年保,3690,,
15,電源供應器,威剛 XPG【保內原廠展服快換】,263,｛XPG CORE REACTOR II 850W 白色｝雙8/金牌/全模/ATX3.0(PCIe 5.0)/全日系/10年保,3990,,
15,電源供應器,威剛 XPG【保內原廠展服快換】,264,｛XPG CORE REACTOR II 1000W｝雙8/金牌/全模組/ATX3.0(PCIe 5.0)/全日系/10年保,4590,,
15,電源供應器,威剛 XPG【保內原廠展服快換】,265,｛XPG CORE REACTOR II 1200W｝雙8/金牌/全模組/ATX3.0(PCIe 5.0)/全日系/10年保,5590,,
15,電源供應器,威剛 XPG【保內原廠展服快換】,266,｛XPG CYBERCORE II 1300W｝雙8/白金/全模組/ATX3.0(PCIe 5.0)/10年保 原價$7490,4990,,熱賣
15,電源供應器,威剛 XPG【保內原廠展服快換】,267,｛XPG FUSION 1600W｝雙8/鈦金/全模組/ATX3.0(雙PCIe 5.0)/全日系/12年,19900,,
15,電源供應器,保銳 ENERMAX【原價屋售出 2年快換】,270,｛保銳 EB450-C 450W｝銅牌/直出壓紋線/全日系/5年,1090,,
15,電源供應器,保銳 ENERMAX【原價屋售出 2年快換】,271,｛保銳 EB550-C 550W｝銅牌/直出壓紋線/ATX3.1/全日系/5年,1490,,
15,電源供應器,保銳 ENERMAX【原價屋售出 2年快換】,272,｛保銳 EB650-C 650W｝雙8/銅牌/直出壓紋線/ATX3.1/全日系/5年,1690,,
15,電源供應器,保銳 ENERMAX【原價屋售出 2年快換】,273,｛保銳 Cyberbron II 700W｝雙8/銅牌/直出扁線/主日系/5年,1690,,
15,電源供應器,保銳 ENERMAX【原價屋售出 2年快換】,274,｛保銳 CyberG II 650W｝雙8/金牌/直出扁線/ATX3.1/全日系/7年,1790,,
15,電源供應器,保銳 ENERMAX【原價屋售出 2年快換】,275,｛保銳 CyberG II 750W｝雙8/金牌/直出扁線/ATX3.1(PCIe 5.1)/全日系/7年,2090,,
15,電源供應器,保銳 ENERMAX【原價屋售出 2年快換】,276,｛保銳 CyberG II 850W｝雙8/金牌/直出扁線/ATX3.1(PCIe 5.1)/全日系/7年,2390,,
15,電源供應器,保銳 ENERMAX【原價屋售出 2年快換】,277,｛保銳 Revolution III 650W 黑色｝雙8/金牌/全模組/ATX3.1(PCIe 5.1)/全日系/10年,2490,,
15,電源供應器,保銳 ENERMAX【原價屋售出 2年快換】,278,｛保銳 Revolution III 650W 白色｝雙8/金牌/全模組/ATX3.1(PCIe 5.1)/全日系/10年,2490,,
15,電源供應器,保銳 ENERMAX【原價屋售出 2年快換】,279,｛保銳 Revolution III 750W 黑色｝雙8/金牌/全模組/ATX3.1(PCIe 5.1)/全日系/10年,2790,,
15,電源供應器,保銳 ENERMAX【原價屋售出 2年快換】,280,｛保銳 Revolution III 750W 白色｝雙8/金牌/全模組/ATX3.1(PCIe 5.1)/全日系/10年,2790,,
15,電源供應器,保銳 ENERMAX【原價屋售出 2年快換】,281,｛保銳 Revolution III 850W 黑色｝雙8/金牌/全模組/ATX3.1(PCIe 5.1)/全日系/10年,3090,,
15,電源供應器,保銳 ENERMAX【原價屋售出 2年快換】,282,｛保銳 Revolution III 850W 白色｝雙8/金牌/全模組/ATX3.1(PCIe 5.1)/全日系/10年,3090,,
15,電源供應器,保銳 ENERMAX【原價屋售出 2年快換】,283,｛保銳 Revolution III 1000W｝雙8/金牌/全模組/ATX3.1(PCIe 5.1)/全日系/10年,4290,,
15,電源供應器,保銳 ENERMAX【原價屋售出 2年快換】,284,｛保銳 Revolution III S 1000W 黑色｝雙8/白金/全模/ATX3.1(PCIe 5.1)/全日系/13年保,4990,,
15,電源供應器,保銳 ENERMAX【原價屋售出 2年快換】,285,｛保銳 Revolution III S 1000W 白色｝雙8/白金/全模/ATX3.1(PCIe 5.1)/全日系/13年保,4990,,
15,電源供應器,保銳 ENERMAX【原價屋售出 2年快換】,286,｛保銳 PlatimaxII 1200DF(1200W) 黑色｝雙8/白金/全模/ATX3.1(PCIe 5.1)/全日系/13年保,5990,,
15,電源供應器,保銳 ENERMAX【原價屋售出 2年快換】,287,｛保銳 PlatimaxII 1200DF(1200W) 白色｝雙8/白金/全模/ATX3.1(PCIe 5.1)/全日系/13年保,5990,,
15,電源供應器,保銳 ENERMAX【原價屋售出 2年快換】,288,｛保銳 PlatiGemini 1200W｝雙8/白金/符合ATX12VO/全模/ATX3.1(PCIe 5.1)/全日系/10年,5990,,
15,電源供應器,安鈦克 Antec 電源供應器 美國選購率第一【原價屋售出 2年快換!!】,291,｛Antec CSK550DC(550W)｝雙8/銅牌/直出線/靜音風扇/DC-DC/5年保,1590,,
15,電源供應器,安鈦克 Antec 電源供應器 美國選購率第一【原價屋售出 2年快換!!】,292,｛Antec CSK650DC(650W)｝雙8/銅牌/直出線/靜音風扇/DC-DC/5年保,1790,,
15,電源供應器,安鈦克 Antec 電源供應器 美國選購率第一【原價屋售出 2年快換!!】,293,｛Antec CSK750DC(750W) 白色｝雙8/銅牌/直出線/PCIe 5.1/DC-DC/5年保,2190,,
15,電源供應器,安鈦克 Antec 電源供應器 美國選購率第一【原價屋售出 2年快換!!】,294,｛Antec CSK750H(750W)｝雙8/銅牌/半模組/靜音風扇/5年保,1890,,熱賣
15,電源供應器,安鈦克 Antec 電源供應器 美國選購率第一【原價屋售出 2年快換!!】,295,｛Antec GSK 750W V2｝雙8/金牌/全模/ATX3.1(PCIe 5.1)/溫控風扇/壓紋線/10年保,2790,,
15,電源供應器,安鈦克 Antec 電源供應器 美國選購率第一【原價屋售出 2年快換!!】,296,｛Antec GSK 850W V2｝雙8/金牌/全模/ATX3.1(PCIe 5.1)/溫控風扇/壓紋線/10年保,3090,,
15,電源供應器,安鈦克 Antec 電源供應器 美國選購率第一【原價屋售出 2年快換!!】,297,｛Antec GSK 1000W｝雙8/金牌/全模/ATX3.1(PCIe 5.1)/溫控風扇/壓紋線/10年保,3790,,
15,電源供應器,安鈦克 Antec 電源供應器 美國選購率第一【原價屋售出 2年快換!!】,298,｛Antec NE750GM(750W)｝雙8/金牌/全模/全日系/智慧溫控風扇/10年保,2790,,
15,電源供應器,安鈦克 Antec 電源供應器 美國選購率第一【原價屋售出 2年快換!!】,299,｛Antec NE850GM(850W)｝雙8/金牌/全模/全日系/智慧溫控風扇/10年保,2990,,
15,電源供應器,安鈦克 Antec 電源供應器 美國選購率第一【原價屋售出 2年快換!!】,300,｛Antec NE850GM(850W) 白色｝雙8/黑色線材/金牌/全模/全日系/智慧溫控風扇/10年保,2990,,
15,電源供應器,安鈦克 Antec 電源供應器 美國選購率第一【原價屋售出 2年快換!!】,301,｛Antec NE1000G M ATX3.0(1000W) 白色｝雙8/金牌/全模/PCIe 5.0/全日系/10年保,4090,,
15,電源供應器,安鈦克 Antec 電源供應器 美國選購率第一【原價屋售出 2年快換!!】,302,｛Antec NE1300G M ATX3.0(1300W)｝雙8/金牌/全模/PCIe 5.0/全日系/10年保,4990,,
15,電源供應器,安鈦克 Antec 電源供應器 美國選購率第一【原價屋售出 2年快換!!】,303,｛Antec NE850(850W) Platinum｝雙8/白金/全模/ATX3.1(PCIe 5.1)/主日系/10年保,3690,,
15,電源供應器,安鈦克 Antec 電源供應器 美國選購率第一【原價屋售出 2年快換!!】,304,｛Antec NE1000(1000W) Platinum｝雙8/白金/全模/ATX3.1(PCIe 5.1)/主日系/10年保,4190,,
15,電源供應器,安鈦克 Antec 電源供應器 美國選購率第一【原價屋售出 2年快換!!】,305,｛Antec NE1200(1200W) Platinum｝雙8/白金/全模/ATX3.1(PCIe 5.1)/主日系/10年保,4790,,
15,電源供應器,微星 MSI 【到府收件 兩年展服快換】,308,｛微星 MAG A550BN 550W｝銅牌/DC-DC/5年保,1790,,
15,電源供應器,微星 MSI 【到府收件 兩年展服快換】,309,｛微星 MAG A650BN 650W｝銅牌/DC-DC/5年保,1990,,
15,電源供應器,微星 MSI 【到府收件 兩年展服快換】,310,｛微星 MAG A650BNL WHITE 650W 白｝銅牌/DC-DC/5年保,2090,,
15,電源供應器,微星 MSI 【到府收件 兩年展服快換】,311,｛微星 MAG A750BN PCIE5 III 750W｝雙8/銅牌/ATX3.1/5年保,2290,,
15,電源供應器,微星 MSI 【到府收件 兩年展服快換】,312,｛微星 MAG A650GL 650W｝雙8/金牌/全模組/DC-DC/7年保▼下殺到 9/30 20:00,2490,3090,價格異動 下殺
15,電源供應器,微星 MSI 【到府收件 兩年展服快換】,313,｛微星 MAG A750GL PCIE5 750W｝雙8/金牌/全模組/ATX3.0/7年保▼下殺到 9/30 20:00,2890,3290,價格異動 下殺
15,電源供應器,微星 MSI 【到府收件 兩年展服快換】,314,｛微星 MAG A850GL PCIE5 850W｝雙8/金牌/全模組/ATX3.0/7年保▼下殺到 9/30 20:00,3190,3690,價格異動 下殺
15,電源供應器,微星 MSI 【到府收件 兩年展服快換】,315,｛微星 MAG A850GL PCIE5 WHITE 850W 白｝雙8/金牌/全模組/ATX3.0/7年保▼下殺到 9/30 20:00,3190,3790,價格異動 下殺
15,電源供應器,微星 MSI 【到府收件 兩年展服快換】,316,｛微星 MAG A1000GL PCIE5 1000W｝雙8/金牌/全模組/ATX3.1/7年保▼下殺到 9/30 20:00,3790,4790,價格異動 下殺
15,電源供應器,微星 MSI 【到府收件 兩年展服快換】,317,｛微星 PRO A850PL PCIE5 850W｝雙8/白金/全模組/ATX3.1(PCIe 5.1)/7年▼下殺到 9/30 20:00,3690,4390,價格異動 下殺
15,電源供應器,微星 MSI 【到府收件 兩年展服快換】,318,｛微星 PRO A1000PL PCIE5 1000W｝雙8/白金/全模組/ATX3.1(PCIe 5.1)/7年▼下殺到 9/30 20:00,4590,5290,價格異動 下殺
15,電源供應器,微星 MSI 【到府收件 兩年展服快換】,319,｛微星 MAG A1000PLS PCIE5 1000W｝雙8/白金/全模組/ATX3.1(PCIe 5.1)/10年保,6490,,
15,電源供應器,微星 MSI 【到府收件 兩年展服快換】,320,｛微星 MAG A1200PLS PCIE5 1200W｝8/白金/全模組/ATX3.1(PCIe 5.1)/10年保,7590,,
15,電源供應器,微星 MSI 【到府收件 兩年展服快換】,321,｛微星 MPG Ai1300TS PCIE5 1300W｝雙8/鈦金/全模/ATX3.1(雙PCIe 5)/軟體監控/12年,16490,,
15,電源供應器,微星 MSI 【到府收件 兩年展服快換】,322,｛微星 MPG Ai1600TS PCIE5 1600W｝雙8/鈦金/全模/ATX3.1(雙PCIe 5)/軟體監控/12年,18490,,
15,電源供應器,DEEPCOOL 九州風神,325,｛九州風神 PK550D(550W)｝雙8/銅牌/DC-DC/5年,1390,,
15,電源供應器,DEEPCOOL 九州風神,326,｛九州風神 PK650D(650W)｝雙8/銅牌/DC-DC/5年,1590,,
15,電源供應器,DEEPCOOL 九州風神,327,｛九州風神 PN650D(650W)｝雙8/金牌/直出線/ATX3.1(PCIe 5.1)/10年 送 快睿CR401 ARGB散熱器！,2190,,熱賣
15,電源供應器,DEEPCOOL 九州風神,328,｛九州風神 PN750D(750W)｝雙8/金牌/直出線/ATX3.1(PCIe 5.1)/10年 送 快睿CR401 ARGB散熱器！,2490,,熱賣
15,電源供應器,DEEPCOOL 九州風神,329,｛九州風神 PN850D(850W)｝雙8/金牌/直出線/ATX3.1(PCIe 5.1)/10年,2790,,
15,電源供應器,DEEPCOOL 九州風神,330,｛九州風神 PN650M(650W)｝雙8/金牌/全模組/ATX3.1(PCIe 5.1)/主日系/10年,2490,,
15,電源供應器,DEEPCOOL 九州風神,331,｛九州風神 PN750M(750W)｝雙8/金牌/全模組/ATX3.1(PCIe 5.1)/主日系/10年,2790,,
15,電源供應器,DEEPCOOL 九州風神,332,｛九州風神 PN850M(850W)｝雙8/金牌/全模組/ATX3.1(PCIe 5.1)/主日系/10年,3090,,
15,電源供應器,DEEPCOOL 九州風神,333,｛九州風神 PN850M WH(850W) 白色｝雙8/金牌/全模組/ATX3.1(PCIe 5.1)/主日系/10年,3190,,
15,電源供應器,大飛 darkFlash,336,｛darkFlash PMT 750W 黑色｝雙8/金牌/全模組/ATX3.1(PCIe 5.1)/主日系/10年保,2990,,
15,電源供應器,大飛 darkFlash,337,｛darkFlash PMT 750W 白色｝雙8/金牌/全模組/ATX3.1(PCIe 5.1)/主日系/10年保,3090,,
15,電源供應器,大飛 darkFlash,338,｛darkFlash PMT 850W 黑色｝雙8/金牌/全模組/ATX3.1(PCIe 5.1)/主日系/10年保,3290,,
15,電源供應器,大飛 darkFlash,339,｛darkFlash PMT 850W 白色｝雙8/金牌/全模組/ATX3.1(PCIe 5.1)/主日系/10年保,3390,,
15,電源供應器,恩傑 NZXT【原價屋售出 2年快換】,342,｛NZXT C750(750W) 銅牌｝雙8/直出線/ATX3.1(PCIe 5.1)/5年,2490,,
15,電源供應器,恩傑 NZXT【原價屋售出 2年快換】,343,｛NZXT C850(850W) CORE 黑｝雙8/金牌/全模組/ATX3.1(PCIe 5.1)壓紋線/7年,3990,,
15,電源供應器,恩傑 NZXT【原價屋售出 2年快換】,344,｛NZXT C850(850W) ATX3.1 白｝雙8/金牌/全模組/PCIe 5.1/全日系/10年,4290,,
15,電源供應器,恩傑 NZXT【原價屋售出 2年快換】,345,｛NZXT C1000(1000W) ATX3.1 黑｝雙8/金牌/全模組/PCIe 5.1/全日系/10年,5490,,
15,電源供應器,恩傑 NZXT【原價屋售出 2年快換】,346,｛NZXT C1000(1000W) ATX3.1 白｝雙8/金牌/全模組/PCIe 5.1/全日系/10年,5690,,
15,電源供應器,恩傑 NZXT【原價屋售出 2年快換】,347,｛NZXT C1200(1200W) ATX3.1 黑｝雙8/金牌/全模組/PCIe 5.1/全日系/10年,7390,,
15,電源供應器,恩傑 NZXT【原價屋售出 2年快換】,348,｛NZXT C1500(1500W) ATX3.1｝雙8/白金/數位電源/全模組/雙PCIe 5.1/全日系/10年,11990,,
15,電源供應器,華擎 ASRock,351,｛ASRock SL-750G(750W) 黑｝雙8/金牌/全模組/ATX3.1(PCIe 5.1)/全日系/10年,3290,,
15,電源供應器,華擎 ASRock,352,｛ASRock SL-850G(850W) 黑｝雙8/金牌/全模組/ATX3.1(PCIe 5.1)/全日系/10年,3890,,
15,電源供應器,華擎 ASRock,353,｛ASRock SL-850GW(850W) 白｝雙8/金牌/全模組/ATX3.1(PCIe 5.1)/全日系/10年,3990,,
15,電源供應器,華擎 ASRock,354,｛ASRock SL-1000G(1000W) 黑｝雙8/金牌/全模組/ATX3.1(PCIe 5.1)/全日系/10年,4590,,
15,電源供應器,華擎 ASRock,355,｛ASRock SL-1000GW(1000W) 白｝雙8/金牌/全模組/ATX3.1(PCIe 5.1)/全日系/10年,4690,,
15,電源供應器,技嘉 GIGABYTE,358,｛技嘉 P550B(550W)｝銅牌/3年保,1690,,
15,電源供應器,技嘉 GIGABYTE,359,｛技嘉 P650G PG5(650W)｝ 雙8/金牌/ATX3.1(PCIe 5.1)/主日系/5年保,2690,,
15,電源供應器,技嘉 GIGABYTE,360,｛技嘉 UD750GM PG5 V2(750W)｝雙8/金牌/全模組/ATX3.1(PCIe 5.1)全日系/10年,3290,,
15,電源供應器,技嘉 GIGABYTE,361,｛技嘉 UD750GM PG5 V2 ICE(750W)｝雙8/金牌/全模組/ATX3.1(PCIe 5.1)全日系/10年,3390,,
15,電源供應器,技嘉 GIGABYTE,362,｛技嘉 UD850GM PG5 V2(850W)｝雙8/金牌/全模組/ATX3.1(PCIe 5.1)全日系/10年,3890,,
15,電源供應器,技嘉 GIGABYTE,363,｛技嘉 UD850GM PG5 V2 ICE(850W)｝雙8/金牌/全模組/ATX3.1(PCIe 5.1)全日系/10年,3990,,
15,電源供應器,技嘉 GIGABYTE,364,｛技嘉 UD1000GM PG5 V2(1000W)｝雙8/金牌/全模組/ATX3.1(PCIe 5.1)全日系/10年,5290,,
15,電源供應器,技嘉 GIGABYTE,365,｛技嘉 UD1000GM PG5 V2 ICE(1000W)｝雙8/金牌/全模組/ATX3.1(PCIe 5.1)全日系/10年,5390,,
15,電源供應器,技嘉 GIGABYTE,366,｛技嘉 UD1600PM PG5(1600W)｝雙8/白金/全模組/ATX3.1(雙PCIe 5.1)主日系/10年,14990,,
15,電源供應器,技嘉 GIGABYTE,367,｛技嘉 GAMING 1000GM PG5(1000W)｝雙8/金牌/全模組/ATX3.1(PCIe 5.1)全日系/10年,5990,,
15,電源供應器,技嘉 GIGABYTE,368,｛技嘉 AORUS ELITE 1000W｝雙8/白金/全模組/ATX3.0(PCIe 5.0)全日系/10年,6990,,
15,電源供應器,技嘉 GIGABYTE,369,｛技嘉 AORUS ELITE 1000W ICE(白色)｝雙8/白金/全模組/ATX3.0(PCIe 5.0)全日系/10年,6490,,
15,電源供應器,曜越 Thermaltake【原價屋售出 3年快換 !!】,372,｛曜越 Toughpower GF A3 750W｝雙8/金牌/全模組/ATX3.0(PCIe 5.0)/主日系/10年保,2690,,
15,電源供應器,曜越 Thermaltake【原價屋售出 3年快換 !!】,373,｛曜越 Toughpower GF A3 850W｝雙8/金牌/全模組/ATX3.0(PCIe 5.0)/主日系/10年保,2990,,
15,電源供應器,曜越 Thermaltake【原價屋售出 3年快換 !!】,374,｛曜越 Toughpower GF3 1350W ATX3.0(PCIe 5.0)｝雙8/金牌/全模組/10年保,4990,,
15,電源供應器,聯力工業 LIAN LI,377,｛聯力 RS1000G(1000W) 黑｝雙8/金牌/全模組/ATX3.1(PCIe 5.1)/USB Hub/雙向安裝/10年,4399,,
15,電源供應器,聯力工業 LIAN LI,378,｛聯力 RS1000G(1000W) 白｝雙8/金牌/全模組/ATX3.1(PCIe 5.1)/USB Hub/雙向安裝/10年,4549,,
15,電源供應器,聯力工業 LIAN LI,379,｛聯力 RS1200G(1200W) 黑｝雙8/金牌/全模組/ATX3.1(PCIe 5.1)/USB Hub/雙向安裝/10年,5299,,
15,電源供應器,聯力工業 LIAN LI,380,｛聯力 RS1200G(1200W) 白｝雙8/金牌/全模組/ATX3.1(PCIe 5.1)/USB Hub/雙向安裝/10年,5449,,
16,機殼風扇｜機殼配件,機殼風扇 超值推薦,2,｛台達 AK-12B 黑｝12cm 效能扇 /SuperFlo軸承/2500RPM/減震襯墊/PWM/六年保,790,,熱賣
16,機殼風扇｜機殼配件,機殼風扇 超值推薦,3,｛台達 AK-12B-W 白｝12cm 效能扇 /SuperFlo軸承/2500RPM/減震襯墊/PWM/六年保,790,,熱賣
16,機殼風扇｜機殼配件,機殼風扇 超值推薦,4,｛Acer Predator Frostblade 120｝風扇/HDB軸/1800RPM/ARGB/PWM/一年保,390,,
16,機殼風扇｜機殼配件,機殼風扇 超值推薦,5,｛MSI MAG F120 ARGB 黑｝12cm 反葉風扇/三顆裝/液壓軸承/1300RPM/PWM,799,,
16,機殼風扇｜機殼配件,機殼風扇 超值推薦,6,｛MSI MAG F120 ARGB 白｝12cm 反葉風扇/三顆裝/液壓軸承/1300RPM/PWM,799,,
16,機殼風扇｜機殼配件,機殼風扇 超值推薦,7,｛i-CoolTw 8cm 靜音油封風扇｝(大4Pin) 不挑色,50,,
16,機殼風扇｜機殼配件,機殼風扇 超值推薦,8,｛i-CoolTw 12cm 靜音油封風扇｝(大4Pin) 黑色,75,,
16,機殼風扇｜機殼配件,機殼風扇 超值推薦,9,"｛銀欣 FHS 80X 8cm 工業風扇｝厚:38mm/高風壓風量/雙滾珠軸承/10,000RPM/PWM",500,,
16,機殼風扇｜機殼配件,機殼風扇 超值推薦,10,｛銀欣 FHS 120X 12cm 工業風扇｝厚:38mm/高風壓風量/雙滾珠軸承/4000RPM/PWM,550,,
16,機殼風扇｜機殼配件,機殼風扇 超值推薦,11,｛銀欣 FHS 140X 14cm 工業風扇｝厚:38mm/高風壓風量/雙滾珠軸承/3400RPM/PWM,590,,
16,機殼風扇｜機殼配件,機殼風扇 超值推薦,12,｛BitFenix 火鳥 幽靈 Spectre｝A.RGB(5V) 風扇/12cm/可串接/液態軸承/1200rpm,249,,
16,機殼風扇｜機殼配件,機殼風扇 超值推薦,13,｛Apexgaming A-Cool 12cm 定色RGB風扇｝四色雙光圈/雙面減震墊/大4Pin,159,,
16,機殼風扇｜機殼配件,機殼風扇 超值推薦,14,｛Apexgaming A-Cool 無雙 12cm A.RGB｝白色/3風扇+控制器/(3Pin/5V)(AC-120WD),1190,,
16,機殼風扇｜機殼配件,華碩 ASUS 風扇/配件,16,｛華碩 ROG EQUALIZER(黑) 電源線｝750mm/12V-2x6壓紋線/符合PCIe 5.1 標準/三年,1590,,
16,機殼風扇｜機殼配件,華碩 ASUS 風扇/配件,17,｛華碩 ROG EQUALIZER(白) 電源線｝750mm/12V-2x6壓紋線/符合PCIe 5.1 標準/三年,1590,,
16,機殼風扇｜機殼配件,華碩 ASUS 風扇/配件,18,｛華碩 GT502 Horizon 機殼專用 ARGB(黑) 燈效套件｝磁吸式/二年保,1290,,
16,機殼風扇｜機殼配件,華碩 ASUS 風扇/配件,19,｛華碩 GT502 Horizon 機殼專用 ARGB(白) 燈效套件｝磁吸式/二年保,1290,,
16,機殼風扇｜機殼配件,華碩 ASUS 風扇/配件,20,｛華碩 TUF Gaming ARGB PWM 風扇集線器｝1分6/磁吸式/運作指示燈/雙SATA供電,459,,
16,機殼風扇｜機殼配件,華碩 ASUS 風扇/配件,21,｛華碩 Prime MR120 ARGB(黑) 風扇/單顆裝｝厚28mm/雙側發光框架/PWM/二年保,349,,
16,機殼風扇｜機殼配件,華碩 ASUS 風扇/配件,22,｛華碩 Prime MR120 ARGB(黑) 風扇/三顆裝｝厚28mm/雙側發光框架/PWM/二年保,999,,
16,機殼風扇｜機殼配件,華碩 ASUS 風扇/配件,24,｛華碩 Prime MR120 ARGB(白) 風扇/單顆裝｝厚28mm/雙側發光框架/PWM/二年保,379,,
16,機殼風扇｜機殼配件,華碩 ASUS 風扇/配件,25,｛華碩 Prime MR120 ARGB(白) 風扇/三顆裝｝厚28mm/雙側發光框架/PWM/二年保,1099,,
16,機殼風扇｜機殼配件,華碩 ASUS 風扇/配件,27,｛華碩 Prime MR120 ARGB(黑) 反向扇/單顆裝｝厚28mm/雙側發光框架/PWM/二年保,349,,
16,機殼風扇｜機殼配件,華碩 ASUS 風扇/配件,28,｛華碩 Prime MR120 ARGB(黑) 反向扇/三顆裝｝厚28mm/雙側發光框架/PWM/二年保,999,,
16,機殼風扇｜機殼配件,華碩 ASUS 風扇/配件,30,｛華碩 Prime MR120 ARGB(白) 反向扇/單顆裝｝厚28mm/雙側發光框架/PWM/二年保,379,,
16,機殼風扇｜機殼配件,華碩 ASUS 風扇/配件,31,｛華碩 Prime MR120 ARGB(白) 反向扇/三顆裝｝厚28mm/雙側發光框架/PWM/二年保,1099,,
16,機殼風扇｜機殼配件,華碩 ASUS 風扇/配件,33,｛華碩 TUF Gaming TR120 ARGB(黑) 風扇/單顆裝｝厚28mm/高風壓(量)/PWM/二年保,569,,
16,機殼風扇｜機殼配件,華碩 ASUS 風扇/配件,34,｛華碩 TUF Gaming TR120 ARGB(黑) 風扇/三顆裝｝厚28mm/側邊雙模式/PWM/二年保,1690,,
16,機殼風扇｜機殼配件,華碩 ASUS 風扇/配件,36,｛華碩 TUF Gaming TR120 ARGB(白) 風扇/單顆裝｝厚28mm/高風壓(量)/PWM/二年保,599,,
16,機殼風扇｜機殼配件,華碩 ASUS 風扇/配件,37,｛華碩 TUF Gaming TR120 ARGB(白) 風扇/三顆裝｝厚28mm/側邊雙模式/PWM/二年保,1790,,
16,機殼風扇｜機殼配件,華碩 ASUS 風扇/配件,39,｛華碩 TUF Gaming TR120 ARGB(黑) 反向扇/單顆裝｝厚28mm/高風壓(量)/PWM/二年保,569,,
16,機殼風扇｜機殼配件,華碩 ASUS 風扇/配件,40,｛華碩 TUF Gaming TR120 ARGB(黑) 反向扇/三顆裝｝厚28mm/側邊雙模式/PWM/二年保,1690,,
16,機殼風扇｜機殼配件,華碩 ASUS 風扇/配件,42,｛華碩 TUF Gaming TR120 ARGB(白) 反向扇/單顆裝｝厚28mm/高風壓(量)/PWM/二年保,599,,
16,機殼風扇｜機殼配件,華碩 ASUS 風扇/配件,43,｛華碩 TUF Gaming TR120 ARGB(白) 反向扇/三顆裝｝厚28mm/側邊雙模式/PWM/二年保,1790,,
16,機殼風扇｜機殼配件,華碩 ASUS 風扇/配件,45,｛華碩 ProArt PF120(黑) 效能扇/單顆裝｝厚28mm/LCP扇葉/3000RPM/PWM/5年保,890,,
16,機殼風扇｜機殼配件,華碩 ASUS 風扇/配件,46,｛華碩 ProArt PF120(黑) 效能扇/三顆裝｝厚28mm/LCP扇葉/獨家串接頭/轉速控制器/5年保▼下殺到 9/30 20:00,2190,2590,價格異動 下殺
16,機殼風扇｜機殼配件,華碩 ASUS 風扇/配件,47,｛華碩 ProArt PF120(白) 效能扇/單顆裝｝厚28mm/LCP扇葉/3000RPM/PWM/5年保,890,,
16,機殼風扇｜機殼配件,華碩 ASUS 風扇/配件,48,｛華碩 ProArt PF120(白) 效能扇/三顆裝｝厚28mm/LCP扇葉/獨家串接頭/轉速控制器/5年保▼下殺到 9/30 20:00,2190,2590,價格異動 下殺
16,機殼風扇｜機殼配件,華碩 ASUS 風扇/配件,49,｛華碩 ROG Eurux GR120 ARGB 黑 風扇/單顆裝｝厚30mm/LCP扇葉/需搭配控制器/3年,1190,,
16,機殼風扇｜機殼配件,華碩 ASUS 風扇/配件,50,｛華碩 ROG Eurux GR120 ARGB 黑 風扇/三顆裝｝含控制器/厚30mm/獨家串接頭/3年,3790,,
16,機殼風扇｜機殼配件,華碩 ASUS 風扇/配件,51,｛華碩 ROG Eurux GR120 ARGB 白 風扇/單顆裝｝厚30mm/LCP扇葉/需搭配控制器/3年,1190,,
16,機殼風扇｜機殼配件,華碩 ASUS 風扇/配件,52,｛華碩 ROG Eurux GR120 ARGB 白 風扇/三顆裝｝含控制器/厚30mm/獨家串接頭/3年,3790,,
16,機殼風扇｜機殼配件,華碩 ASUS 風扇/配件,53,｛華碩 ROG Eurux GR120 ARGB 黑 反向扇/單顆裝｝厚30mm/LCP扇葉/需搭配控制器/3年,1190,,
16,機殼風扇｜機殼配件,華碩 ASUS 風扇/配件,54,｛華碩 ROG Eurux GR120 ARGB 黑 反向扇/三顆裝｝含控制器/厚30mm/獨家串接頭/3年,3790,,
16,機殼風扇｜機殼配件,華碩 ASUS 風扇/配件,55,｛華碩 ROG Eurux GR120 ARGB 白 反向扇/單顆｝厚30mm/LCP扇葉/需搭配控制器/3年,1190,,
16,機殼風扇｜機殼配件,華碩 ASUS 風扇/配件,56,｛華碩 ROG Eurux GR120 ARGB 白 反向扇/三顆裝｝含控制器/厚30mm/獨家串接頭/3年,3790,,
16,機殼風扇｜機殼配件,君主 Montech 風扇,58,｛MONTECH AX120 PWM 黑｝風扇/A.RGB/1600RPM/HDB軸/三年保,249,,
16,機殼風扇｜機殼配件,君主 Montech 風扇,59,｛MONTECH AX120 PWM 白｝風扇/A.RGB/1600RPM/HDB軸/三年保,249,,
16,機殼風扇｜機殼配件,君主 Montech 風扇,60,｛MONTECH RX120 PWM 黑｝反向扇/A.RGB/1600RPM/HDB軸/三年保,249,,
16,機殼風扇｜機殼配件,君主 Montech 風扇,61,｛MONTECH AX120 PRO 黑｝風扇/A.RGB/1600RPM/PWM/三年保,299,,
16,機殼風扇｜機殼配件,君主 Montech 風扇,62,｛MONTECH AX120 PRO 白｝風扇/A.RGB/1600RPM/PWM/三年保,299,,
16,機殼風扇｜機殼配件,君主 Montech 風扇,63,｛MONTECH RX120 PRO 黑｝反向扇/A.RGB/1600RPM/PWM/三年保,299,,
16,機殼風扇｜機殼配件,君主 Montech 風扇,64,｛MONTECH RX120 PRO 白｝反向扇/A.RGB/1600RPM/PWM/三年保,299,,
16,機殼風扇｜機殼配件,君主 Montech 風扇,65,｛MONTECH AX140 PWM 黑｝風扇/A.RGB/1600RPM/HDB軸/三年保,490,,
16,機殼風扇｜機殼配件,君主 Montech 風扇,66,｛MONTECH AX140 PWM 白｝風扇/A.RGB/1600RPM/HDB軸/三年保,520,,
16,機殼風扇｜機殼配件,君主 Montech 風扇,67,｛MONTECH RX140 PWM 黑｝反向扇/A.RGB/1600RPM/HDB軸/三年保,490,,
16,機殼風扇｜機殼配件,君主 Montech 風扇,68,｛MONTECH RX140 PWM 白｝反向扇/A.RGB/1600RPM/HDB軸/三年保,520,,
16,機殼風扇｜機殼配件,君主 Montech 風扇,69,｛MONTECH E28 ARGB 黑 12cm 風扇｝2000RPM/FDB軸/厚28mm/PWM/三年保,330,,
16,機殼風扇｜機殼配件,君主 Montech 風扇,70,｛MONTECH E28 ARGB 黑 12cm 三顆裝｝附集線器/2000RPM/厚28mm/PWM/三年保,790,,
16,機殼風扇｜機殼配件,君主 Montech 風扇,71,｛MONTECH E28 ARGB 白 12cm 風扇｝2000RPM/FDB軸/厚28mm/PWM/三年保,330,,
16,機殼風扇｜機殼配件,君主 Montech 風扇,72,｛MONTECH E28 ARGB 白 12cm 三顆裝｝附集線器/2000RPM/厚28mm/PWM/三年保,790,,
16,機殼風扇｜機殼配件,美洲獅 COUGAR 風扇,74,｛COUGAR Unity 240 ARGB 黑(正向)｝一體式風扇/側邊燈效/2500RPM/PWM/三年保,990,,
16,機殼風扇｜機殼配件,美洲獅 COUGAR 風扇,75,｛COUGAR Unity 240 ARGB 白(正向)｝一體式風扇/側邊燈效/2500RPM/PWM/三年保,990,,
16,機殼風扇｜機殼配件,美洲獅 COUGAR 風扇,76,｛COUGAR Unity 240 ARGB 黑(反向)｝一體式風扇/側邊燈效/1600RPM/PWM/三年保,990,,
16,機殼風扇｜機殼配件,美洲獅 COUGAR 風扇,77,｛COUGAR Unity 240 ARGB 白(反向)｝一體式風扇/側邊燈效/1600RPM/PWM/三年保,990,,
16,機殼風扇｜機殼配件,美洲獅 COUGAR 風扇,78,｛COUGAR Unity 360 ARGB 黑(正向)｝一體式風扇/側邊燈效/2500RPM/PWM/三年保,1190,,
16,機殼風扇｜機殼配件,美洲獅 COUGAR 風扇,79,｛COUGAR Unity 360 ARGB 白(正向)｝一體式風扇/側邊燈效/2500RPM/PWM/三年保,1190,,
16,機殼風扇｜機殼配件,美洲獅 COUGAR 風扇,80,｛COUGAR Unity 360 ARGB 黑(反向)｝一體式風扇/側邊燈效/1600RPM/PWM/三年保,1190,,
16,機殼風扇｜機殼配件,美洲獅 COUGAR 風扇,81,｛COUGAR Unity 360 ARGB 白(反向)｝一體式風扇/側邊燈效/1600RPM/PWM/三年保,1190,,
16,機殼風扇｜機殼配件,振華 Super Flower 風扇,83,｛振華 冰渦輪 12cm｝DC直流散熱風扇/小3Pin/附轉接大4pin【超高CP值!】,95,,
16,機殼風扇｜機殼配件,振華 Super Flower 風扇,84,｛振華 MEGACOOL 12cm 效能扇｝3段速遙控/雙滾珠/三相12極馬達/LCP塑料/厚30/6年,790,,
16,機殼風扇｜機殼配件,振華 Super Flower 風扇,85,｛振華 MEGACOOL 12cm 雙向扇｝三顆裝/遙控切換轉速+正反向/LCP塑料/厚30mm/6年,2290,,
16,機殼風扇｜機殼配件,振華 Super Flower 風扇,86,｛振華 AURACOOL 120 黑(正向) 風扇｝12cm/無限鏡/1800RPM/PWM/兩年保,259,,
16,機殼風扇｜機殼配件,振華 Super Flower 風扇,87,｛振華 AURACOOL 120 白(正向) 風扇｝12cm/無限鏡/1800RPM/PWM/兩年保,259,,
16,機殼風扇｜機殼配件,振華 Super Flower 風扇,88,｛振華 AURACOOL 240 黑(正向) 一體式風扇｝全幅式無限鏡/1800RPM/PWM/兩年保,599,,
16,機殼風扇｜機殼配件,振華 Super Flower 風扇,89,｛振華 AURACOOL 240 黑(反向) 一體式風扇｝全幅式無限鏡/1800RPM/PWM/兩年保,599,,
16,機殼風扇｜機殼配件,振華 Super Flower 風扇,90,｛振華 AURACOOL 240 白(反向) 一體式風扇｝全幅式無限鏡/1800RPM/PWM/兩年保,599,,
16,機殼風扇｜機殼配件,振華 Super Flower 風扇,91,｛振華 AURACOOL 360 黑(正向) 一體式風扇｝全幅式無限鏡/1800RPM/PWM/兩年保,799,,
16,機殼風扇｜機殼配件,振華 Super Flower 風扇,92,｛振華 AURACOOL 360 黑(反向) 一體式風扇｝全幅式無限鏡/1800RPM/PWM/兩年保,799,,
16,機殼風扇｜機殼配件,振華 Super Flower 風扇,93,｛振華 AURACOOL 360 白(反向) 一體式風扇｝全幅式無限鏡/1800RPM/PWM/兩年保,799,,
16,機殼風扇｜機殼配件,威剛 XPG 風扇,95,｛威剛 XPG VENTO PRO 120 PWM｝風扇/日產(溫柔颱風)/雙滾珠軸承/2150RPM/五年保,690,,
16,機殼風扇｜機殼配件,威剛 XPG 風扇,96,威剛 XPG VENTO PRO 120 PWM 風扇 /日本電產(溫柔颱風) 買二送一(共三個),1380,,熱賣
16,機殼風扇｜機殼配件,威剛 XPG 風扇,97,｛威剛 XPG VENTO 120 ARGB(黑) 風扇 單顆裝｝1850RPM/PWM可串接/二年保,390,,
16,機殼風扇｜機殼配件,威剛 XPG 風扇,98,｛威剛 XPG VENTO 120 ARGB(黑) 風扇 三顆裝｝1850RPM/PWM可串接/二年保,990,,
16,機殼風扇｜機殼配件,威剛 XPG 風扇,99,｛威剛 XPG VENTO 120 ARGB(白) 風扇 單顆裝｝1850RPM/PWM可串接/二年保,390,,
16,機殼風扇｜機殼配件,威剛 XPG 風扇,100,｛威剛 XPG VENTO 120 ARGB(白) 風扇 三顆裝｝1850RPM/PWM可串接/二年保,990,,
16,機殼風扇｜機殼配件,威剛 XPG 風扇,101,｛威剛 XPG VENTO R 120 ARGB(黑) 反向扇 三顆裝｝1600RPM/PWM可串接/二年保,990,,
16,機殼風扇｜機殼配件,威剛 XPG 風扇,102,｛威剛 XPG VENTO R 120 ARGB(白) 反向扇 三顆裝｝1600RPM/PWM可串接/二年保,990,,
16,機殼風扇｜機殼配件,威剛 XPG 風扇,103,｛威剛 XPG HURRICANE 120 ARGB 風扇｝雙環燈效/2000RPM/PWM/二年保,590,,
16,機殼風扇｜機殼配件,威剛 XPG 風扇,104,威剛 XPG HURRICANE 120 ARGB 風扇 /雙環燈效/PWM/二年保 買二送一(共三個),1180,,熱賣
16,機殼風扇｜機殼配件,威剛 XPG 風扇,105,｛威剛 XPG HURRICANE 120 ARGB(白) 風扇｝雙環燈效/2000RPM/PWM/二年保,590,,
16,機殼風扇｜機殼配件,威剛 XPG 風扇,106,威剛 XPG HURRICANE 120 ARGB(白) 風扇 /雙環燈效/PWM/二年保 買二送一(共三個),1180,,熱賣
16,機殼風扇｜機殼配件,威剛 XPG 風扇,107,｛威剛 XPG HURRICANE 140 ARGB 風扇｝雙環燈效/1800RPM/PWM/二年保,690,,
16,機殼風扇｜機殼配件,威剛 XPG 風扇,108,｛威剛 XPG HURRICANE 140 ARGB(白) 風扇｝雙環燈效/1800RPM/PWM/二年保,690,,
16,機殼風扇｜機殼配件,追風者 Phanteks 機殼風扇/配件,110,｛Phanteks NV5 PREMIUM(黑) 燈效套件｝NV5 MKII專用(PH-PLEDKT_NV5_DBK01),1890,,
16,機殼風扇｜機殼配件,追風者 Phanteks 機殼風扇/配件,111,｛Phanteks NV5 PREMIUM(白) 燈效套件｝NV5 MKII專用(PH-PLEDKT_NV5_DWT01),1890,,
16,機殼風扇｜機殼配件,追風者 Phanteks 機殼風扇/配件,112,｛Phanteks D30-120 D-RGB 黑 12cm 風扇(Regular) 單顆裝｝卡扣連接/厚30mm/三年保,1090,,
16,機殼風扇｜機殼配件,追風者 Phanteks 機殼風扇/配件,113,｛Phanteks D30-120 D-RGB 黑 12cm 風扇(Regular) 三顆裝｝卡扣連接/厚30mm/三年保,2790,,
16,機殼風扇｜機殼配件,追風者 Phanteks 機殼風扇/配件,114,｛Phanteks D30-120 D-RGB 白 12cm 風扇(Regular) 單顆裝｝卡扣連接/厚30mm/三年保,1090,,
16,機殼風扇｜機殼配件,追風者 Phanteks 機殼風扇/配件,115,｛Phanteks D30-120 D-RGB 白 12cm 風扇(Regular) 三顆裝｝卡扣連接/厚30mm/三年保,2790,,
16,機殼風扇｜機殼配件,追風者 Phanteks 機殼風扇/配件,116,｛Phanteks D30-120 D-RGB 黑 12cm 反向扇(Reversed) 單顆裝｝卡扣連接/厚30/三年保,1090,,
16,機殼風扇｜機殼配件,追風者 Phanteks 機殼風扇/配件,117,｛Phanteks D30-120 D-RGB 黑 12cm 反向扇(Reversed) 三顆裝｝卡扣連接/厚30/三年保,2790,,
16,機殼風扇｜機殼配件,追風者 Phanteks 機殼風扇/配件,118,｛Phanteks D30-120 D-RGB 白 12cm 反向扇(Reversed) 單顆裝｝卡扣連接/厚30/三年保,1090,,
16,機殼風扇｜機殼配件,追風者 Phanteks 機殼風扇/配件,119,｛Phanteks D30-120 D-RGB 白 12cm 反向扇(Reversed) 三顆裝｝卡扣連接/厚30/三年保,2790,,
16,機殼風扇｜機殼配件,追風者 Phanteks 機殼風扇/配件,120,｛Phanteks D30-140 D-RGB 黑 14cm 風扇(Regular) 單顆裝｝卡扣連接/厚30mm/三年保,1090,,
16,機殼風扇｜機殼配件,追風者 Phanteks 機殼風扇/配件,121,｛Phanteks D30-140 D-RGB 黑 14cm 風扇(Regular) 三顆裝｝卡扣連接/厚30mm/三年保,2790,,
16,機殼風扇｜機殼配件,追風者 Phanteks 機殼風扇/配件,122,｛Phanteks D30-140 D-RGB 白 14cm 風扇(Regular) 單顆裝｝卡扣連接/厚30mm/三年保,1090,,
16,機殼風扇｜機殼配件,追風者 Phanteks 機殼風扇/配件,123,｛Phanteks D30-140 D-RGB 白 14cm 風扇(Regular) 三顆裝｝卡扣連接/厚30mm/三年保,2790,,
16,機殼風扇｜機殼配件,追風者 Phanteks 機殼風扇/配件,124,｛Phanteks D30-140 D-RGB 黑 14cm 反向扇(Reversed) 單顆裝｝卡扣連接/厚30/三年保,1090,,
16,機殼風扇｜機殼配件,追風者 Phanteks 機殼風扇/配件,125,｛Phanteks D30-140 D-RGB 黑 14cm 反向扇(Reversed) 三顆裝｝卡扣連接/厚30/三年保,2790,,
16,機殼風扇｜機殼配件,追風者 Phanteks 機殼風扇/配件,126,｛Phanteks D30-140 D-RGB 白 14cm 反向扇(Reversed) 單顆裝｝卡扣連接/厚30/三年保,1090,,
16,機殼風扇｜機殼配件,追風者 Phanteks 機殼風扇/配件,127,｛Phanteks D30-140 D-RGB 白 14cm 反向扇(Reversed) 三顆裝｝卡扣連接/厚30/三年保,2790,,
16,機殼風扇｜機殼配件,追風者 Phanteks 機殼風扇/配件,128,｛Phanteks T30 12cm 效能風扇｝磁浮軸承/三段可調轉速/工業級LCP塑料/厚30/六年保,1090,,
16,機殼風扇｜機殼配件,追風者 Phanteks 機殼風扇/配件,129,｛Phanteks T30 12cm 效能風扇 三顆裝｝磁浮軸承/三段可調轉速/LCP塑料/厚30/六年保,2790,,
16,機殼風扇｜機殼配件,追風者 Phanteks 機殼風扇/配件,130,｛Phanteks T30 14cm 效能風扇｝磁浮軸承/三段可調轉速/工業級LCP塑料/厚30/六年保,1390,,
16,機殼風扇｜機殼配件,追風者 Phanteks 機殼風扇/配件,131,｛Phanteks T30 14cm 效能風扇 三顆裝｝磁浮軸承/三段可調轉速/LCP塑料/厚30/六年保,3790,,
16,機殼風扇｜機殼配件,大飛 darkFlash 風扇,133,｛darkFlash S100 12cm 白 效能扇｝1800RPM/FDB軸/PWM可串接/10年保 原價$459！,279,,
16,機殼風扇｜機殼配件,大飛 darkFlash 風扇,134,｛darkFlash S101 12cm 白 效能扇｝A.RGB/1800RPM/FDB軸/PWM可串接 原價$559！,299,,熱賣
16,機殼風扇｜機殼配件,大飛 darkFlash 風扇,135,｛darkFlash DM12 PRO 黑 12cm 風扇｝A.RGB/1600RPM/PWM可串接/3年保,299,,
16,機殼風扇｜機殼配件,大飛 darkFlash 風扇,136,｛darkFlash DM12 PRO 白 12cm 風扇｝A.RGB/1600RPM/PWM可串接/3年保,299,,
16,機殼風扇｜機殼配件,大飛 darkFlash 風扇,137,｛darkFlash DM12R PRO 黑 12cm 反向扇｝A.RGB/PWM可串接/3年保,299,,
16,機殼風扇｜機殼配件,大飛 darkFlash 風扇,138,｛darkFlash DM12R PRO 白 12cm 反向扇｝A.RGB/PWM可串接/3年保,299,,
16,機殼風扇｜機殼配件,大飛 darkFlash 風扇,139,｛darkFlash GAUSS 磁軌扇 7-Pin to PWM｝ARGB(3-PIN) 訊號線,149,,
16,機殼風扇｜機殼配件,大飛 darkFlash 風扇,140,｛darkFlash GAUSS G24 黑 12cm 磁軌扇 單顆裝｝A.RGB/磁吸拼接/3年保(需搭三顆裝使用),550,,
16,機殼風扇｜機殼配件,大飛 darkFlash 風扇,141,｛darkFlash GAUSS G24 黑 12cm 磁軌扇 三顆裝｝A.RGB/磁吸拼接/2000RPM/3年保,1290,,熱賣
16,機殼風扇｜機殼配件,大飛 darkFlash 風扇,143,｛darkFlash GAUSS G24 白 12cm 磁軌扇 單顆裝｝A.RGB/磁吸拼接/3年保(需搭三顆裝使用),550,,
16,機殼風扇｜機殼配件,大飛 darkFlash 風扇,144,｛darkFlash GAUSS G24 白 12cm 磁軌扇 三顆裝｝A.RGB/磁吸拼接/2000RPM/3年保,1290,,熱賣
16,機殼風扇｜機殼配件,大飛 darkFlash 風扇,146,｛darkFlash GAUSS G24R 黑 12cm 反向扇 單顆裝｝A.RGB/磁吸拼接/3年保(需搭三顆裝使用),550,,
16,機殼風扇｜機殼配件,大飛 darkFlash 風扇,147,｛darkFlash GAUSS G24R 黑 12cm 反向扇 三顆裝｝A.RGB/磁吸拼接/2000RPM/3年保,1290,,熱賣
16,機殼風扇｜機殼配件,大飛 darkFlash 風扇,149,｛darkFlash GAUSS G24R 白 12cm 反向扇 單顆裝｝A.RGB/磁吸拼接/3年保(需搭三顆裝使用),550,,
16,機殼風扇｜機殼配件,大飛 darkFlash 風扇,150,｛darkFlash GAUSS G24R 白 12cm 反向扇 三顆裝｝A.RGB/磁吸拼接/2000RPM/3年保,1290,,熱賣
16,機殼風扇｜機殼配件,喬思伯 JONSBO 風扇,153,｛喬思伯 SL-925 黑 9cm 風扇｝ARGB/簡約外框/2200RPM/PWM/三年保,189,,
16,機殼風扇｜機殼配件,喬思伯 JONSBO 風扇,154,｛喬思伯 SL-925 白 9cm 風扇｝ARGB/簡約外框/2200RPM/PWM/三年保,189,,
16,機殼風扇｜機殼配件,喬思伯 JONSBO 風扇,155,｛喬思伯 FR-606 黑 12cm 反向扇｝ARGB/圓幅式無限鏡/1500RPM/PWM/三年保 原價$329,159,,熱賣
16,機殼風扇｜機殼配件,喬思伯 JONSBO 風扇,156,｛喬思伯 FR-606 白 12cm 反向扇｝ARGB/圓幅式無限鏡/1500RPM/PWM/三年保 原價$329,159,,熱賣
16,機殼風扇｜機殼配件,喬思伯 JONSBO 風扇,157,｛喬思伯 SL-120 白 12cm 風扇｝ARGB/無限光圈軸心/1500RPM/PWM/三年保,199,,
16,機殼風扇｜機殼配件,喬思伯 JONSBO 風扇,158,｛喬思伯 SL-120 黑 12cm 反向扇｝ARGB/無限光圈軸心/1500RPM/PWM/三年保,199,,
16,機殼風扇｜機殼配件,喬思伯 JONSBO 風扇,159,｛喬思伯 SL-120 白 12cm 反向扇｝ARGB/無限光圈軸心/1500RPM/PWM/三年保,199,,
16,機殼風扇｜機殼配件,喬思伯 JONSBO 風扇,160,｛喬思伯 FR-505 黑 12cm 風扇｝ARGB/全幅式無限鏡/1800RPM/PWM/三年保,299,,
16,機殼風扇｜機殼配件,喬思伯 JONSBO 風扇,161,｛喬思伯 FR-505 白 12cm 風扇｝ARGB/全幅式無限鏡/1800RPM/PWM/三年保,299,,
16,機殼風扇｜機殼配件,喬思伯 JONSBO 風扇,162,｛喬思伯 FR-505 黑 12cm 反向扇｝ARGB/全幅式無限鏡/1800RPM/PWM/三年保,299,,
16,機殼風扇｜機殼配件,喬思伯 JONSBO 風扇,163,｛喬思伯 FR-505 白 12cm 反向扇｝ARGB/全幅式無限鏡/1800RPM/PWM/三年保,299,,
16,機殼風扇｜機殼配件,喬思伯 JONSBO 風扇,164,｛喬思伯 ZA-240 白(反向)｝一體式風扇/ARGB/全幅式無限鏡/1800RPM/PWM/三年保,790,,
16,機殼風扇｜機殼配件,喬思伯 JONSBO 風扇,165,｛喬思伯 ZA-360 黑(正向)｝一體式風扇/ARGB/全幅式無限鏡/2400RPM/PWM/三年保,990,,
16,機殼風扇｜機殼配件,喬思伯 JONSBO 風扇,166,｛喬思伯 ZA-360 白(正向)｝一體式風扇/ARGB/全幅式無限鏡/2400RPM/PWM/三年保,990,,
16,機殼風扇｜機殼配件,喬思伯 JONSBO 風扇,167,｛喬思伯 ZA-360 黑(反向)｝一體式風扇/ARGB/全幅式無限鏡/1800RPM/PWM/三年保,990,,
16,機殼風扇｜機殼配件,喬思伯 JONSBO 風扇,168,｛喬思伯 ZA-360 白(反向)｝一體式風扇/ARGB/全幅式無限鏡/1800RPM/PWM/三年保,990,,
16,機殼風扇｜機殼配件,喬思伯 JONSBO 風扇,169,｛喬思伯 ZB-240 黑(正向)｝一體式風扇/ARGB/全幅式無限鏡/2400RPM/PWM/三年保,790,,
16,機殼風扇｜機殼配件,喬思伯 JONSBO 風扇,170,｛喬思伯 ZB-240 白(反向)｝一體式風扇/ARGB/全幅式無限鏡/1800RPM/PWM/三年保,790,,
16,機殼風扇｜機殼配件,喬思伯 JONSBO 風扇,171,｛喬思伯 ZB-360 黑(正向)｝一體式風扇/ARGB/全幅式無限鏡/2400RPM/PWM/三年保,990,,
16,機殼風扇｜機殼配件,喬思伯 JONSBO 風扇,172,｛喬思伯 ZB-360 白(正向)｝一體式風扇/ARGB/全幅式無限鏡/2400RPM/PWM/三年保,990,,
16,機殼風扇｜機殼配件,喬思伯 JONSBO 風扇,173,｛喬思伯 ZB-360 白(反向)｝一體式風扇/ARGB/全幅式無限鏡/1800RPM/PWM/三年保,990,,
16,機殼風扇｜機殼配件,利民 Thermalright 機殼風扇(索摩樂)【未列示型號請詢問】,175,｛利民 TL-C12 PRO-G 12cm風扇(灰黑)｝S-FDB軸承/PWM/1850RPM/防震軟墊/六年,550,,
16,機殼風扇｜機殼配件,利民 Thermalright 機殼風扇(索摩樂)【未列示型號請詢問】,176,｛利民 TL-C12 PRO-W 12cm風扇(全白)｝S-FDB軸承/PWM/1850RPM/防震軟墊/六年,550,,
16,機殼風扇｜機殼配件,利民 Thermalright 機殼風扇(索摩樂)【未列示型號請詢問】,177,｛利民 TL-B12 12cm風扇(灰黑)｝高風壓/S-FDB軸承/PWM/2150RPM/防震軟墊/六年,650,,
16,機殼風扇｜機殼配件,利民 Thermalright 機殼風扇(索摩樂)【未列示型號請詢問】,178,｛利民 TL-B14 14cm風扇(灰黑)｝高風壓/S-FDB V2軸承/PWM/1500RPM/防震軟墊/六年,680,,
16,機殼風扇｜機殼配件,利民 Thermalright 機殼風扇(索摩樂)【未列示型號請詢問】,179,｛利民 TL-B14W 14cm風扇(全白)｝高風壓/S-FDB V2軸承/PWM/1500RPM/防震軟墊/六年,680,,
16,機殼風扇｜機殼配件,利民 Thermalright 機殼風扇(索摩樂)【未列示型號請詢問】,180,｛利民 TY-143 14cm風扇｝雙滾珠軸承/PWM/2500RPM/無內附螺絲/六年,345,,
16,機殼風扇｜機殼配件,利民 Thermalright 機殼風扇(索摩樂)【未列示型號請詢問】,181,｛利民 TY-147 ASQ 14cm風扇｝低轉靜音/300-1300RPM/PWM/附轉接大4pin/六年,350,,
16,機殼風扇｜機殼配件,利民 Thermalright 機殼風扇(索摩樂)【未列示型號請詢問】,182,｛利民 TY-143 SQ 14cm風扇｝效能款/600-2500RPM/PWM/附轉接大4pin/六年,400,,
16,機殼風扇｜機殼配件,鎌刀 Scythe 機殼風扇【全品項三年保固】,184,｛Scythe Wonder Tornado 120 蒼風丸 2500 白色｝PWM(WT1225FD25W-P),290,,
16,機殼風扇｜機殼配件,鎌刀 Scythe 機殼風扇【全品項三年保固】,185,｛Scythe Wonder Tornado 120 霓風丸 2500 白色/三顆裝｝ARGB(WT1225FD25WARX3-P),990,,
16,機殼風扇｜機殼配件,鎌刀 Scythe 機殼風扇【全品項三年保固】,186,｛Scythe Grand Tornado 120 龍風丸 3000｝LCP塑料/PWM/SPFDB2軸承(GT1225FD30-P),690,,
16,機殼風扇｜機殼配件,鎌刀 Scythe 機殼風扇【全品項三年保固】,187,Scythe Grand Tornado 120 龍風丸 3000 /PWM(GT1225FD30-P)買二送一(共三個),1380,,熱賣
16,機殼風扇｜機殼配件,旋剛 Sharkoon 機殼風扇,189,｛Sharkoon SilentStorm 暴風扇 A.RGB/12cm風扇｝PWM/雙色防震墊片/1400RPM,290,,
16,機殼風扇｜機殼配件,旋剛 Sharkoon 機殼風扇,190,｛Sharkoon SilentStorm 暴風扇 A.RGB/14cm風扇｝PWM/雙色防震墊片/1400RPM,390,,
16,機殼風扇｜機殼配件,聯力 LIAN LI 機殼風扇/配件,192,｛聯力 L-Wireless 無線控制器 黑｝聯力 Wireless系列 發光線/ SL/ TL風扇適用(RF-T),480,,
16,機殼風扇｜機殼配件,聯力 LIAN LI 機殼風扇/配件,193,｛聯力 L-Wireless 無線控制器 白｝聯力 Wireless系列 發光線/ SL/ TL風扇適用(RF-T),480,,
16,機殼風扇｜機殼配件,聯力 LIAN LI 機殼風扇/配件,194,｛聯力 UNI FAN TL FLEX 120 積木扇 黑｝有線+無線控制(選購)/LCP扇/3年(12TL1F1B),990,,
16,機殼風扇｜機殼配件,聯力 LIAN LI 機殼風扇/配件,195,｛聯力 UNI FAN TL FLEX 120 積木扇 白｝有線+無線控制(選購)/LCP扇/3年(12TL1F1W),990,,
16,機殼風扇｜機殼配件,聯力 LIAN LI 機殼風扇/配件,196,｛聯力 UNI FAN TL FLEX 120 反向扇 黑｝有線+無線控制(選購)/LCP扇/3年(12RTL1F1B),990,,
16,機殼風扇｜機殼配件,聯力 LIAN LI 機殼風扇/配件,197,｛聯力 UNI FAN TL FLEX 120 反向扇 白｝有線+無線控制(選購)/LCP扇/3年(12RTL1F1W),990,,
16,機殼風扇｜機殼配件,聯力 LIAN LI 機殼風扇/配件,198,｛聯力 UNI FAN TL LCD FLEX 120 積木扇 黑｝無線控制(選購)/LCP扇/3年(12TLLCD1F1B),1499,,
16,機殼風扇｜機殼配件,聯力 LIAN LI 機殼風扇/配件,199,｛聯力 UNI FAN TL LCD FLEX 120 積木扇 白｝無線控制(選購)/LCP扇/3年(12TLLCD1F1W),1499,,
16,機殼風扇｜機殼配件,聯力 LIAN LI 機殼風扇/配件,200,｛聯力 UNI FAN TL LCD FLEX 120 反向扇 黑｝無線控制(選購)/LCP扇/3年(12RTLLCD1F1B),1499,,
16,機殼風扇｜機殼配件,聯力 LIAN LI 機殼風扇/配件,201,｛聯力 UNI FAN TL LCD FLEX 120 反向扇 白｝無線控制(選購)/LCP扇/3年(12RTLLCD1F1W),1499,,
16,機殼風扇｜機殼配件,聯力 LIAN LI 機殼風扇/配件,202,｛聯力 UNI FAN SL-INF FLEX 120 積木扇 黑｝有線+無線控制(選購)/3年(12SLIN1F1B),1049,,
16,機殼風扇｜機殼配件,聯力 LIAN LI 機殼風扇/配件,203,｛聯力 UNI FAN SL-INF FLEX 120 積木扇 白｝有線+無線控制(選購)/3年(12SLIN1F1W),1049,,
16,機殼風扇｜機殼配件,聯力 LIAN LI 機殼風扇/配件,204,｛聯力 UNI FAN SL-INF FLEX 120 反向扇 黑｝有線+無線控制(選購)/3年(12RSLIN1F1B),1049,,
16,機殼風扇｜機殼配件,聯力 LIAN LI 機殼風扇/配件,205,｛聯力 UNI FAN SL-INF FLEX 120 反向扇 白｝有線+無線控制(選購)/3年(12RSLIN1F1W),1049,,
16,機殼風扇｜機殼配件,聯力 LIAN LI 機殼風扇/配件,206,｛聯力 UNI FAN SL-INF LCD FLEX 120 積木扇 黑｝無線控制(選購)/3年(12SLIND1F1B),1599,,
16,機殼風扇｜機殼配件,聯力 LIAN LI 機殼風扇/配件,207,｛聯力 UNI FAN SL-INF LCD FLEX 120 積木扇 白｝無線控制(選購)/3年(12SLIND1F1W),1599,,
16,機殼風扇｜機殼配件,聯力 LIAN LI 機殼風扇/配件,208,｛聯力 UNI FAN SL-INF LCD FLEX 120 反向扇 黑｝無線控制(選購)/3年(12RSLIND1F1B),1599,,
16,機殼風扇｜機殼配件,聯力 LIAN LI 機殼風扇/配件,209,｛聯力 UNI FAN SL-INF LCD FLEX 120 反向扇 白｝無線控制(選購)/3年(12RSLIND1F1W),1599,,
16,機殼風扇｜機殼配件,聯力 LIAN LI 機殼風扇/配件,210,｛聯力 VG4-4-V2X 黑｝顯卡立架+PCI-E 4.0延長線/200mm,1599,,
16,機殼風扇｜機殼配件,聯力 LIAN LI 機殼風扇/配件,211,｛聯力 VG4-5-V4X 黑｝顯卡立架+PCI-E 5.0延長線/200mm/三段高度+前中後向傾斜,2299,,
16,機殼風扇｜機殼配件,聯力 LIAN LI 機殼風扇/配件,212,｛聯力 VG4-5-V4W 白｝顯卡立架+PCI-E 5.0延長線/200mm/三段高度+前中後向傾斜,2299,,
16,機殼風扇｜機殼配件,聯力 LIAN LI 機殼風扇/配件,213,｛聯力 PCI-E 5.0 延長線 黑｝200mm(PW-PCI-520X),1999,,
16,機殼風扇｜機殼配件,聯力 LIAN LI 機殼風扇/配件,214,｛聯力 O11DE-3X 黑｝擴充USB模組(O11 Dynamic EVO RGB 機殼專用),570,,
16,機殼風扇｜機殼配件,聯力 LIAN LI 機殼風扇/配件,215,｛聯力 O11DE-3W 白｝擴充USB模組(O11 Dynamic EVO RGB 機殼專用),570,,
16,機殼風扇｜機殼配件,酷碼 CoolerMaster 機殼風扇,217,｛酷碼 8 cm 長效Rifle風扇｝2000RPM/小3Pin(AH025-20R2-3AN),89,,
16,機殼風扇｜機殼配件,酷碼 CoolerMaster 機殼風扇,218,｛酷碼 12cm 長效Rifle風扇｝1800RPM/小3Pin(AL025-18R2-3AN),150,,
16,機殼風扇｜機殼配件,酷碼 CoolerMaster 機殼風扇,219,｛酷碼 MasterFan M120 ARGB 風扇｝鋁製框架+LCP扇葉/30mm厚扇/磁浮軸承/5年,590,,
16,機殼風扇｜機殼配件,酷碼 CoolerMaster 機殼風扇,220,｛酷碼 MasterFan A120 全鋁效能扇｝全鋁框架+扇葉/30mm厚扇/2500rpm/雙滾珠軸承/6年,890,,
16,機殼風扇｜機殼配件,酷碼 CoolerMaster 機殼風扇,221,｛酷碼 MasterFan MF120 Halo2 黑 風扇｝雙環A.RGB/PWM(MFL-B2DN-21NP2-R2),499,,
16,機殼風扇｜機殼配件,酷碼 CoolerMaster 機殼風扇,222,｛酷碼 MasterFan MF120 Halo2 黑 三顆裝+控制器｝雙環光/PWM(MFL-B2DN-213P2-R2),1790,,
16,機殼風扇｜機殼配件,酷碼 CoolerMaster 機殼風扇,223,｛酷碼 MasterFan MF120 Halo2 白 風扇｝雙環A.RGB/PWM(MFL-B2DW-21NP2-R2),499,,
16,機殼風扇｜機殼配件,酷碼 CoolerMaster 機殼風扇,224,｛酷碼 MasterFan MF120 Halo2 白 三顆裝+控制器｝雙環光/PWM(MFL-B2DW-213P2-R2),1790,,
16,機殼風扇｜機殼配件,酷碼 CoolerMaster 機殼風扇,225,｛酷碼 MasterFan MF140 Halo2 黑 風扇｝雙環A.RGB/PWM(MFL-B4DN-16NP2-R2),599,,
16,機殼風扇｜機殼配件,酷碼 CoolerMaster 機殼風扇,226,｛酷碼 MasterFan MF140 Halo2 白 風扇｝雙環A.RGB/PWM(MFL-B4DW-16NP2-R2),599,,
16,機殼風扇｜機殼配件,恩傑 NZXT 機殼風扇/配件【未列示型號請詢問】,228,｛NZXT 顯卡直立套件 黑｝內建PCI-E 4.0/220mm延長線(H5 /H7 /H9 機殼適用),2790,,
16,機殼風扇｜機殼配件,恩傑 NZXT 機殼風扇/配件【未列示型號請詢問】,229,｛NZXT 顯卡直立套件 白｝內建PCI-E 4.0/220mm延長線(H5 /H7 /H9 機殼適用),2790,,
16,機殼風扇｜機殼配件,恩傑 NZXT 機殼風扇/配件【未列示型號請詢問】,230,｛NZXT 風扇燈光控制器 3代｝5組RGB燈光+5組PWM/6+2Pin Pcie供電(AC-CRFR1-B1),1690,,
16,機殼風扇｜機殼配件,恩傑 NZXT 機殼風扇/配件【未列示型號請詢問】,231,｛NZXT 風扇專規接頭 1轉3｝(5V-3Pin) ARGB 同步線(同步華碩/微星/技嘉/免控制器),399,,
16,機殼風扇｜機殼配件,恩傑 NZXT 機殼風扇/配件【未列示型號請詢問】,232,｛NZXT F140 RGB DUO 黑｝14cm 單風扇包裝/2年【需搭配風扇燈光控制器】,990,,
16,機殼風扇｜機殼配件,恩傑 NZXT 機殼風扇/配件【未列示型號請詢問】,233,｛NZXT F240 RGB CORE 黑 一體式風扇｝2400RPM/PWM/5年(兼容5V-3Pin/NZXT CAM),1490,,
16,機殼風扇｜機殼配件,恩傑 NZXT 機殼風扇/配件【未列示型號請詢問】,234,｛NZXT F240 RGB CORE 白 一體式風扇｝2400RPM/PWM/5年(兼容5V-3Pin/NZXT CAM),1490,,
16,機殼風扇｜機殼配件,恩傑 NZXT 機殼風扇/配件【未列示型號請詢問】,235,｛NZXT F360 RGB CORE 黑 一體式風扇｝2400RPM/PWM/5年(兼容5V-3Pin/NZXT CAM),2190,,
16,機殼風扇｜機殼配件,恩傑 NZXT 機殼風扇/配件【未列示型號請詢問】,236,｛NZXT F360 RGB CORE 白 一體式風扇｝2400RPM/PWM/5年(兼容5V-3Pin/NZXT CAM),2190,,
16,機殼風扇｜機殼配件,海盜船 CORSAIR 機殼風扇/配件【未列示型號請詢問】,238,｛海盜船 iCUE LINK 600mm 連接線｝2年(CL-9011119),690,,
16,機殼風扇｜機殼配件,海盜船 CORSAIR 機殼風扇/配件【未列示型號請詢問】,239,｛海盜船 iCUE LINK 200mm 連接線(兩入)｝2年(CL-9011120),690,,
16,機殼風扇｜機殼配件,曜越 Thermaltake 機殼風扇/配件,241,｛曜越 CT120 ARGB 黑｝12cm風扇 /雙顆裝/可串聯模組線材/2000RPM/PWM/2年保,790,,
16,機殼風扇｜機殼配件,曜越 Thermaltake 機殼風扇/配件,242,｛曜越 CT120 ARGB 白｝12cm風扇 /雙顆裝/可串聯模組線材/2000RPM/PWM/2年保,790,,
16,機殼風扇｜機殼配件,曜越 Thermaltake 機殼風扇/配件,243,｛曜越 CT140 ARGB 黑｝14cm風扇 /雙顆裝/可串聯模組線材/1500RPM/PWM/2年保,890,,
16,機殼風扇｜機殼配件,曜越 Thermaltake 機殼風扇/配件,244,｛曜越 CT140 ARGB 白｝14cm風扇 /雙顆裝/可串聯模組線材/1500RPM/PWM/2年保,890,,
16,機殼風扇｜機殼配件,曜越 Thermaltake 機殼風扇/配件,245,｛曜越 3.9吋 LCD 液晶配件組｝(The Tower 250、300、600 機殼適用) 原價$3590！,2290,,
16,機殼風扇｜機殼配件,曜越 Thermaltake 機殼風扇/配件,246,｛曜越 Premium PCI-E 4.0 延長線｝130mm/90度/Tower 600適用/(AC-071-CO1OTN-C1),1490,,
16,機殼風扇｜機殼配件,貓頭鷹 Noctua 機殼風扇【保固六年】【未列示型號請詢問】,248,｛貓頭鷹 NF-F12 PWM｝12cm/SSO2 磁穩軸承/七葉扇/風流聚焦技術,795,,
16,機殼風扇｜機殼配件,貓頭鷹 Noctua 機殼風扇【保固六年】【未列示型號請詢問】,249,｛貓頭鷹 NF-F12 PWM chromax.black.swap｝12cm風扇(黑化+六色防震墊片),875,,
16,機殼風扇｜機殼配件,貓頭鷹 Noctua 機殼風扇【保固六年】【未列示型號請詢問】,250,｛貓頭鷹 NF-A12x15 PWM chromax.black.swap｝12cm(薄扇/黑化+六色防震墊片),965,,
16,機殼風扇｜機殼配件,貓頭鷹 Noctua 機殼風扇【保固六年】【未列示型號請詢問】,251,｛貓頭鷹 NF-A12x25 PWM｝12cm/2000RPM/SSO2 磁穩軸承/AAO優化,1185,,
16,機殼風扇｜機殼配件,貓頭鷹 Noctua 機殼風扇【保固六年】【未列示型號請詢問】,252,｛貓頭鷹 NF-A12x25 PWM chromax.black.swap｝12cm靜音扇(黑化+六色防震墊片),1225,,
16,機殼風扇｜機殼配件,貓頭鷹 Noctua 機殼風扇【保固六年】【未列示型號請詢問】,253,｛貓頭鷹 NF-A12x25 LS-PWM｝12cm/1200RPM/SSO2 磁穩軸承/AAO優化,1030,,
16,機殼風扇｜機殼配件,貓頭鷹 Noctua 機殼風扇【保固六年】【未列示型號請詢問】,254,｛貓頭鷹 NF-A12x25 G2 PWM｝12cm/1800RPM/etaPERF馬達/漸進式彎曲扇葉,1185,,
16,機殼風扇｜機殼配件,貓頭鷹 Noctua 機殼風扇【保固六年】【未列示型號請詢問】,255,｛貓頭鷹 NF-A12x25 G2 PWM chromax.black｝12cm/黑化版/1800RPM/漸進式彎曲扇葉,1185,,
16,機殼風扇｜機殼配件,貓頭鷹 Noctua 機殼風扇【保固六年】【未列示型號請詢問】,256,｛貓頭鷹 NF-A12x25 G2 PWM Sx2-PP｝12cm(A/B雙風扇組)/轉速偏移降噪技術,2200,,
16,機殼風扇｜機殼配件,貓頭鷹 Noctua 機殼風扇【保固六年】【未列示型號請詢問】,257,｛貓頭鷹 NF-A12x25 G2 PWM Sx2-PP chromax.black｝12cm(AB雙風扇)/黑化版/偏移降噪,2200,,
16,機殼風扇｜機殼配件,貓頭鷹 Noctua 機殼風扇【保固六年】【未列示型號請詢問】,258,｛貓頭鷹 NF-A12x25 G2 LS-PWM｝12cm/1100RPM/etaPERF馬達/漸進式彎曲扇葉,1185,,
16,機殼風扇｜機殼配件,貓頭鷹 Noctua 機殼風扇【保固六年】【未列示型號請詢問】,259,｛貓頭鷹 NF-A12x25 FLX｝12cm/SSO2 磁穩軸承/AAO優化/電源接頭(3-Pin),1170,,
16,機殼風扇｜機殼配件,貓頭鷹 Noctua 機殼風扇【保固六年】【未列示型號請詢問】,260,｛貓頭鷹 NF-S12A PWM｝12cm/SSO2 磁穩軸承/鋸齒型靜音扇,815,,
16,機殼風扇｜機殼配件,貓頭鷹 Noctua 機殼風扇【保固六年】【未列示型號請詢問】,261,｛貓頭鷹 NF-S12A FLX｝12cm/SSO2 磁穩軸承/防震靜音扇/三段轉速調整,815,,
16,機殼風扇｜機殼配件,貓頭鷹 Noctua 機殼風扇【保固六年】【未列示型號請詢問】,262,｛貓頭鷹 NF-A14 PWM｝14cm/SSO2 磁穩軸承/防震靜音扇,890,,
16,機殼風扇｜機殼配件,貓頭鷹 Noctua 機殼風扇【保固六年】【未列示型號請詢問】,263,｛貓頭鷹 NF-A14 PWM chromax.black.swap｝14cm/防震靜音扇(黑化+六色防震墊片),985,,
16,機殼風扇｜機殼配件,貓頭鷹 Noctua 機殼風扇【保固六年】【未列示型號請詢問】,264,｛貓頭鷹 NF-A14 FLX｝14cm/SSO2 磁穩軸承/防震靜音扇/三段轉速調整,890,,
16,機殼風扇｜機殼配件,貓頭鷹 Noctua 機殼風扇【保固六年】【未列示型號請詢問】,265,｛貓頭鷹 NF-A14x25 G2 PWM｝14cm/1500RPM/SSO2 磁穩軸承/AAO優化,1300,,
16,機殼風扇｜機殼配件,貓頭鷹 Noctua 機殼風扇【保固六年】【未列示型號請詢問】,266,｛貓頭鷹 NF-A14x25 G2 PWM chromax.black｝14cm/黑化版/1500RPM/SSO2 磁穩軸承,1300,,
16,機殼風扇｜機殼配件,貓頭鷹 Noctua 機殼風扇【保固六年】【未列示型號請詢問】,267,｛貓頭鷹 NF-A14x25 G2 PWM Sx2-PP｝14cm(AB雙風扇組)/轉速偏移降噪技術,2500,,
16,機殼風扇｜機殼配件,貓頭鷹 Noctua 機殼風扇【保固六年】【未列示型號請詢問】,268,｛貓頭鷹 NF-A14x25 G2 PWM Sx2-PP chromax.black｝ 14cm(AB雙風扇)/黑化版/偏移降噪,2500,,
16,機殼風扇｜機殼配件,轉接支架、擴充周邊,270,｛華碩 ROG Herculx 黑 顯示卡支撐架｝氣泡水平儀/ARGB燈效/2年(機殼需配置電源倉),1290,,
16,機殼風扇｜機殼配件,轉接支架、擴充周邊,271,｛華碩 ROG Herculx 白 顯示卡支撐架｝氣泡水平儀/ARGB燈效/2年(機殼需配置電源倉),1390,,
16,機殼風扇｜機殼配件,轉接支架、擴充周邊,272,｛酷碼 VGA Holder 顯卡用支架｝千斤頂顯卡支撐架(0005-KUH00),490,,
16,機殼風扇｜機殼配件,轉接支架、擴充周邊,273,｛酷碼 ARGB 強化玻璃 顯卡支撐架｝(MCA-U000R-GSBTG-00),790,,
16,機殼風扇｜機殼配件,轉接支架、擴充周邊,274,｛酷碼 ATLAS ARGB 顯卡支撐架｝無限鏡面強化玻璃/鋁製支架,1390,,
16,機殼風扇｜機殼配件,轉接支架、擴充周邊,275,｛微星 MPG ARGB 顯卡支撐架 黑｝磁吸式底座/90度可旋轉設計,790,,
16,機殼風扇｜機殼配件,轉接支架、擴充周邊,276,｛微星 MPG ARGB 顯卡支撐架 白｝磁吸式底座/90度可旋轉設計,790,,
16,機殼風扇｜機殼配件,轉接支架、擴充周邊,277,｛銀欣 SST-PP08B｝SFX(SFX-L) 轉 ATX 標準電源供應器/轉接架,199,,
16,機殼風扇｜機殼配件,轉接支架、擴充周邊,278,Mavoly MS-01 2.5轉3.5 SSD硬碟轉接架/鐵製,99,,
16,機殼風扇｜機殼配件,控制器、集線器、分接線,280,｛華碩 TUF Gaming ARGB PWM 風扇集線器｝1分6/磁吸式/運作指示燈/雙SATA供電,459,,
16,機殼風扇｜機殼配件,控制器、集線器、分接線,281,｛酷碼 ARGB and PWM HUB｝1分6/磁吸式/SATA供電(MFX-ZHHN-1NNN6-R1),380,,
16,機殼風扇｜機殼配件,控制器、集線器、分接線,282,｛酷碼 ARGB Gen2 控制器 A1｝向下相容/支援MasterPlus+軟體(MFY-ACBN-NNUNN-R2),690,,
16,機殼風扇｜機殼配件,控制器、集線器、分接線,283,｛darkFlash RC2 控制器｝1分6(A.RGB 3Pin/5V/PWM)SATA供電(連接Reset鍵切換),349,,
16,機殼風扇｜機殼配件,控制器、集線器、分接線,284,｛銀欣 1分4 A.RGB 連接線｝300mm/薄型扁線/(SST-CPL03),125,,
16,機殼風扇｜機殼配件,控制器、集線器、分接線,285,｛銀欣 1轉3 PWM 風扇電源擴充線｝100mm(SST-CPF02),120,,
16,機殼風扇｜機殼配件,控制器、集線器、分接線,286,｛NZXT Internal USB Hub-M3｝內接式USB集線器/4組內部9pin擴充/SATA供電,790,,
16,機殼風扇｜機殼配件,控制器、集線器、分接線,287,｛喬思伯 H4 USB HUB｝USB 2.0*4 集線器/磁吸式/鋁製銘牌/SATA供電,590,,
16,機殼風扇｜機殼配件,RGB燈條、發光套件,289,｛利民 Trofeo Vision LCD White 數位螢幕｝6.86吋/1280*480/磁吸式/USB介面可外接/一年,1590,,
16,機殼風扇｜機殼配件,RGB燈條、發光套件,290,｛微星 MAG VIEW XPANDER 12(黑) 副螢幕｝12.3吋/1920*720/USB介面可外接/一年,3090,,
16,機殼風扇｜機殼配件,RGB燈條、發光套件,291,｛微星 MAG VIEW XPANDER 12(白) 副螢幕｝12.3吋/1920*720/USB介面可外接/一年,3090,,
16,機殼風扇｜機殼配件,RGB燈條、發光套件,292,｛威剛 XPG PRIME ARGB 燈條｝60cm/二入/30顆5050LED/內含控制器/可串接,790,,
16,機殼風扇｜機殼配件,RGB燈條、發光套件,293,｛Phanteks NEON A.RGB 燈條/55cm｝可串接(PH-NELEDKT-M5),449,,
16,機殼風扇｜機殼配件,RGB燈條、發光套件,295,｛聯力 L-Wireless 無線控制器 黑｝聯力 Wireless系列 發光線/ SL/ TL風扇適用(RF-T),480,,
16,機殼風扇｜機殼配件,RGB燈條、發光套件,296,｛聯力 L-Wireless 無線控制器 白｝聯力 Wireless系列 發光線/ SL/ TL風扇適用(RF-T),480,,
16,機殼風扇｜機殼配件,RGB燈條、發光套件,297,｛聯力 8.8吋 萬用螢幕 黑｝1920*480/USB介面/內外接安裝/支援副螢幕+離線時鐘/一年,2299,,
16,機殼風扇｜機殼配件,RGB燈條、發光套件,298,｛聯力 8.8吋 萬用螢幕 白｝1920*480/USB介面/內外接安裝/支援副螢幕+離線時鐘/一年,2299,,
16,機殼風扇｜機殼配件,RGB燈條、發光套件,299,【發光線】聯力 Strimer Wireless 24-PIN 發光線｛PW24-1W｝需搭配控制器,1800,,
16,機殼風扇｜機殼配件,RGB燈條、發光套件,300,【發光線】聯力 Strimer Wireless GPU 2x8-PIN 發光線｛PW8-1W｝需搭配控制器,1400,,
16,機殼風扇｜機殼配件,RGB燈條、發光套件,301,【發光線】聯力 Strimer Wireless CPU 2×8-PIN 發光線｛PW8-1W-CPU｝需搭配控制器,1400,,
16,機殼風扇｜機殼配件,RGB燈條、發光套件,302,【發光線】聯力 Strimer Wireless 16-12 發光線/12+4PIN｛PW16-121W｝需搭配控制器,1800,,
16,機殼風扇｜機殼配件,RGB燈條、發光套件,303,【發光線】喬思伯 DY-2(24Pin) ARGB 延長線/雙面光效/3pin(5V),1290,,
16,機殼風扇｜機殼配件,RGB燈條、發光套件,304,【發光線】喬思伯 DY-2(2*8Pin(6+2)) ARGB 延長線/雙面光效/3pin(5V),1290,,熱賣
16,機殼風扇｜機殼配件,RGB燈條、發光套件,305,【發光線】喬思伯 DY-2(12+4Pin) ARGB 延長線/3x8轉12+4Pin/雙面光效/3pin(5V),1290,,
16,機殼風扇｜機殼配件,RGB燈條、發光套件,306,【發光線】喬思伯 DY-2(GPU H++) ARGB 延長線/12+4Pin公母/雙面光效/3pin(5V),1290,,
16,機殼風扇｜機殼配件,RGB燈條、發光套件,307,｛喬思伯 DS916 黑 副螢幕｝9.16吋/1920*462/USB介面/需搭配風扇固定/一年,2190,,
16,機殼風扇｜機殼配件,RGB燈條、發光套件,308,｛喬思伯 DS916 白 副螢幕｝9.16吋/1920*462/USB介面/需搭配風扇固定/一年,2190,,
16,機殼風扇｜機殼配件,PCIe 延長排線、顯示卡轉接架,310,｛酷碼 PCI-E 4.0 X16 延長線 V2 白色/300mm｝90度/抗干擾(MCA-U002R-WPCI40-300),1390,,
16,機殼風扇｜機殼配件,PCIe 延長排線、顯示卡轉接架,311,｛酷碼 PCI-E 5.0 X16 延長線 黑 200mm｝90度/抗電磁干擾(MCA-U000C-KPCI50-200),1790,,
16,機殼風扇｜機殼配件,PCIe 延長排線、顯示卡轉接架,312,｛酷碼 PCI-E 5.0 X16 延長線 白/200mm｝90度/抗電磁干擾(MCA-U000C-WPCI50-200),1790,,
16,機殼風扇｜機殼配件,PCIe 延長排線、顯示卡轉接架,313,｛酷碼 PCI-E 5.0 X16 延長線 黑/300mm｝90度/抗電磁干擾(MCA-U000C-KPCI50-300),2090,,
16,機殼風扇｜機殼配件,PCIe 延長排線、顯示卡轉接架,314,｛酷碼 PCI-E 5.0 X16 延長線 白/300mm｝90度/抗電磁干擾(MCA-U000C-WPCI50-300),2090,,
16,機殼風扇｜機殼配件,PCIe 延長排線、顯示卡轉接架,315,"｛酷碼 通用型垂直顯卡支架套件 V3(PCIe 4.0) 黑色｝X,Z軸雙向調整(MCA-U000R-KFVK03)",1590,,
16,機殼風扇｜機殼配件,PCIe 延長排線、顯示卡轉接架,316,"｛酷碼 通用型垂直顯卡支架套件 ARGB版(PCIe 4.0)｝X,Z軸雙向(MCA-U004R-AVGBST-00)",1790,,
16,機殼風扇｜機殼配件,PCIe 延長排線、顯示卡轉接架,317,"｛酷碼 通用型垂直顯卡支架套件 V3(PCIe 5.0) 黑色｝X,Z軸雙向調整(MCA-U000C-KFVK03)",1990,,
16,機殼風扇｜機殼配件,PCIe 延長排線、顯示卡轉接架,318,"｛酷碼 通用型垂直顯卡支架套件 V3(PCIe 5.0) 白色｝X,Z軸雙向調整(MCA-U000C-WFVK03)",1990,,
16,機殼風扇｜機殼配件,PCIe 延長排線、顯示卡轉接架,319,｛Montech VGM 2 直立式顯卡套件 白｝通用型/含PCI-E 4.0延長線/200mm,1790,,
16,機殼風扇｜機殼配件,PCIe 延長排線、顯示卡轉接架,320,｛Antec 顯示卡直立套件 黑｝基本款 含PCI-E 5.0延長線/200mm/1年保,1790,,
16,機殼風扇｜機殼配件,PCIe 延長排線、顯示卡轉接架,321,｛Antec 顯示卡直立套件 白｝基本款 含PCI-E 5.0延長線/200mm/1年保,1790,,
16,機殼風扇｜機殼配件,PCIe 延長排線、顯示卡轉接架,322,Phanteks PCI-E 4.0 X16 90度延長線/黑色/220mm｛PH-CBRS4.0_FL22｝,1890,,
16,機殼風扇｜機殼配件,PCIe 延長排線、顯示卡轉接架,323,Phanteks PCI-E 4.0 X16 90度延長線/白色/220mm｛PH-CBRS4.0_FL22_WT01｝,1890,,
16,機殼風扇｜機殼配件,PCIe 延長排線、顯示卡轉接架,324,Phanteks PCI-E 4.0 X16 90度延長線/黑色/600mm｛PH-CBRS4.0_FL60_BK01｝,2190,,
16,機殼風扇｜機殼配件,PCIe 延長排線、顯示卡轉接架,325,Phanteks 通用型顯卡直立套件 白(PCI-E 4.0)/220mm｛PH-VGPUKT4.0_03R_WT｝,1590,,
16,機殼風扇｜機殼配件,PCIe 延長排線、顯示卡轉接架,326,Phanteks Premium 顯卡直立套件 白(PCI-E 4.0)/30度可旋轉設計｛PGPUKT4.0_DWT01｝,1990,,
16,機殼風扇｜機殼配件,PCIe 延長排線、顯示卡轉接架,327,Phanteks Premium 顯卡直立套件 黑(PCI-E 5.0)/30度可旋轉設計｛PGPUKT5.0_DBK01｝,2490,,
16,機殼風扇｜機殼配件,PCIe 延長排線、顯示卡轉接架,328,Phanteks Premium 顯卡直立套件 白(PCI-E 5.0)/30度可旋轉設計｛PGPUKT5.0_DWT01｝,2490,,
16,機殼風扇｜機殼配件,PCIe 延長排線、顯示卡轉接架,329,｛喬思伯 A50 灰 顯卡垂直支架｝通用型/PCI-E 5.0/175mm/3mm鋁合金/1年保,2290,,
16,機殼風扇｜機殼配件,PCIe 延長排線、顯示卡轉接架,330,｛喬思伯 A50 白 顯卡垂直支架｝通用型/PCI-E 5.0/175mm/3mm鋁合金/1年保,2290,,
16,機殼風扇｜機殼配件,火鳥 BitFenix 電源供應器線材,332,BitFenix Alchemy 6+2pin PCIe(黑) 鋁製理線梳延長線/45cm/高密度編織線,390,,
16,機殼風扇｜機殼配件,銀欣 SilverStone 電源供應器線材【客訂】,334,銀欣 SST-PP10 雙電供串接啟動線/(雙24pin母頭+單24pin公頭)【客訂】,320,,
16,機殼風扇｜機殼配件,銀欣 SilverStone 電源供應器線材【客訂】,335,銀欣 8pin to EPS12V 30CM/8pin(4+4)接頭/電源延長線(黑)/相容所有電源供應器,220,,
16,機殼風扇｜機殼配件,銀欣 SilverStone 電源供應器線材【客訂】,336,銀欣 8pin to EPS12V 30CM/8pin(4+4)接頭/電源延長線(白)/相容所有電源供應器,220,,
16,機殼風扇｜機殼配件,銀欣 SilverStone 電源供應器線材【客訂】,337,銀欣 24pin to MB-24pin 30CM/ATX接頭/電源延長線(黑)/相容所有電源供應器,320,,
16,機殼風扇｜機殼配件,銀欣 SilverStone 電源供應器線材【客訂】,338,銀欣 24pin to MB-24pin 30CM/ATX接頭/電源延長線(白)/相容所有電源供應器,320,,
16,機殼風扇｜機殼配件,銀欣 SilverStone 電源供應器線材【客訂】,339,銀欣 8pin to PCI-E 8pin 25CM/8pin(6+2)接頭/電源延長線(黑)/相容所有電源供應器,220,,
16,機殼風扇｜機殼配件,銀欣 SilverStone 電源供應器線材【客訂】,340,銀欣 8pin to PCI-E 8pin 25CM/8pin(6+2)接頭/電源延長線(白)/相容所有電源供應器,220,,
16,機殼風扇｜機殼配件,曜越 Thermaltake 電源供應器編織線 【客訂】,342,曜越 TtMod 高密度編織線/內含理線梳/延長線組合包/線規16AWG (共有9色 請詢問),1590,,
17,鍵盤+鼠｜搖桿｜桌+椅,【周邊活動熱賣專區】,2,｛華碩 ROG Falchion Ace HFX ZywOo Edition｝磁軸電競鍵盤/有線/英文/8000Hz,5490,,熱賣
17,鍵盤+鼠｜搖桿｜桌+椅,【周邊活動熱賣專區】,3,｛華碩 ROG Falcata｝分離式磁軸電競鍵盤/有線8k/無線8k/藍牙/75%/HFX V2磁軸/,7990,,熱賣 酷幣300
17,鍵盤+鼠｜搖桿｜桌+椅,【周邊活動熱賣專區】,5,｛華碩 ROG Falchion Ace HFX｝65% 磁軸鍵盤/有線/8000Hz輪詢率/五層消音結構,5490,,熱賣 酷幣300
17,鍵盤+鼠｜搖桿｜桌+椅,【周邊活動熱賣專區】,6,｛華碩 ROG Falchion Ace 75 HE｝磁軸鍵盤(黑)/有線/8000Hz/V2磁軸/霍爾感應器/六層消音結構,7490,,熱賣 酷幣300
17,鍵盤+鼠｜搖桿｜桌+椅,【周邊活動熱賣專區】,8,｛亞碩 GM37 標準版 電競椅-網椅+亞碩 GM37-S 標準版 電競椅-網椅(組合優惠),8990,,熱賣
17,鍵盤+鼠｜搖桿｜桌+椅,【周邊活動熱賣專區】,9,｛Cherry Mx8.2 Pro TMR TKL｝三模鍵盤(黑)/有線/無線/藍牙/8kHZ/魔晶磁軸/熱插拔/Rgb,5490,,熱賣
17,鍵盤+鼠｜搖桿｜桌+椅,【周邊活動熱賣專區】,10,｛Cherry Mx8.2 Pro TMR TKL｝三模鍵盤(白)/有線/無線/藍牙/8kHZ/魔晶磁軸/熱插拔/Rgb,5490,,熱賣
17,鍵盤+鼠｜搖桿｜桌+椅,【周邊活動熱賣專區】,11,｛Keychron V5 Max｝QMK 無線機械式鍵盤(白色)/2.4g/藍牙/紅軸/中文/96%/熱插拔/Rgb,2490,,熱賣
17,鍵盤+鼠｜搖桿｜桌+椅,【周邊活動熱賣專區】,13,｛Keychron V5 Max｝QMK 無線機械式鍵盤(白色)/2.4g/藍牙/茶軸/中文/96%/熱插拔/Rgb,2490,,熱賣
17,鍵盤+鼠｜搖桿｜桌+椅,【周邊活動熱賣專區】,15,｛Keychron V5 Max｝QMK 無線機械式鍵盤(白色)/2.4g/藍牙/香蕉軸/中文/96%/熱插拔/Rgb,2490,,熱賣
17,鍵盤+鼠｜搖桿｜桌+椅,【周邊活動熱賣專區】,17,｛Cougar Speeder Elite｝電競椅-人體工學椅/透氣網布/3D扶手/瀑布式坐墊設計,7990,,熱賣
17,鍵盤+鼠｜搖桿｜桌+椅,【周邊活動熱賣專區】,19,｛海盜船 K70 Core Se｝ 機械式鍵盤(白)/有線/線性紅軸/中文/自定義多功能旋鈕/Rgb,1890,,熱賣
17,鍵盤+鼠｜搖桿｜桌+椅,【超級CP電競組合包】,21,微星 超值三件組組合包(GK30鍵盤+GM08滑鼠+GD21鼠墊)原價2219,1190,,熱賣
17,鍵盤+鼠｜搖桿｜桌+椅,【超級CP電競組合包】,22,亞碩(Power Master)超優質組合套餐(Km-11天蠍座 +G502 滑鼠鼠墊組)原價1980,1190,,熱賣
17,鍵盤+鼠｜搖桿｜桌+椅,【超級CP電競組合包】,23,微星 優質三件組組合包(GK20鍵盤+GM320滑鼠+GD21鼠墊)原價2219,1390,,熱賣
17,鍵盤+鼠｜搖桿｜桌+椅,【超級CP電競組合包】,24,Razer 電競組合包(Ornata V3X 鍵盤+Essential 滑鼠+BlackShark V2 X 耳機)原價4929,2490,,熱賣
17,鍵盤+鼠｜搖桿｜桌+椅,【超級CP電競組合包】,25,微星 戰略組合包(GK20鍵盤+Versa 300無線滑鼠+GD21鼠墊+Maestro 300耳機)原價5109,2890,,熱賣
17,鍵盤+鼠｜搖桿｜桌+椅,【超級CP電競組合包】,26,華碩 TUF電競組合(K3 Gen II青軸鍵盤+M4 Wireless無線滑鼠+H1 Gen II耳麥)原價5670,3890,,熱賣
17,鍵盤+鼠｜搖桿｜桌+椅,【超級CP電競組合包】,27,華碩 ROG暑期電競組合(Scope II X青軸鍵盤+Harpe Mini Core滑鼠+Delta S Core耳麥)原價8370,5555,,熱賣
17,鍵盤+鼠｜搖桿｜桌+椅,【超級CP電競組合包】,28,Razer Minecraft 組合包(BlackWidow V4 X鍵盤+Cobra滑鼠+Gigantus(中)鼠墊+Kraken V4 X耳機),9660,,熱賣
17,鍵盤+鼠｜搖桿｜桌+椅,【超級CP電競組合包】,29,Razer CS2 組合包(Huntsman V3 Pro鍵盤+Viper V3 Pro滑鼠+Gigantus(大)鼠墊)原價16490,11990,,熱賣
17,鍵盤+鼠｜搖桿｜桌+椅,【超值入門款鍵盤滑鼠組】,31,｛Ktnet V12｝鵰光鍵影鍵鼠組/有線/雙USB,239,,
17,鍵盤+鼠｜搖桿｜桌+椅,【超值入門款鍵盤滑鼠組】,32,｛Ktnet Z7 2.4G｝無線鍵鼠組/10M傳輸距離/大Enter/中文/三種省電休眠模式,399,,熱賣
17,鍵盤+鼠｜搖桿｜桌+椅,【超值入門款鍵盤滑鼠組】,33,｛Ktnet V20｝機械手感懸浮鍵鼠組/薄膜鍵盤/輕按鍵低噪音/高低調整腳座,359,,
17,鍵盤+鼠｜搖桿｜桌+椅,【超值入門款鍵盤滑鼠組】,34,｛Ktnet SL500 LED｝彩漾遊戲發光鍵盤/有線/懸浮高鍵帽/薄膜/無邊框設計,399,,
17,鍵盤+鼠｜搖桿｜桌+椅,【超值入門款鍵盤滑鼠組】,35,立光｛梭哈手 MK4｝人體工學鍵盤滑鼠組/中文輸入/超薄機身/UV耐磨/靜音設計,399,,熱賣
17,鍵盤+鼠｜搖桿｜桌+椅,【超值入門款鍵盤滑鼠組】,36,｛技嘉 Km6300｝鍵鼠組/有線/雙Usb/時尚造型超薄鍵盤/10個多媒體按鍵,299,,
17,鍵盤+鼠｜搖桿｜桌+椅,【超值入門款鍵盤滑鼠組】,37,｛華碩 U2000-C｝鍵鼠組/有線/雙USB/內建多媒體熱鍵/隨插即用/多COPILOT鍵,549,,
17,鍵盤+鼠｜搖桿｜桌+椅,【超值入門款鍵盤滑鼠組】,38,(任搭優惠)華碩 U2000-C 鍵鼠組/有線/雙USB/內建多媒體熱鍵/隨插即用/多COPILOT鍵,399,,熱賣 搭板專案
17,鍵盤+鼠｜搖桿｜桌+椅,【超值入門款鍵盤滑鼠組】,39,｛華碩 CW100-C｝無線鍵鼠組/2.4g/纖薄輕巧/中文/靜音滑鼠/多COPILOT鍵,849,,
17,鍵盤+鼠｜搖桿｜桌+椅,【超值入門款鍵盤滑鼠組】,40,(任搭優惠)華碩 CW100-C 無線鍵鼠組/2.4g/纖薄輕巧/中文/靜音滑鼠/多COPILOT鍵,599,,熱賣 搭板專案
17,鍵盤+鼠｜搖桿｜桌+椅,Ducky One X 系列,42,｛Ducky One X｝三模機械式鍵盤(黑)/有線-無線-藍牙/線性電感軸/英文/網頁操控/七層減震,5890,,熱賣
17,鍵盤+鼠｜搖桿｜桌+椅,Ducky One X 系列,43,｛Ducky One X｝三模機械式鍵盤(白)/有線-無線-藍牙/線性電感軸/英文/網頁操控/七層減震,5890,,熱賣
17,鍵盤+鼠｜搖桿｜桌+椅,Ducky One X 系列,44,｛Ducky One X 60%｝三模機械式鍵盤(黑)/有線-無線-藍牙/線性電感軸/英文/網頁操控/七層減震,4590,,熱賣
17,鍵盤+鼠｜搖桿｜桌+椅,Ducky One X 系列,45,｛Ducky One X 60%｝三模機械式鍵盤(白)/有線-無線-藍牙/線性電感軸/英文/網頁操控/七層減震,4590,,熱賣
17,鍵盤+鼠｜搖桿｜桌+椅,Ducky OK-M 系列,47,｛Ducky OK-M-75｝三模鍵盤 有線/無線/藍牙/KTT段落軸/中文/VIA 軟體支援/插拔軸/側邊Rgb,2090,,熱賣
17,鍵盤+鼠｜搖桿｜桌+椅,Ducky OK-M 系列,48,｛Ducky OK-M-75｝三模鍵盤 有線/無線/藍牙/KTT線性軸/中文/VIA 軟體支援/插拔軸/側邊Rgb,2090,,熱賣
17,鍵盤+鼠｜搖桿｜桌+椅,Ducky OK-M 系列,49,｛Ducky OK-M-98｝三模鍵盤 有線/無線/藍牙/KTT段落軸/中文/VIA 軟體支援/插拔軸/側邊Rgb,2290,,熱賣
17,鍵盤+鼠｜搖桿｜桌+椅,Ducky OK-M 系列,50,｛Ducky OK-M-98｝三模鍵盤 有線/無線/藍牙/KTT線性軸/中文/VIA 軟體支援/插拔軸/側邊Rgb,2290,,
17,鍵盤+鼠｜搖桿｜桌+椅,Ducky Origin 系列 機械式鍵盤 【台灣製造】,52,｛Ducky Origin｝復古色 機械式鍵盤 有線/茶軸/中文/Pbt/復古/灰蓋/Vintage,1590,,熱賣
17,鍵盤+鼠｜搖桿｜桌+椅,Ducky Origin 系列 機械式鍵盤 【台灣製造】,53,｛Ducky Origin｝復古色 機械式鍵盤 有線/青軸/中文/Pbt/復古/灰蓋/Vintage,1590,,熱賣
17,鍵盤+鼠｜搖桿｜桌+椅,Ducky Origin 系列 機械式鍵盤 【台灣製造】,54,｛Ducky Origin｝復古色 機械式鍵盤 有線/紅軸/中文/Pbt/復古/灰蓋/Vintage,1590,,熱賣
17,鍵盤+鼠｜搖桿｜桌+椅,Ducky Origin 系列 機械式鍵盤 【台灣製造】,55,｛Ducky Origin｝復古色 機械式鍵盤 有線/銀軸/中文/Pbt/復古/灰蓋/Vintage,1590,,熱賣
17,鍵盤+鼠｜搖桿｜桌+椅,Ducky Origin 系列 機械式鍵盤 【台灣製造】,56,｛Ducky Origin｝復古色 機械式鍵盤 有線/靜音紅軸/中文/Pbt/復古/灰蓋/Vintage,1690,,熱賣
17,鍵盤+鼠｜搖桿｜桌+椅,Ducky Origin 系列 機械式鍵盤 【台灣製造】,57,｛Ducky Origin｝天際線 機械式鍵盤 有線/茶軸/中文/Pbt/二色/灰蓋/Skyline,1590,,熱賣
17,鍵盤+鼠｜搖桿｜桌+椅,Ducky Origin 系列 機械式鍵盤 【台灣製造】,58,｛Ducky Origin｝天際線 機械式鍵盤 有線/青軸/中文/Pbt/二色/灰蓋/Skyline,1590,,熱賣
17,鍵盤+鼠｜搖桿｜桌+椅,Ducky Origin 系列 機械式鍵盤 【台灣製造】,59,｛Ducky Origin｝天際線 機械式鍵盤 有線/紅軸/中文/Pbt/二色/灰蓋/Skyline,1590,,熱賣
17,鍵盤+鼠｜搖桿｜桌+椅,Ducky Origin 系列 機械式鍵盤 【台灣製造】,60,｛Ducky Origin｝天際線 機械式鍵盤 有線/銀軸/中文/Pbt/二色/灰蓋/Skyline,1590,,熱賣
17,鍵盤+鼠｜搖桿｜桌+椅,Ducky Origin 系列 機械式鍵盤 【台灣製造】,61,｛Ducky Origin｝天際線 機械式鍵盤 有線/靜音紅軸/中文/Pbt/二色/灰蓋/Skyline,1690,,熱賣
17,鍵盤+鼠｜搖桿｜桌+椅,Ducky Origin 系列 機械式鍵盤 【台灣製造】,62,｛Ducky Origin｝馬卡龍 機械式鍵盤 茶軸/中文/Pbt/二色/粉紫蓋/馬卡龍,1590,,熱賣
17,鍵盤+鼠｜搖桿｜桌+椅,Ducky Origin 系列 機械式鍵盤 【台灣製造】,63,｛Ducky Origin｝馬卡龍 機械式鍵盤 青軸/中文/Pbt/二色/粉紫蓋/馬卡龍,1590,,熱賣
17,鍵盤+鼠｜搖桿｜桌+椅,Ducky Origin 系列 機械式鍵盤 【台灣製造】,64,｛Ducky Origin｝馬卡龍 機械式鍵盤 紅軸/中文/Pbt/二色/粉紫蓋/馬卡龍,1590,,熱賣
17,鍵盤+鼠｜搖桿｜桌+椅,Ducky Origin 系列 機械式鍵盤 【台灣製造】,65,｛Ducky Origin｝馬卡龍 機械式鍵盤 銀軸/中文/Pbt/二色/粉紫蓋/馬卡龍,1590,,熱賣
17,鍵盤+鼠｜搖桿｜桌+椅,Ducky Origin 系列 機械式鍵盤 【台灣製造】,66,｛Ducky Origin｝馬卡龍 機械式鍵盤 靜音紅軸/中文/Pbt/二色/粉紫蓋/馬卡龍,1690,,熱賣
17,鍵盤+鼠｜搖桿｜桌+椅,華碩 ROG/TUF 鍵盤,68,｛華碩 Tuf Gaming K3｝機械式鍵盤/有線/青軸/中文/RGB/磁性腕托/鋁合金框架,1990,,酷幣100
17,鍵盤+鼠｜搖桿｜桌+椅,華碩 ROG/TUF 鍵盤,69,｛華碩 Tuf Gaming K3 Gen II｝機械式鍵盤/有線/光軸(青)/中文/96%配置/吸音棉減震墊,2490,,酷幣200
17,鍵盤+鼠｜搖桿｜桌+椅,華碩 ROG/TUF 鍵盤,70,｛華碩 Tuf Gaming K3 Gen II｝機械式鍵盤/有線/光軸(紅)/中文/96%配置/吸音棉減震墊,2490,,酷幣200
17,鍵盤+鼠｜搖桿｜桌+椅,華碩 ROG/TUF 鍵盤,71,｛華碩 Tuf Gaming K4 75%｝磁軸鍵盤(黑)/有線8k/磁軸/中文/熱插拔/五層消音結構,3190,,
17,鍵盤+鼠｜搖桿｜桌+椅,華碩 ROG/TUF 鍵盤,72,｛華碩 Tuf Gaming K4 75%｝磁軸鍵盤(白)/有線8k/磁軸/中文/熱插拔/五層消音結構,3190,,
17,鍵盤+鼠｜搖桿｜桌+椅,華碩 ROG/TUF 鍵盤,73,｛華碩 ROG Falchion RX LP｝65％三模機械式/有線/無線/藍牙/青軸矮軸/中文/Omni接收器,4990,,熱賣 酷幣300
17,鍵盤+鼠｜搖桿｜桌+椅,華碩 ROG/TUF 鍵盤,74,｛華碩 ROG Falchion RX LP｝65％三模機械式/有線/無線/藍牙/紅軸矮軸/中文/Omni接收器,4990,,熱賣 酷幣300
17,鍵盤+鼠｜搖桿｜桌+椅,華碩 ROG/TUF 鍵盤,75,｛華碩 ROG Falchion Ace HFX｝65% 磁軸鍵盤/有線/8000Hz輪詢率/五層消音結構,5490,,熱賣 酷幣300
17,鍵盤+鼠｜搖桿｜桌+椅,華碩 ROG/TUF 鍵盤,76,｛華碩 ROG Falchion Ace 75 HE｝磁軸鍵盤(黑)/有線/8000Hz/V2磁軸/霍爾感應器/六層消音結構,7490,,熱賣 酷幣300
17,鍵盤+鼠｜搖桿｜桌+椅,華碩 ROG/TUF 鍵盤,78,｛華碩 ROG Falchion Ace 75 HE｝磁軸鍵盤(白)/有線/8000Hz/V2磁軸/霍爾感應器/六層消音結構,7490,,熱賣 酷幣300
17,鍵盤+鼠｜搖桿｜桌+椅,華碩 ROG/TUF 鍵盤,80,｛華碩 ROG Falchion Ace 75 HE｝磁軸鍵盤(紅)/有線/8000Hz/V2磁軸/霍爾感應器/六層消音結構,7490,,酷幣300
17,鍵盤+鼠｜搖桿｜桌+椅,華碩 ROG/TUF 鍵盤,82,｛華碩 ROG Falchion Ace 75 HE｝磁軸鍵盤(黑)/有線/8000Hz/V2X磁軸/霍爾感應器/六層消音結構,7490,,熱賣 酷幣300
17,鍵盤+鼠｜搖桿｜桌+椅,華碩 ROG/TUF 鍵盤,84,｛華碩 ROG Falchion Ace 75 HE｝磁軸鍵盤(白)/有線/8000Hz/V2X磁軸/霍爾感應器/六層消音結構,7490,,熱賣 酷幣300
17,鍵盤+鼠｜搖桿｜桌+椅,華碩 ROG/TUF 鍵盤,86,｛華碩 ROG Falchion Ace 75 HE｝磁軸鍵盤(紅)/有線/8000Hz/V2X磁軸/霍爾感應器/六層消音結構,7490,,酷幣300
17,鍵盤+鼠｜搖桿｜桌+椅,華碩 ROG/TUF 鍵盤,88,｛華碩 ROG Falcata｝分離式磁軸電競鍵盤/有線8k/無線8k/藍牙/75%/HFX V2磁軸,7990,,熱賣 酷幣300
17,鍵盤+鼠｜搖桿｜桌+椅,華碩 ROG/TUF 鍵盤,90,｛華碩 ROG Strix Scope II Rx｝機械式/有線/光軸(紅)/中文/防水防塵/矽膠墊/Rgb,3490,,酷幣300
17,鍵盤+鼠｜搖桿｜桌+椅,華碩 ROG/TUF 鍵盤,91,｛華碩 ROG Strix Scope II Rx｝機械式/有線/光軸(青)/中文/防水防塵/矽膠墊/Rgb,3490,,酷幣300
17,鍵盤+鼠｜搖桿｜桌+椅,華碩 ROG/TUF 鍵盤,92,｛華碩 ROG Strix Scope II Rx｝機械式鍵盤+ROG Harpe Mini Core 電競滑鼠(原價$4980),4320,,熱賣 酷幣300
17,鍵盤+鼠｜搖桿｜桌+椅,華碩 ROG/TUF 鍵盤,93,｛華碩 ROG Strix Scope II X｝機械式鍵盤/有線/Nx Snow V2軸(紅)/熱插拔/消音矽膠墊/Rgb,2990,,酷幣200
17,鍵盤+鼠｜搖桿｜桌+椅,華碩 ROG/TUF 鍵盤,94,｛華碩 ROG Strix Scope II X｝機械式鍵盤/有線/Nx Storm V2軸(青)/熱插拔/消音矽膠墊/Rgb,2990,,酷幣200
17,鍵盤+鼠｜搖桿｜桌+椅,華碩 ROG/TUF 鍵盤,95,｛華碩 ROG Strix Scope II X｝機械式鍵盤+ROG Harpe Mini Core 電競滑鼠(原價$4480),3820,,熱賣 酷幣300
17,鍵盤+鼠｜搖桿｜桌+椅,華碩 ROG/TUF 鍵盤,96,｛華碩 ROG Strix Morph 96｝三模鍵盤 有線/無線/藍牙/Nx Snow V2軸/中文/控制旋鈕,4590,,熱賣 酷幣300
17,鍵盤+鼠｜搖桿｜桌+椅,華碩 ROG/TUF 鍵盤,98,｛華碩 ROG Strix Morph 96｝三模鍵盤 有線/無線/藍牙/Nx Storm V2軸/中文/控制旋鈕,4590,,熱賣 酷幣300
17,鍵盤+鼠｜搖桿｜桌+椅,華碩 ROG/TUF 鍵盤,100,｛華碩 ROG Strix Scope II 96｝三模機械式(黑)有線/2.4G/藍牙/Snow軸(紅)/中文/熱插拔/96%,5490,,酷幣300
17,鍵盤+鼠｜搖桿｜桌+椅,華碩 ROG/TUF 鍵盤,102,｛華碩 ROG Strix Scope II 96｝三模機械式(黑)有線/2.4G/藍牙/Storm軸(青)/中文/熱插拔/96%,5490,,酷幣300
17,鍵盤+鼠｜搖桿｜桌+椅,華碩 ROG/TUF 鍵盤,104,｛華碩 ROG Strix Scope II 96｝三模機械式(白)有線/2.4G/藍牙/Snow軸(紅)/中文/熱插拔/96%,5490,,酷幣300
17,鍵盤+鼠｜搖桿｜桌+椅,華碩 ROG/TUF 鍵盤,106,｛華碩 ROG Strix Scope II 96｝三模機械式(白)有線/2.4G/藍牙/Storm軸(青)/中文/熱插拔/96%,5490,,酷幣300
17,鍵盤+鼠｜搖桿｜桌+椅,華碩 ROG/TUF 鍵盤,108,｛華碩 ROG Azoth 96 HE｝磁軸鍵盤(黑)/三模(有線/無線8k/藍牙)/V2磁軸/熱插拔/OLED觸控螢幕,10990,,熱賣 酷幣300
17,鍵盤+鼠｜搖桿｜桌+椅,華碩 ROG/TUF 鍵盤,110,｛華碩 ROG Azoth 96 HE｝磁軸鍵盤(白)/三模(有線/無線8k/藍牙)/V2磁軸/熱插拔/OLED觸控螢幕,10990,,熱賣 酷幣300
17,鍵盤+鼠｜搖桿｜桌+椅,華碩 ROG/TUF 鍵盤,112,｛華碩 ROG Azoth X｝機械式/有線-無線-藍牙/NX V2插拔Snow軸/中文/75%/星際主題ROG鍵帽,8990,,熱賣 酷幣300
17,鍵盤+鼠｜搖桿｜桌+椅,華碩 ROG/TUF 鍵盤,114,｛華碩 ROG Azoth X｝機械式/有線-無線-藍牙/NX V2插拔Storm軸/中文/75%/星際主題ROG鍵帽,8990,,熱賣 酷幣300
17,鍵盤+鼠｜搖桿｜桌+椅,華碩 ROG/TUF 鍵盤,116,｛華碩 ROG Azoth Extreme｝客製鍵盤/有線8K/無線/藍芽/中文/Snow軸/OLED觸控屏/碳纖維定位版,16490,,熱賣 酷幣1000
17,鍵盤+鼠｜搖桿｜桌+椅,華碩 ROG/TUF 鍵盤,117,｛華碩 ROG Azoth Extreme｝客製鍵盤/有線8K/無線/藍芽/中文/Storm軸/OLED觸控屏/碳纖維定位版,16490,,熱賣 酷幣1000
17,鍵盤+鼠｜搖桿｜桌+椅,微星 鍵盤,119,｛微星 Forge K210 W Combo Tc｝無線鍵鼠組/剪刀腳鍵盤/對稱設計滑鼠,990,,
17,鍵盤+鼠｜搖桿｜桌+椅,微星 鍵盤,120,｛微星 Vigor Gk20｝電競鍵盤/有線/防鬼鍵設計/防潑水設計/熱鍵控制/RGB,1290,,
17,鍵盤+鼠｜搖桿｜桌+椅,微星 鍵盤,121,｛微星 Vigor Gk30 Tc｝類機械式遊戲鍵盤/有線/防鬼鍵設計/防潑水設計/RGB,1499,,
17,鍵盤+鼠｜搖桿｜桌+椅,微星 鍵盤,122,｛微星 Vigor Gk30 Combo White Tc｝類機械式鍵鼠組(白色)/有線/防鬼鍵/防潑水/Rgb,1790,,
17,鍵盤+鼠｜搖桿｜桌+椅,微星 鍵盤,123,｛微星 Vigor Gk30 Combo Tc｝類機械式鍵鼠組(黑色)/有線/防鬼鍵/Rgb,1790,,
17,鍵盤+鼠｜搖桿｜桌+椅,微星 鍵盤,124,｛微星 Forge Gk320｝機械式鍵盤/有線/中文/紅軸/熱插拔/磁吸式上蓋/多媒體滾輪,1790,,
17,鍵盤+鼠｜搖桿｜桌+椅,微星 鍵盤,125,｛微星 Forge Gk320 Combo Tc｝鍵鼠組(鍵盤/有線/中文/紅軸)(滑鼠/有線/12800dpi/Rgb),1990,,
17,鍵盤+鼠｜搖桿｜桌+椅,Cherry 原廠 機械式鍵盤,130,Cherry Kc1000 有線鍵盤/有線/4個熱鍵/USB/耐磨按鍵/中文,399,,
17,鍵盤+鼠｜搖桿｜桌+椅,Cherry 原廠 機械式鍵盤,131,｛Cherry Xtrfy K37｝無線薄膜電競鍵盤(黑)/有線/2.4G/藍牙/薄膜中文/98鍵/防潑水/Rgb▼下殺到 9/30 23:59,1590,1690,價格異動 下殺
17,鍵盤+鼠｜搖桿｜桌+椅,Cherry 原廠 機械式鍵盤,132,｛Cherry Xtrfy K37｝無線薄膜電競鍵盤(白)/有線/2.4G/藍牙/薄膜中文/98鍵/防潑水/Rgb▼下殺到 9/30 23:59,1590,1690,價格異動 下殺
17,鍵盤+鼠｜搖桿｜桌+椅,Cherry 原廠 機械式鍵盤,133,｛Cherry Kc-200｝Mx2a 機械式鍵盤 /有線/灰橘/玉軸/中文/無光/懸浮/多媒體按鍵▼下殺到 9/30 23:59,2290,2490,價格異動 下殺
17,鍵盤+鼠｜搖桿｜桌+椅,Cherry 原廠 機械式鍵盤,134,｛Cherry Kc-200｝Mx2a 機械式鍵盤 /有線/灰橘/靜音紅軸/中文/無光/懸浮/多媒體按鍵(限網單)▼下殺到 9/30 23:59,2290,2490,熱賣 價格異動 下殺
17,鍵盤+鼠｜搖桿｜桌+椅,Cherry 原廠 機械式鍵盤,135,｛Cherry Kc-200｝Mx2a 機械式鍵盤 /有線/粉色/玉軸/中文/無光/懸浮/多媒體按鍵▼下殺到 9/30 23:59,2290,2490,價格異動 下殺
17,鍵盤+鼠｜搖桿｜桌+椅,Cherry 原廠 機械式鍵盤,136,｛Cherry Kc-200｝Mx2a 機械式鍵盤 /有線/粉色/靜音紅軸/中文/無光/懸浮/多媒體按鍵(限網單)▼下殺到 9/30 23:59,2290,2490,熱賣 價格異動 下殺
17,鍵盤+鼠｜搖桿｜桌+椅,Cherry 原廠 機械式鍵盤,137,｛Cherry Kc-200｝Mx2a 機械式鍵盤 /有線/白青/靜音紅軸/中文/無光/懸浮/多媒體按鍵▼下殺到 9/30 23:59,2290,2490,熱賣 價格異動 下殺
17,鍵盤+鼠｜搖桿｜桌+椅,Cherry 原廠 機械式鍵盤,138,｛Cherry Kc-200｝Mx2a 機械式鍵盤 /有線/黑/玉軸/中文/無光/懸浮/多媒體按鍵▼下殺到 9/30 23:59,2290,2490,價格異動 下殺
17,鍵盤+鼠｜搖桿｜桌+椅,Cherry 原廠 機械式鍵盤,139,｛Cherry Kc-200｝Mx2a 機械式鍵盤 /有線/白青/玉軸/中文/無光/懸浮/多媒體按鍵▼下殺到 9/30 23:59,2290,2490,價格異動 下殺
17,鍵盤+鼠｜搖桿｜桌+椅,Cherry 原廠 機械式鍵盤,140,｛Cherry Mx 1.1 Tkl｝Rgb Mx2a 機械式鍵盤/有線/白色/紅軸/中文/懸浮式無鋼板▼下殺到 9/30 23:59,1790,1890,價格異動 下殺
17,鍵盤+鼠｜搖桿｜桌+椅,Cherry 原廠 機械式鍵盤,141,｛Cherry Mx 1.1 Tkl｝Rgb Mx2a 機械式鍵盤/有線/黑色/茶軸/中文/懸浮式無鋼板▼下殺到 9/30 23:59,1790,1890,價格異動 下殺
17,鍵盤+鼠｜搖桿｜桌+椅,Cherry 原廠 機械式鍵盤,142,｛Cherry Mx Board 2.0s｝Mx2a 機械式鍵盤/有線/黑色/茶軸/中文/無鋼板▼下殺到 9/30 23:59,1890,1990,熱賣 價格異動 下殺
17,鍵盤+鼠｜搖桿｜桌+椅,Cherry 原廠 機械式鍵盤,143,｛Cherry Mx Board 2.0s｝Mx2a 機械式鍵盤/有線/黑色/紅軸/中文/無鋼板▼下殺到 9/30 23:59,1890,1990,熱賣 價格異動 下殺
17,鍵盤+鼠｜搖桿｜桌+椅,Cherry 原廠 機械式鍵盤,144,｛Cherry Mx Board 2.0s｝Mx2a 機械式鍵盤/有線/白色/靜音紅軸/中文/無鋼板▼下殺到 9/30 23:59,1890,1990,熱賣 價格異動 下殺
17,鍵盤+鼠｜搖桿｜桌+椅,Cherry 原廠 機械式鍵盤,145,｛Cherry Mx Board 2.0s｝Mx2a 機械式鍵盤/有線/白色/茶軸/中文/無鋼板▼下殺到 9/30 23:59,1890,1990,熱賣 價格異動 下殺
17,鍵盤+鼠｜搖桿｜桌+椅,Cherry 原廠 機械式鍵盤,146,｛Cherry Mx Board 2.0s｝Mx2a 三模機械式 夜鷹(黑)/有線/無線/藍牙/紅軸/中文▼下殺到 9/30 23:59,2490,2690,價格異動 下殺
17,鍵盤+鼠｜搖桿｜桌+椅,Cherry 原廠 機械式鍵盤,147,｛Cherry Mx Board 2.0s｝Mx2a 三模機械式 夜鷹(黑)/有線/無線/藍牙/茶軸/中文▼下殺到 9/30 23:59,2490,2690,價格異動 下殺
17,鍵盤+鼠｜搖桿｜桌+椅,Cherry 原廠 機械式鍵盤,148,｛Cherry Mx Board 2.0s｝Mx2a 三模機械式 夜鷹(黑)/有線/無線/藍牙/花蜜軸(段落感)/中文▼下殺到 9/30 23:59,2790,2990,價格異動 下殺
17,鍵盤+鼠｜搖桿｜桌+椅,Cherry 原廠 機械式鍵盤,149,｛Cherry Mx Board 2.0s｝Mx2a 三模機械式 夜鷹(黑)/有線/無線/藍牙/靜音紅軸/中文▼下殺到 9/30 23:59,2790,2990,價格異動 下殺
17,鍵盤+鼠｜搖桿｜桌+椅,Cherry 原廠 機械式鍵盤,150,｛Cherry Mx Board 2.0s｝Mx2a 三模機械式 蒼穹(白)/有線/無線/藍牙/紅軸/中文▼下殺到 9/30 23:59,2490,2690,價格異動 下殺
17,鍵盤+鼠｜搖桿｜桌+椅,Cherry 原廠 機械式鍵盤,151,｛Cherry Mx Board 2.0s｝Mx2a 三模機械式 蒼穹(白)/有線/無線/藍牙/茶軸/中文▼下殺到 9/30 23:59,2490,2690,價格異動 下殺
17,鍵盤+鼠｜搖桿｜桌+椅,Cherry 原廠 機械式鍵盤,152,｛Cherry Mx Board 2.0s｝Mx2a 三模機械式 蒼穹(白)/有線/無線/藍牙/花蜜軸(段落感)/中文▼下殺到 9/30 23:59,2790,2990,價格異動 下殺
17,鍵盤+鼠｜搖桿｜桌+椅,Cherry 原廠 機械式鍵盤,153,｛Cherry Mx Board 2.0s｝Mx2a 三模機械式 蒼穹(白)/有線/無線/藍牙/靜音紅軸/中文▼下殺到 9/30 23:59,2790,2990,價格異動 下殺
17,鍵盤+鼠｜搖桿｜桌+椅,Cherry 原廠 機械式鍵盤,154,｛Cherry Mx Board 2.0s｝Rgb Mx2a 機械式鍵盤/有線/白色/青軸/中文/無鋼板▼下殺到 9/30 23:59,2290,2490,熱賣 價格異動 下殺
17,鍵盤+鼠｜搖桿｜桌+椅,Cherry 原廠 機械式鍵盤,155,｛Cherry Mx Board 2.0s｝Rgb Mx2a 機械式鍵盤/有線/白色/茶軸/中文/無鋼板▼下殺到 9/30 23:59,2290,2490,熱賣 價格異動 下殺
17,鍵盤+鼠｜搖桿｜桌+椅,Cherry 原廠 機械式鍵盤,156,｛Cherry Mx Board 2.0s｝Rgb Mx2a 機械式鍵盤/有線/白色/靜音紅軸/中文/無鋼板▼下殺到 9/30 23:59,2290,2490,熱賣 價格異動 下殺
17,鍵盤+鼠｜搖桿｜桌+椅,Cherry 原廠 機械式鍵盤,157,｛Cherry Mx Board 3.0s｝Mx2a 機械式鍵盤/有線/白色/茶軸/中文/鋁底/無鋼板▼下殺到 9/30 23:59,2290,2490,熱賣 價格異動 下殺
17,鍵盤+鼠｜搖桿｜桌+椅,Cherry 原廠 機械式鍵盤,158,｛Cherry Mx Board 3.0s｝Mx2a 機械式鍵盤/有線/白色/靜音紅軸/中文/鋁底/無鋼板▼下殺到 9/30 23:59,2290,2490,熱賣 價格異動 下殺
17,鍵盤+鼠｜搖桿｜桌+椅,Cherry 原廠 機械式鍵盤,159,｛Cherry Mx Board 3.0s｝Mx2a 機械式鍵盤/有線/黑色/茶軸/中文/鋁底/無鋼板▼下殺到 9/30 23:59,2290,2490,價格異動 下殺
17,鍵盤+鼠｜搖桿｜桌+椅,Cherry 原廠 機械式鍵盤,160,｛Cherry Mx Board 3.0s｝Mx2a 機械式鍵盤/有線/黑色/靜音紅軸/中文/鋁底/無鋼板▼下殺到 9/30 23:59,2290,2490,價格異動 下殺
17,鍵盤+鼠｜搖桿｜桌+椅,Cherry 原廠 機械式鍵盤,163,｛Cherry Mx Board 3.1s｝Rgb Mx2a 機械式鍵盤/黑色/茶軸/中文/鋁底▼下殺到 9/30 23:59,2790,3090,熱賣 價格異動 下殺
17,鍵盤+鼠｜搖桿｜桌+椅,Cherry 原廠 機械式鍵盤,164,｛Cherry Mx Board 3.1s｝Rgb Mx2a 機械式鍵盤/黑色/花蜜軸/中文/鋁底▼下殺到 9/30 23:59,3190,3490,價格異動 下殺
17,鍵盤+鼠｜搖桿｜桌+椅,Cherry 原廠 機械式鍵盤,165,｛Cherry Mx Board 3.1s｝Rgb Mx2a 機械式鍵盤/黑色/極光軸/中文/鋁底▼下殺到 9/30 23:59,3190,3490,價格異動 下殺
17,鍵盤+鼠｜搖桿｜桌+椅,Cherry 原廠 機械式鍵盤,166,｛Cherry Mx Board 3.1s｝Rgb Mx2a 機械式鍵盤/白色/茶軸/中文/鋁製底殼,3090,,熱賣
17,鍵盤+鼠｜搖桿｜桌+椅,Cherry 原廠 機械式鍵盤,167,｛Cherry Mx Board 3.1s｝Rgb Mx2a 機械式鍵盤/白色/花蜜軸/中文/鋁底▼下殺到 9/30 23:59,3190,3490,價格異動 下殺
17,鍵盤+鼠｜搖桿｜桌+椅,Cherry 原廠 機械式鍵盤,168,｛Cherry Mx Board 3.1s｝Rgb Mx2a 機械式鍵盤/白色/極光軸/中文/鋁底▼下殺到 9/30 23:59,3190,3490,價格異動 下殺
17,鍵盤+鼠｜搖桿｜桌+椅,Cherry 原廠 機械式鍵盤,169,｛Cherry Mx Board 3.1s｝Rgb Mx2a 機械式鍵盤/粉色/茶軸/中文/鋁底▼下殺到 9/30 23:59,2790,3090,熱賣 價格異動 下殺
17,鍵盤+鼠｜搖桿｜桌+椅,Cherry 原廠 機械式鍵盤,172,｛Cherry XTRFY K5 PRO TMR Rgb V2｝磁軸鍵盤(黑)/有線/中文/65%/8000HZ/熱插拔▼下殺到 9/30 23:59,3390,4290,價格異動 下殺
17,鍵盤+鼠｜搖桿｜桌+椅,Cherry 原廠 機械式鍵盤,173,｛Cherry XTRFY K5 PRO TMR Rgb V2｝磁軸鍵盤(白)/有線/中文/65%/8000HZ/熱插拔▼下殺到 9/30 23:59,3390,4290,價格異動 下殺
17,鍵盤+鼠｜搖桿｜桌+椅,Cherry 原廠 機械式鍵盤,174,｛Cherry XTRFY K5 PRO TMR Rgb V2｝(折影)磁軸鍵盤(白)/有線/英文/側刻/65%/8000HZ/熱插拔▼下殺到 9/30 23:59,3690,3990,熱賣 價格異動 下殺
17,鍵盤+鼠｜搖桿｜桌+椅,Cherry 原廠 機械式鍵盤,175,｛Cherry Mx8.2 Pro TMR TKL｝三模鍵盤(黑)/有線/無線/藍牙/8kHZ/魔晶磁軸/熱插拔/Rgb,5490,,熱賣
17,鍵盤+鼠｜搖桿｜桌+椅,Cherry 原廠 機械式鍵盤,176,｛Cherry Mx8.2 Pro TMR TKL｝三模鍵盤(白)/有線/無線/藍牙/8kHZ/魔晶磁軸/熱插拔/Rgb,5490,,熱賣
17,鍵盤+鼠｜搖桿｜桌+椅,Cherry 原廠 機械式鍵盤,177,｛Cherry Mx8.3 TKL｝三模鍵盤(銀)/有線8k/無線4k/藍牙/極光軸/中文/95%鋁合金機身/熱插拔▼下殺到 9/30 23:59,8190,8990,價格異動 下殺
17,鍵盤+鼠｜搖桿｜桌+椅,Cherry 原廠 機械式鍵盤,178,｛Cherry XTRFY MX 10.1｝三模鍵盤(銀)/有線8k/無線4k/藍牙/中文/二代矮紅軸/Rgb▼下殺到 9/30 23:59,6290,6890,價格異動 下殺
17,鍵盤+鼠｜搖桿｜桌+椅,Cherry 原廠 機械式鍵盤,179,｛Cherry Pixiu75｝Mx2a 三模無線(金箍棒)/有線/2.4G/藍牙/75%配置/紅軸/中文/熱插拔/Rgb▼下殺到 9/30 23:59,3590,3890,價格異動 下殺
17,鍵盤+鼠｜搖桿｜桌+椅,Cherry 原廠 機械式鍵盤,180,｛Cherry Pixiu75｝Mx2a 三模無線(金箍棒)/有線/2.4G/藍牙/75%配置/茶軸/中文/熱插拔/Rgb▼下殺到 9/30 23:59,3590,3890,價格異動 下殺
17,鍵盤+鼠｜搖桿｜桌+椅,Cherry 原廠 機械式鍵盤,181,｛Cherry Pixiu75｝Mx2a 三模無線(渾天綾)/有線/2.4G/藍牙/75%配置/紅軸/中文/熱插拔/Rgb▼下殺到 9/30 23:59,3590,3890,價格異動 下殺
17,鍵盤+鼠｜搖桿｜桌+椅,Cherry 原廠 機械式鍵盤,182,｛Cherry Pixiu75｝Mx2a 三模無線(渾天綾)/有線/2.4G/藍牙/75%配置/茶軸/中文/熱插拔/Rgb▼下殺到 9/30 23:59,3590,3890,價格異動 下殺
17,鍵盤+鼠｜搖桿｜桌+椅,Cherry 原廠 機械式鍵盤,183,｛Cherry Pixiu98｝Rgb Mx2a 三模無線(烈焰紅霧)/有線8k/無線4k/藍牙/茶軸/中文/熱插拔▼下殺到 9/30 23:59,5090,5690,熱賣 價格異動 下殺
17,鍵盤+鼠｜搖桿｜桌+椅,Cherry 原廠 機械式鍵盤,184,｛Cherry Pixiu98｝Rgb Mx2a 三模無線(烈焰紅霧)/有線8k/無線4k/藍牙/紅軸/中文/熱插拔▼下殺到 9/30 23:59,5090,5690,熱賣 價格異動 下殺
17,鍵盤+鼠｜搖桿｜桌+椅,Cherry 原廠 機械式鍵盤,185,｛Cherry Pixiu98｝Rgb Mx2a 三模無線(冰晶雪霧)/有線8k/無線4k/藍牙/茶軸/中文/熱插拔▼下殺到 9/30 23:59,5090,5690,熱賣 價格異動 下殺
17,鍵盤+鼠｜搖桿｜桌+椅,Cherry 原廠 機械式鍵盤,186,｛Cherry Pixiu98｝Rgb Mx2a 三模無線(冰晶雪霧)/有線8k/無線4k/藍牙/紅軸/中文/熱插拔▼下殺到 9/30 23:59,5090,5690,熱賣 價格異動 下殺
17,鍵盤+鼠｜搖桿｜桌+椅,Cherry 原廠 機械式鍵盤,187,｛Cherry Pixiu98｝Rgb Mx2a 三模無線(冰晶雪霧)/有線8k/無線4k/藍牙/靜音紅軸/中文/熱插拔▼下殺到 9/30 23:59,5090,5690,熱賣 價格異動 下殺
17,鍵盤+鼠｜搖桿｜桌+椅,Razer 鍵盤,189,｛Razer Reclusa X Mini｝65% 機械式鍵盤/有線/橘軸/熱插拔/單鍵背光設計,1890,,
17,鍵盤+鼠｜搖桿｜桌+椅,Razer 鍵盤,190,｛Razer Ornata V3X｝薄膜電競鍵盤/有線/中文/手托/編織線/巨集,1249,,酷幣50
17,鍵盤+鼠｜搖桿｜桌+椅,Razer 鍵盤,191,｛Razer Ornata V3 Tkl｝機械式薄膜鍵盤/有線/中文/無數字鍵區/短軸按鍵/專用媒體鍵/Rgb,1788,,酷幣50
17,鍵盤+鼠｜搖桿｜桌+椅,Razer 鍵盤,192,｛Razer Ornata V3｝機械式薄膜鍵盤/有線/中文/短軸按鍵/手托/編織線/專用媒體鍵/巨集/Rgb,1888,,酷幣50
17,鍵盤+鼠｜搖桿｜桌+椅,Razer 鍵盤,193,｛Razer BlackWidow V3｝機械式鍵盤/有線/綠軸/中文/手托/鋁製結構/Rgb,1988,,
17,鍵盤+鼠｜搖桿｜桌+椅,Razer 鍵盤,194,｛Razer BlackWidow V4 X｝機械式鍵盤/有線/綠軸/中文/六個巨集鍵/多功能滾輪/Rgb,2990,,酷幣200
17,鍵盤+鼠｜搖桿｜桌+椅,Razer 鍵盤,195,｛Razer BlackWidow V4 X Minecraft｝限定版鍵盤/有線/綠軸/中文/六個巨集鍵/多功能滾輪/Rgb,3990,,酷幣300
17,鍵盤+鼠｜搖桿｜桌+椅,Razer 鍵盤,196,｛Razer BlackWidow V4 X Zenless Zone Zero｝絕區零聯名鍵盤/有線/綠軸/英文/Rgb,4990,,酷幣400
17,鍵盤+鼠｜搖桿｜桌+椅,Razer 鍵盤,197,｛Razer BlackWidow V4｝機械式鍵盤/有線/綠軸/中文/六個巨集鍵/磁吸手托/多功能滾輪+媒體鍵/Rgb,3990,,酷幣300
17,鍵盤+鼠｜搖桿｜桌+椅,Razer 鍵盤,198,｛Razer BlackWidow V4｝機械式鍵盤/有線/黃軸/中文/六個巨集鍵/磁吸手托/多功能滾輪+媒體鍵/Rgb,3990,,酷幣300
17,鍵盤+鼠｜搖桿｜桌+椅,Razer 鍵盤,199,｛Razer BlackWidow V4 Pro｝機械式鍵盤/有線/綠軸/中文/控制轉盤/手托/鋁合金結構/Rgb,5490,,酷幣400
17,鍵盤+鼠｜搖桿｜桌+椅,Razer 鍵盤,200,｛Razer BlackWidow V4 Pro｝機械式鍵盤/有線/黃軸/中文/控制轉盤/手托/鋁合金結構/Rgb,5490,,酷幣400
17,鍵盤+鼠｜搖桿｜桌+椅,Razer 鍵盤,201,｛Razer Joro｝無線雙模鍵盤/有線/藍芽/超薄矮軸/75%配置/英文/Rgb,2990,,酷幣200
17,鍵盤+鼠｜搖桿｜桌+椅,Razer 鍵盤,202,｛Razer Pro Type Ultra｝三模機械式鍵盤(白色)/有線/無線/藍芽/黃軸/中文/附護腕墊,3490,,酷幣300
17,鍵盤+鼠｜搖桿｜桌+椅,Razer 鍵盤,203,｛Razer Pro Type Ergo｝分離式鍵盤/有線/無線/藍牙/英文/鍵帽採用球面凹陷設計/5顆巨集鍵,5490,,酷幣400
17,鍵盤+鼠｜搖桿｜桌+椅,Razer 鍵盤,204,｛Razer Huntsman V3 HE｝65% 8K 磁軸鍵盤/有線/英文/磁軸/8000HZ/Rgb,4090,,熱賣
17,鍵盤+鼠｜搖桿｜桌+椅,Razer 鍵盤,206,｛Razer Huntsman V3 HE Tkl｝8K 磁軸鍵盤/有線/英文/磁軸/8000HZ/Rgb,4990,,熱賣
17,鍵盤+鼠｜搖桿｜桌+椅,Razer 鍵盤,208,｛Razer Huntsman V3 HE Tkl｝8K 磁軸鍵盤/有線/中文/磁軸/8000HZ/Rgb,4990,,熱賣
17,鍵盤+鼠｜搖桿｜桌+椅,Razer 鍵盤,209,｛Razer Huntsman V3 Tkl 8K｝機械式鍵盤/有線/二代光軸/8000HZ/英文,4990,,熱賣 酷幣400
17,鍵盤+鼠｜搖桿｜桌+椅,Razer 鍵盤,210,｛Razer Huntsman V3 Pro mini｝機械式鍵盤/有線/光軸/磁吸式手托/60%外型/中文/Rgb,3490,,酷幣300
17,鍵盤+鼠｜搖桿｜桌+椅,Razer 鍵盤,211,｛Razer Huntsman V3 Pro TKL｝機械式鍵盤/有線/光軸/磁吸式手托/中文/無數字區/Rgb,5190,,酷幣300
17,鍵盤+鼠｜搖桿｜桌+椅,Razer 鍵盤,212,｛Razer Huntsman V3 Pro｝機械式鍵盤/有線/光軸/手托/中文/多功能數位旋鈕與專用控制鍵/Rgb,5690,,酷幣300
17,鍵盤+鼠｜搖桿｜桌+椅,Razer 鍵盤,213,｛Razer Huntsman V3 Pro TKL 8K｝機械式鍵盤(白)/有線/二代光軸/磁吸手托/英文/8000HZ,6990,,酷幣300
17,鍵盤+鼠｜搖桿｜桌+椅,Razer 鍵盤,214,｛Razer Huntsman V3 Pro TKL 8K｝機械式鍵盤/有線/二代光軸/磁吸手托/英文/8000HZ,7190,,酷幣300
17,鍵盤+鼠｜搖桿｜桌+椅,Razer 鍵盤,215,｛Razer Huntsman V3 Pro 8K｝機械式鍵盤/有線/二代光軸/磁吸手托/英文/8000HZ,7490,,酷幣300
17,鍵盤+鼠｜搖桿｜桌+椅,Razer 鍵盤,216,｛Razer Huntsman V3 Pro Low TKL 8K｝機械式鍵盤/有線/類比式光學矮軸/英文,8290,,
17,鍵盤+鼠｜搖桿｜桌+椅,Razer 鍵盤,217,｛Razer Huntsman V3 Pro Tkl CS2｝絕對武力2 鍵盤,5290,,酷幣300
17,鍵盤+鼠｜搖桿｜桌+椅,君主 Montech 鍵盤,222,｛Montech MKey Tkl｝自由之城 機械式鍵盤/有線/紅軸/中文/MDA鍵帽/Pbt熱昇華/插拔軸/Rgb,1990,,熱賣
17,鍵盤+鼠｜搖桿｜桌+椅,君主 Montech 鍵盤,223,｛Montech MKey Tkl｝自由之城 機械式鍵盤/有線/黃軸/中文/MDA鍵帽/Pbt熱昇華/插拔軸/Rgb,1990,,熱賣
17,鍵盤+鼠｜搖桿｜桌+椅,君主 Montech 鍵盤,224,｛Montech MKey Tkl｝自由之城 機械式鍵盤/有線/茶軸/中文/MDA鍵帽/Pbt熱昇華/插拔軸/Rgb,1990,,熱賣
17,鍵盤+鼠｜搖桿｜桌+椅,君主 Montech 鍵盤,225,｛Montech MKey Tkl｝暗黑之城 機械式鍵盤/有線/紅軸/中文/MDA鍵帽/Pbt熱昇華/插拔軸/Rgb,1990,,熱賣
17,鍵盤+鼠｜搖桿｜桌+椅,君主 Montech 鍵盤,226,｛Montech MKey Tkl｝暗黑之城 機械式鍵盤/有線/黃軸/中文/MDA鍵帽/Pbt熱昇華/插拔軸/Rgb,1990,,熱賣
17,鍵盤+鼠｜搖桿｜桌+椅,君主 Montech 鍵盤,227,｛Montech MKey Tkl｝暗黑之城 機械式鍵盤/有線/茶軸/中文/MDA鍵帽/Pbt熱昇華/插拔軸/Rgb,1990,,熱賣
17,鍵盤+鼠｜搖桿｜桌+椅,君主 Montech 鍵盤,230,｛Montech MKey Pro 75%｝普魯士藍 三模機械式鍵盤/有線/無線/藍牙/茶軸/中文/熱插拔,1690,,熱賣
17,鍵盤+鼠｜搖桿｜桌+椅,君主 Montech 鍵盤,231,｛Montech MKey Pro 75%｝普魯士藍 三模機械式鍵盤/有線/無線/藍牙/黃軸/中文/熱插拔,1690,,熱賣
17,鍵盤+鼠｜搖桿｜桌+椅,君主 Montech 鍵盤,232,｛Montech MKey Pro 75%｝黑 三模機械式鍵盤/有線/無線/藍牙/茶軸/中文/熱插拔,1690,,熱賣
17,鍵盤+鼠｜搖桿｜桌+椅,君主 Montech 鍵盤,233,｛Montech MKey Pro 75%｝黑 三模機械式鍵盤/有線/無線/藍牙/黃軸/中文/熱插拔,1690,,熱賣
17,鍵盤+鼠｜搖桿｜桌+椅,大飛 darkFlash 鍵盤,235,｛darkFlash PXD98｝三模鍵盤(焦糖色)/有線/無線/藍牙/靜音紅軸/中文/熱插拔/點陣螢幕,2099,,熱賣
17,鍵盤+鼠｜搖桿｜桌+椅,大飛 darkFlash 鍵盤,236,｛darkFlash PXD98｝三模鍵盤(星空藍)/有線/無線/藍牙/靜音紅軸/中文/熱插拔/點陣螢幕,2099,,熱賣
17,鍵盤+鼠｜搖桿｜桌+椅,大飛 darkFlash 鍵盤,237,｛darkFlash PXD98｝三模鍵盤(奶咖色)/有線/無線/藍牙/靜音紅軸/中文/熱插拔/點陣螢幕,2099,,熱賣
17,鍵盤+鼠｜搖桿｜桌+椅,Keychron 鍵盤,242,｛Keychron B6 Pro｝超薄無線鍵盤(深空灰)/有線/2.4g/藍牙/中文/剪刀腳按鍵/凹形鍵帽,1390,,
17,鍵盤+鼠｜搖桿｜桌+椅,Keychron 鍵盤,243,｛Keychron B6 Pro｝超薄無線鍵盤(象牙白)/有線/2.4g/藍牙/中文/剪刀腳按鍵/凹形鍵帽,1390,,
17,鍵盤+鼠｜搖桿｜桌+椅,Keychron 鍵盤,244,｛Keychron C2 Pro｝8K QMK 機械式鍵盤/有線8K/紅軸/中文/熱插拔/Rgb,1990,,
17,鍵盤+鼠｜搖桿｜桌+椅,Keychron 鍵盤,245,｛Keychron C2 Pro｝8K QMK 機械式鍵盤/有線8K/香蕉軸/中文/熱插拔/Rgb,1990,,
17,鍵盤+鼠｜搖桿｜桌+椅,Keychron 鍵盤,246,｛Keychron J2｝75% 三模機械式鍵盤(黑)/有線/無線/藍牙/紅軸/中文/熱插拔/Rgb/Mac可用,1990,,
17,鍵盤+鼠｜搖桿｜桌+椅,Keychron 鍵盤,247,｛Keychron J2｝75% 三模機械式鍵盤(黑)/有線/無線/藍牙/香蕉軸/中文/熱插拔/Rgb/Mac可用,1990,,
17,鍵盤+鼠｜搖桿｜桌+椅,Keychron 鍵盤,248,｛Keychron J2｝75% 三模機械式鍵盤(白)/有線/無線/藍牙/紅軸/中文/熱插拔/Rgb/Mac可用,1990,,
17,鍵盤+鼠｜搖桿｜桌+椅,Keychron 鍵盤,249,｛Keychron J2｝75% 三模機械式鍵盤(白)/有線/無線/藍牙/香蕉軸/中文/熱插拔/Rgb/Mac可用,1990,,
17,鍵盤+鼠｜搖桿｜桌+椅,Keychron 鍵盤,250,｛Keychron J5｝三模機械式鍵盤(黑)/有線/無線/藍牙/紅軸/中文/熱插拔/Rgb/Mac可用,1990,,
17,鍵盤+鼠｜搖桿｜桌+椅,Keychron 鍵盤,251,｛Keychron J5｝三模機械式鍵盤(黑)/有線/無線/藍牙/香蕉軸/中文/熱插拔/Rgb/Mac可用,1990,,
17,鍵盤+鼠｜搖桿｜桌+椅,Keychron 鍵盤,252,｛Keychron J5｝三模機械式鍵盤(白)/有線/無線/藍牙/紅軸/中文/熱插拔/Rgb/Mac可用,1990,,
17,鍵盤+鼠｜搖桿｜桌+椅,Keychron 鍵盤,253,｛Keychron J5｝三模機械式鍵盤(白)/有線/無線/藍牙/香蕉軸/中文/熱插拔/Rgb/Mac可用,1990,,
17,鍵盤+鼠｜搖桿｜桌+椅,Keychron 鍵盤,254,｛Keychron R6｝QMK 無線機械鍵盤/有線/無線/藍牙/紅軸/中文/熱插拔/Rgb/Mac可用,2690,,熱賣
17,鍵盤+鼠｜搖桿｜桌+椅,Keychron 鍵盤,255,｛Keychron R6｝QMK 無線機械鍵盤/有線/無線/藍牙/茶軸/中文/熱插拔/Rgb/Mac可用,2690,,熱賣
17,鍵盤+鼠｜搖桿｜桌+椅,Keychron 鍵盤,256,｛Keychron R6｝QMK 無線機械鍵盤/有線/無線/藍牙/香蕉軸/中文/熱插拔/Rgb/Mac可用,2690,,熱賣
17,鍵盤+鼠｜搖桿｜桌+椅,Keychron 鍵盤,257,｛Keychron V5 Max｝QMK 無線機械式鍵盤(白色)/2.4g/藍牙/紅軸/中文/96%/熱插拔/Rgb,2490,,熱賣
17,鍵盤+鼠｜搖桿｜桌+椅,Keychron 鍵盤,259,｛Keychron V5 Max｝QMK 無線機械式鍵盤(白色)/2.4g/藍牙/茶軸/中文/96%/熱插拔/Rgb,2490,,熱賣
17,鍵盤+鼠｜搖桿｜桌+椅,Keychron 鍵盤,261,｛Keychron V5 Max｝QMK 無線機械式鍵盤(白色)/2.4g/藍牙/香蕉軸/中文/96%/熱插拔/Rgb,2490,,熱賣
17,鍵盤+鼠｜搖桿｜桌+椅,Keychron 鍵盤,263,｛Keychron V6 Max｝QMK 無線機械式鍵盤(碳黑色)/2.4g/藍牙/靜音紅軸/中文/熱插拔/Rgb,2990,,熱賣
17,鍵盤+鼠｜搖桿｜桌+椅,Keychron 鍵盤,265,｛Keychron K5 Max｝QMK 無線機械式鍵盤/有線/2.4g/藍牙/矮軸(紅)/中文/白色背光,3490,,
17,鍵盤+鼠｜搖桿｜桌+椅,Keychron 鍵盤,266,｛Keychron K5 Max｝QMK 無線機械式鍵盤/有線/2.4g/藍牙/矮軸(茶)/中文/白色背光,3490,,
17,鍵盤+鼠｜搖桿｜桌+椅,Keychron 鍵盤,267,｛Keychron K10 Max｝QMK 無線機械式鍵盤(黑色)/有線/2.4g/藍牙/紅軸/中文/熱插拔/Rgb,3990,,
17,鍵盤+鼠｜搖桿｜桌+椅,Keychron 鍵盤,268,｛Keychron K10 Max｝QMK 無線機械式鍵盤(黑色)/有線/2.4g/藍牙/茶軸/中文/熱插拔/Rgb,3990,,
17,鍵盤+鼠｜搖桿｜桌+椅,Keychron 鍵盤,269,｛Keychron K10 HE｝無線磁軸鍵盤/2.4g/藍牙/黑色/英文/Gateron雙軌磁軸/網頁驅動設定,4990,,
17,鍵盤+鼠｜搖桿｜桌+椅,Keychron 鍵盤,270,｛Keychron K10 HE｝無線磁軸鍵盤/2.4g/藍牙/白色/英文/Gateron雙軌磁軸/網頁驅動設定,4990,,
17,鍵盤+鼠｜搖桿｜桌+椅,Varmilo 鍵盤,272,｛Varmilo Muse65 HE｝電競磁軸鍵盤(愛麗兒)/有線/8000Hz/佳達隆磁玉軸 Pro/英文/Ariel,5190,,熱賣
17,鍵盤+鼠｜搖桿｜桌+椅,Varmilo 鍵盤,274,｛Varmilo Minilo75 HE｝電競磁軸鍵盤(經典黑)/有線/8000Hz/環諾漢白玉軸/中文/Classic Black,3990,,熱賣
17,鍵盤+鼠｜搖桿｜桌+椅,Varmilo 鍵盤,276,｛Varmilo Minilo75 HE｝電競磁軸鍵盤(姬秋麗)/有線/8000Hz/環諾漢白玉軸/中文/Mendozae,3990,,熱賣
17,鍵盤+鼠｜搖桿｜桌+椅,Lexking 雷斯特 機械式鍵盤,279,｛Lexking Lkb-7203｝機械式鍵盤/有線/98鍵/青軸/中文/熱插拔/Rgb,1290,,熱賣
17,鍵盤+鼠｜搖桿｜桌+椅,Lexking 雷斯特 機械式鍵盤,280,｛Lexking Lkb-7325｝光之鍵機械式打字機鍵盤/有線/紅軸/金屬表面髮絲/圓形專利字鍵/Rgb/中文,1990,,熱賣
17,鍵盤+鼠｜搖桿｜桌+椅,Lexking 雷斯特 機械式鍵盤,281,｛Lexking Lkb-7325｝光之鍵機械式打字機鍵盤/有線/青軸/金屬表面髮絲/圓形專利字鍵/Rgb/中文,1990,,熱賣
17,鍵盤+鼠｜搖桿｜桌+椅,Glorious 鍵盤,283,｛Glorious GMMK2｝96% 機械式鍵盤/有線/英文/熱插拔/狐狸線性軸/鋁合金上蓋/Rgb,1490,,熱賣
17,鍵盤+鼠｜搖桿｜桌+椅,Glorious 鍵盤,284,｛Glorious GMMK 3 HE｝75%模組化磁軸鍵盤(黑)/有線/英文/8000Hz/熱插拔/Gasket結構/Rgb,2990,,熱賣
17,鍵盤+鼠｜搖桿｜桌+椅,美洲獅 Cougar 鍵盤,287,｛Cougar Luxlim｝機械式鍵盤/有線/紅軸(矮軸)/中文/鋁合金上蓋/磁吸式腳座/Rgb〈限網單〉,2590,,
17,鍵盤+鼠｜搖桿｜桌+椅,美洲獅 Cougar 鍵盤,288,｛Cougar Ultimus Pro｝三模鍵盤(黑)/有線/無線/藍牙/98%布局/中文/紅軸/插拔軸▼下殺到 9/30 23:59,1690,1990,熱賣 價格異動 下殺
17,鍵盤+鼠｜搖桿｜桌+椅,美洲獅 Cougar 鍵盤,289,｛Cougar Ultimus Pro｝三模鍵盤(白)/有線/無線/藍牙/98%布局/中文/紅軸/插拔軸▼下殺到 9/30 23:59,1690,1990,熱賣 價格異動 下殺
17,鍵盤+鼠｜搖桿｜桌+椅,亞碩(Power Master) 鍵盤,291,｛亞碩 Km-31｝北極星 薄膜鍵盤 有線/中文/5000萬次壽命/26鍵無衝突/鐳射鍵帽/Rgb,690,,熱賣 酷幣11
17,鍵盤+鼠｜搖桿｜桌+椅,亞碩(Power Master) 鍵盤,292,｛亞碩 Km-41｝雙魚座 鍵盤滑鼠組 有線/中文/300萬次/雷雕鍵帽/3600dip 滑鼠,590,,熱賣 酷幣11
17,鍵盤+鼠｜搖桿｜桌+椅,亞碩(Power Master) 鍵盤,293,｛亞碩 Km-11｝天蠍座 機械式鍵盤 有線/青軸/中文/懸浮/防鬼鍵/Rgb,1090,,
17,鍵盤+鼠｜搖桿｜桌+椅,亞碩(Power Master) 鍵盤,294,｛亞碩 Km-11｝天蠍座 機械式鍵盤 有線/紅軸/中文/懸浮/防鬼鍵/Rgb,1090,,熱賣
17,鍵盤+鼠｜搖桿｜桌+椅,亞碩(Power Master) 鍵盤,295,｛亞碩 Km-11｝天蠍座 機械式鍵盤 有線/茶軸/中文/懸浮/防鬼鍵/Rgb,1090,,熱賣
17,鍵盤+鼠｜搖桿｜桌+椅,Gigastone 鍵盤,297,｛Gigastone GK-12｝機械式鍵盤+GM-X061電競滑鼠＜組合優惠＞原價2798,1988,,熱賣
17,鍵盤+鼠｜搖桿｜桌+椅,Gigastone 鍵盤,298,｛Gigastone GK-12｝機械式鍵盤+GM-X041電競滑鼠＜組合優惠＞原價2448,1788,,熱賣
17,鍵盤+鼠｜搖桿｜桌+椅,Gigastone 鍵盤,299,｛Gigastone GK-12｝機械式鍵盤+GM-X031電競滑鼠＜組合優惠＞原價2198,1588,,熱賣
17,鍵盤+鼠｜搖桿｜桌+椅,Gigastone 鍵盤,300,｛Gigastone GK-12｝機械式鍵盤/有線/中文/茶軸/全區防鬼鍵/Rgb 原價1699,1234,,
17,鍵盤+鼠｜搖桿｜桌+椅,RK(ROYAL KLUDGE)機械式鍵盤,302,｛Royal Kludge RK100｝三模鍵盤(黑)/有線/無線/藍牙/96%精巧型/茶軸/中文/熱插拔,1890,,
17,鍵盤+鼠｜搖桿｜桌+椅,RK(ROYAL KLUDGE)機械式鍵盤,303,｛Royal Kludge RK100｝三模鍵盤(白)/有線/無線/藍牙/96%精巧型/紅軸/中文/熱插拔/Rgb,1690,,
17,鍵盤+鼠｜搖桿｜桌+椅,RK(ROYAL KLUDGE)機械式鍵盤,304,｛Royal Kludge RK100｝三模鍵盤(藍莓)/有線/無線/藍牙/96%精巧型/紅軸/中文/熱插拔/Rgb,2190,,
17,鍵盤+鼠｜搖桿｜桌+椅,RK(ROYAL KLUDGE)機械式鍵盤,305,｛Royal Kludge R75｝三模鍵盤/有線/無線/藍牙/PBT/雪皇軸/中文側刻/熱插拔/Rgb,1880,,熱賣
17,鍵盤+鼠｜搖桿｜桌+椅,RK(ROYAL KLUDGE)機械式鍵盤,306,｛Royal Kludge S98｝三模鍵盤(橘澄青檸)/96%配置/有線/無線/藍牙/PBT/雪皇軸/中文/熱插拔,2590,,熱賣
17,鍵盤+鼠｜搖桿｜桌+椅,RK(ROYAL KLUDGE)機械式鍵盤,307,｛Royal Kludge S98｝三模鍵盤(空山藍語)/96%配置/有線/無線/藍牙/PBT/雪皇軸/中文/熱插拔,2590,,熱賣
17,鍵盤+鼠｜搖桿｜桌+椅,RK(ROYAL KLUDGE)機械式鍵盤,308,｛Royal Kludge G98｝三模鍵盤/有線/無線/藍牙/黃軸/中文/熱插拔(限量贈煙雨軸 V2 軸罐),2180,,熱賣
17,鍵盤+鼠｜搖桿｜桌+椅,首席玩家 1st Player 機械式鍵盤,310,｛1st Player Mk5｝復古機械式鍵盤/有線/青軸/可換軸/Rgb/中文(Bs-Black3t)(原價1490),890,,熱賣
17,鍵盤+鼠｜搖桿｜桌+椅,首席玩家 1st Player 機械式鍵盤,311,｛1st Player Mk980｝白圭之惑 機械式鍵盤/有線/青軸/中文/96%配置/插拔軸/Rgb,1390,,
17,鍵盤+鼠｜搖桿｜桌+椅,首席玩家 1st Player 機械式鍵盤,313,｛1st Player Mk980｝白圭之惑 機械式鍵盤/有線/紅軸/中文/96%配置/插拔軸/Rgb,1390,,
17,鍵盤+鼠｜搖桿｜桌+椅,首席玩家 1st Player 機械式鍵盤,315,｛1st Player Mk980｝白圭之惑 機械式鍵盤/有線/茶軸/中文/96%配置/插拔軸/Rgb,1390,,
17,鍵盤+鼠｜搖桿｜桌+椅,首席玩家 1st Player 機械式鍵盤,317,｛1st Player Mk980｝白圭之惑 機械式鍵盤/有線/黃軸/中文/96%配置/插拔軸/Rgb,1390,,
17,鍵盤+鼠｜搖桿｜桌+椅,HyperX 鍵盤,320,｛HyperX Eve 1800｝電競鍵盤/有線/薄膜/中文/專用媒體按鍵/Rgb,1890,,熱賣
17,鍵盤+鼠｜搖桿｜桌+椅,HyperX 鍵盤,321,(組合優惠)HyperX Eve 1800 電競鍵盤+HyperX Pulsefire Fuse 無線滑鼠 原價$3290,2490,,熱賣
17,鍵盤+鼠｜搖桿｜桌+椅,HyperX 鍵盤,322,｛HyperX Alloy Rise 75｝機械式/有線/HyperX 紅軸/中文/熱插拔/專用媒體控制鍵,2790,,熱賣
17,鍵盤+鼠｜搖桿｜桌+椅,B.Friend 鍵盤,325,｛B.Friend 2.4G｝巧克力輕量無線鍵鼠組(黑色)/人體工學設計/時尚外觀,490,,
17,鍵盤+鼠｜搖桿｜桌+椅,B.Friend 鍵盤,326,｛B.Friend RF1430K｝剪刀腳無線鍵盤(白)/無線2.4g/中文/剪刀腳結構設計(限網單),599,,
17,鍵盤+鼠｜搖桿｜桌+椅,B.Friend 鍵盤,327,｛B.Friend RB730｝無線雙模智能鍵盤(黑)/無線/藍牙/中文/人體工學減壓鍵帽/靜音剪刀腳,849,,熱賣
17,鍵盤+鼠｜搖桿｜桌+椅,B.Friend 鍵盤,328,｛B.Friend RB730｝無線雙模智能鍵盤(太空灰)/無線/藍牙/中文/人體工學減壓鍵帽/靜音剪刀腳,849,,熱賣
17,鍵盤+鼠｜搖桿｜桌+椅,B.Friend 鍵盤,329,｛B.Friend RB730｝無線雙模智能鍵盤(白)/無線/藍牙/中文/人體工學減壓鍵帽/靜音剪刀腳,849,,熱賣
17,鍵盤+鼠｜搖桿｜桌+椅,B.Friend 鍵盤,330,｛B.Friend K8｝三模充電式鍵盤(霧銀白)/有線/無線/藍牙/防潑水/Win系統/鋁合金/靜音剪刀腳,1680,,熱賣
17,鍵盤+鼠｜搖桿｜桌+椅,B.Friend 鍵盤,331,｛B.Friend K8｝三模充電式鍵盤(太空灰)/有線/無線/藍牙/防潑水/Win系統/鋁合金/靜音剪刀腳,1680,,熱賣
17,鍵盤+鼠｜搖桿｜桌+椅,海盜船 Corsair 鍵盤,333,｛海盜船 K55 Core｝Rgb 電競鍵盤/有線/防潑水設計/支援iCUE軟體/10區Rgb,990,,
17,鍵盤+鼠｜搖桿｜桌+椅,海盜船 Corsair 鍵盤,334,｛海盜船 K70 Core｝機械式鍵盤(黑)/有線/線性紅軸/中文/自定義多功能旋鈕/雙層減震/Rgb,2690,,
17,鍵盤+鼠｜搖桿｜桌+椅,海盜船 Corsair 鍵盤,335,｛海盜船 K70 Core Se｝ 機械式鍵盤(白)/有線/線性紅軸/中文/自定義多功能旋鈕/Rgb,1890,,熱賣
17,鍵盤+鼠｜搖桿｜桌+椅,海盜船 Corsair 鍵盤,336,｛海盜船 K100 Rgb｝機械式鍵盤/有線/Opx光軸/中文/Rgb/手托/巨集(限網單),3890,,熱賣
17,鍵盤+鼠｜搖桿｜桌+椅,海盜船 Corsair 鍵盤,337,｛海盜船 Clipper Pro Mini 60｝(破浪者)磁軸鍵盤(黑)/有線/中文/8000Hz/雙層消音結構,3390,,
17,鍵盤+鼠｜搖桿｜桌+椅,海盜船 Corsair 鍵盤,338,｛海盜船 Vanguard LCD｝(先鋒者)機械式鍵盤/有線/96%/MLX線性紅軸/中文/8000Hz/熱插拔/Rgb,4290,,熱賣
17,鍵盤+鼠｜搖桿｜桌+椅,海盜船 Corsair 鍵盤,339,｛海盜船 Vanguard LCD｝(先鋒者)機械式鍵盤/有線/96%/MLX觸感黃軸/中文/8000Hz/熱插拔/Rgb,4290,,熱賣
17,鍵盤+鼠｜搖桿｜桌+椅,海盜船 Corsair 鍵盤,340,｛海盜船 Vanguard LCD｝(先鋒者)機械式鍵盤(黑白)/有線/96%/段落紫軸/英文/8000Hz/熱插拔/Rgb,4490,,熱賣
17,鍵盤+鼠｜搖桿｜桌+椅,海盜船 Corsair 鍵盤,341,｛海盜船 Vanguard Pro LCD｝(先鋒者)機械式鍵盤/有線/96%/MGX磁軸/中文/8000Hz/熱插拔/Rgb,5990,,熱賣
17,鍵盤+鼠｜搖桿｜桌+椅,海盜船 Corsair 鍵盤,342,｛海盜船 Vanguard 96｝(先鋒者)三模鍵盤(黑)/有線/無線/藍牙/96%/MLX線性紅軸/中文/8000Hz,5990,,
17,鍵盤+鼠｜搖桿｜桌+椅,海盜船 Corsair 鍵盤,343,｛海盜船 Vanguard AIR99｝(先鋒者)三模鍵盤(黑)/有線/無線/藍牙/矮光軸/99%佈局/6組可編程SD鍵,7990,,
17,鍵盤+鼠｜搖桿｜桌+椅,海盜船 Corsair 鍵盤,344,｛海盜船 Vanguard AIR99｝(先鋒者)三模鍵盤(白)/有線/無線/藍牙/矮光軸/99%佈局/6組可編程SD鍵,7990,,
17,鍵盤+鼠｜搖桿｜桌+椅,海盜船 Corsair 鍵盤,345,｛海盜船 Galleon 100 SD｝機械式鍵盤/有線/紫軸/中文/插拔軸/Stream Deck 技術/5吋 LCD,9890,,
17,鍵盤+鼠｜搖桿｜桌+椅,irocks 鍵盤,347,｛irocks k46br｝雙模剪刀腳鍵盤(黑)/無線/藍芽/中文/薄型鋁合金外觀設計/安靜/平穩,1190,,
17,鍵盤+鼠｜搖桿｜桌+椅,irocks 鍵盤,348,｛irocks k46br｝雙模剪刀腳鍵盤(白)/無線/藍芽/中文/薄型鋁合金外觀設計/安靜/平穩,1190,,
17,鍵盤+鼠｜搖桿｜桌+椅,irocks 鍵盤,349,｛irocks K105BR｝三模剪刀腳靜音鍵盤(海松石綠)/有線/無線/藍牙/中文/支援MAC系統,1390,,熱賣
17,鍵盤+鼠｜搖桿｜桌+椅,irocks 鍵盤,350,｛irocks K105BR｝三模剪刀腳靜音鍵盤(亞麻晨光)/有線/無線/藍牙/中文/支援MAC系統,1390,,熱賣
17,鍵盤+鼠｜搖桿｜桌+椅,irocks 鍵盤,351,｛irocks K105BR｝三模剪刀腳靜音鍵盤(冰川灰藍)/有線/無線/藍牙/中文/支援MAC系統,1390,,熱賣
17,鍵盤+鼠｜搖桿｜桌+椅,irocks 鍵盤,352,｛irocks K105BR｝三模剪刀腳靜音鍵盤(朝露青芽)/有線/無線/藍牙/中文/支援MAC系統,1390,,熱賣
17,鍵盤+鼠｜搖桿｜桌+椅,irocks 鍵盤,353,｛irocks K100RP｝無線靜音鍵盤滑鼠組(黑)/無線2.4g/簡約流線/多媒體快捷鍵,899,,酷幣300
17,鍵盤+鼠｜搖桿｜桌+椅,irocks 鍵盤,354,｛irocks K100RP｝無線靜音鍵盤滑鼠組(白)/無線2.4g/簡約流線/多媒體快捷鍵,899,,酷幣300
17,鍵盤+鼠｜搖桿｜桌+椅,irocks 鍵盤,355,｛irocks K105RP｝三模剪刀腳靜音鍵鼠組(海松石綠)/有線/無線/藍牙/中文/支援MAC系統,1890,,熱賣
17,鍵盤+鼠｜搖桿｜桌+椅,irocks 鍵盤,356,｛irocks K105RP｝三模剪刀腳靜音鍵鼠組(亞麻晨光)/有線/無線/藍牙/中文/支援MAC系統,1890,,熱賣
17,鍵盤+鼠｜搖桿｜桌+椅,irocks 鍵盤,357,｛irocks K105RP｝三模剪刀腳靜音鍵鼠組(冰川灰藍)/有線/無線/藍牙/中文/支援MAC系統,1890,,熱賣
17,鍵盤+鼠｜搖桿｜桌+椅,irocks 鍵盤,358,｛irocks K105RP｝三模剪刀腳靜音鍵鼠組(朝露青芽)/有線/無線/藍牙/中文/支援MAC系統,1890,,熱賣
17,鍵盤+鼠｜搖桿｜桌+椅,irocks 鍵盤,359,｛irocks K71M-Gateron｝機械式鍵盤(黑)/有線/Pbt/青軸/金屬旋鈕/中文/懸浮/Rgb,1890,,熱賣
17,鍵盤+鼠｜搖桿｜桌+椅,irocks 鍵盤,360,｛irocks K71M-Gateron｝機械式鍵盤(黑)/有線/Pbt/紅軸/金屬旋鈕/中文/懸浮/Rgb,1890,,熱賣
17,鍵盤+鼠｜搖桿｜桌+椅,irocks 鍵盤,361,｛irocks K71M-Gateron｝機械式鍵盤(黑)/有線/Pbt/茶軸/金屬旋鈕/中文/懸浮/Rgb,1890,,熱賣
17,鍵盤+鼠｜搖桿｜桌+椅,irocks 鍵盤,362,｛irocks K71M-Gateron｝機械式鍵盤(白)/有線/Pbt/紅軸/金屬旋鈕/中文/懸浮/Rgb,1890,,熱賣
17,鍵盤+鼠｜搖桿｜桌+椅,irocks 鍵盤,363,｛irocks K71R-Gateron｝機械式鍵盤(白)/無線/Pbt/青軸/金屬旋鈕/中文/專屬設定軟體/Rgb,2690,,
17,鍵盤+鼠｜搖桿｜桌+椅,irocks 鍵盤,364,｛irocks K71R-Gateron｝機械式鍵盤(白)/無線/Pbt/紅軸/金屬旋鈕/中文/專屬設定軟體/Rgb,2690,,
17,鍵盤+鼠｜搖桿｜桌+椅,irocks 鍵盤,365,｛Irocks K71R Pro｝三模機械式鍵盤(黑色)/有線/無線/藍芽/莓紅軸/中文/支援雙系統/Rgb,2990,,
17,鍵盤+鼠｜搖桿｜桌+椅,irocks 鍵盤,366,｛Irocks K71R Pro｝三模機械式鍵盤(黑色)/有線/無線/藍芽/奶茶軸/中文/支援雙系統/Rgb,2990,,
17,鍵盤+鼠｜搖桿｜桌+椅,irocks 鍵盤,367,｛Irocks K71R Pro｝三模機械式鍵盤(黑色)/有線/無線/藍芽/靜音奶茶軸/中文/支援雙系統/Rgb,3290,,
17,鍵盤+鼠｜搖桿｜桌+椅,irocks 鍵盤,368,｛Irocks K71R Pro｝三模機械式鍵盤(星空藍)/有線/無線/藍芽/莓紅軸/中文/支援雙系統/Rgb,2990,,
17,鍵盤+鼠｜搖桿｜桌+椅,irocks 鍵盤,369,｛Irocks K71R Pro｝三模機械式鍵盤(星空藍)/有線/無線/藍芽/奶茶軸/中文/支援雙系統/Rgb,2990,,
17,鍵盤+鼠｜搖桿｜桌+椅,irocks 鍵盤,370,｛Irocks K71R Pro｝三模機械式鍵盤(星空藍)/有線/無線/藍芽/靜音奶茶軸/中文/支援雙系統/Rgb,3290,,
17,鍵盤+鼠｜搖桿｜桌+椅,irocks 鍵盤,371,｛Irocks K71R Pro｝三模機械式鍵盤(白色)/有線/無線/藍芽/莓紅軸/中文/支援雙系統/Rgb,2990,,
17,鍵盤+鼠｜搖桿｜桌+椅,irocks 鍵盤,372,｛Irocks K71R Pro｝三模機械式鍵盤(白色)/有線/無線/藍芽/奶茶軸/中文/支援雙系統/Rgb,2990,,
17,鍵盤+鼠｜搖桿｜桌+椅,irocks 鍵盤,373,｛Irocks K71R Pro｝三模機械式鍵盤(白色)/有線/無線/藍芽/靜音奶茶軸/中文/支援雙系統/Rgb,3290,,
17,鍵盤+鼠｜搖桿｜桌+椅,irocks 鍵盤,374,｛irocks K74m-Gateron｝機械式鍵盤(黑)/有線/插拔軸/青軸/中文/懸浮/智慧滾輪/白光,2690,,
17,鍵盤+鼠｜搖桿｜桌+椅,irocks 鍵盤,375,｛irocks K74m-Gateron｝機械式鍵盤(白)/有線/插拔軸/青軸/中文/懸浮/智慧滾輪/白光,2690,,
17,鍵盤+鼠｜搖桿｜桌+椅,irocks 鍵盤,376,｛irocks K74m-Gateron｝機械式鍵盤(白)/有線/插拔軸/紅軸/中文/懸浮/智慧滾輪/白光,2690,,
17,鍵盤+鼠｜搖桿｜桌+椅,irocks 鍵盤,377,｛irocks K74m-Gateron｝機械式鍵盤(白)/有線/插拔軸/茶軸/中文/懸浮/智慧滾輪/白光,2690,,
17,鍵盤+鼠｜搖桿｜桌+椅,irocks 鍵盤,378,｛irocks K74R Pro｝三模機械式鍵盤(鉑金灰)/有線/無線/藍芽/熱插拔/懸浮/莓紅軸/中文/Rgb,3690,,
17,鍵盤+鼠｜搖桿｜桌+椅,irocks 鍵盤,379,｛irocks K74R Pro｝三模機械式鍵盤(鉑金灰)/有線/無線/藍芽/熱插拔/懸浮/奶茶軸/中文/Rgb,3690,,
17,鍵盤+鼠｜搖桿｜桌+椅,irocks 鍵盤,380,｛irocks K74R Pro｝三模機械式鍵盤(鉑金灰)/有線/無線/藍芽/熱插拔/懸浮/靜音奶茶軸/中文/Rgb,3890,,
17,鍵盤+鼠｜搖桿｜桌+椅,irocks 鍵盤,381,｛irocks K74R Pro｝三模機械式鍵盤(海島藍)/有線/無線/藍芽/熱插拔/懸浮/莓紅軸/中文/Rgb,3690,,
17,鍵盤+鼠｜搖桿｜桌+椅,irocks 鍵盤,382,｛irocks K74R Pro｝三模機械式鍵盤(海島藍)/有線/無線/藍芽/熱插拔/懸浮/奶茶軸/中文/Rgb,3690,,
17,鍵盤+鼠｜搖桿｜桌+椅,irocks 鍵盤,383,｛irocks K74R Pro｝三模機械式鍵盤(海島藍)/有線/無線/藍芽/熱插拔/懸浮/靜音奶茶軸/中文/Rgb,3890,,
17,鍵盤+鼠｜搖桿｜桌+椅,irocks 鍵盤,384,｛Irocks K85r-Gateron｝無線機械式鍵盤(冰晶白)插拔軸/莓紅軸/中文/消音層設計/Rgb,3591,,熱賣
17,鍵盤+鼠｜搖桿｜桌+椅,irocks 鍵盤,385,｛Irocks K85r-Gateron｝無線機械式鍵盤(冰晶白)插拔軸/奶茶軸/中文/消音層設計/Rgb,3591,,熱賣
17,鍵盤+鼠｜搖桿｜桌+椅,irocks 鍵盤,386,｛Irocks K85r-Gateron｝無線機械式鍵盤(冰晶白)插拔軸/靜音奶茶軸/中文/消音層設計/Rgb,3861,,熱賣
17,鍵盤+鼠｜搖桿｜桌+椅,irocks 鍵盤,387,｛Irocks K85r-Gateron｝無線機械式鍵盤(摩卡棕)插拔軸/莓紅軸/中文/消音層設計/Rgb,3591,,熱賣
17,鍵盤+鼠｜搖桿｜桌+椅,irocks 鍵盤,388,｛Irocks K85r-Gateron｝無線機械式鍵盤(摩卡棕)插拔軸/奶茶軸/中文/消音層設計/Rgb,3591,,熱賣
17,鍵盤+鼠｜搖桿｜桌+椅,irocks 鍵盤,389,｛Irocks K85r-Gateron｝無線機械式鍵盤(摩卡棕)插拔軸/靜音奶茶軸/中文/消音層設計/Rgb,3861,,熱賣
17,鍵盤+鼠｜搖桿｜桌+椅,irocks 鍵盤,390,｛Irocks K85r-Gateron｝無線機械式鍵盤(石磨灰)插拔軸/莓紅軸/中文/消音層設計/Rgb,3591,,熱賣
17,鍵盤+鼠｜搖桿｜桌+椅,irocks 鍵盤,391,｛Irocks K85r-Gateron｝無線機械式鍵盤(石磨灰)插拔軸/奶茶軸/中文/消音層設計/Rgb,3591,,熱賣
17,鍵盤+鼠｜搖桿｜桌+椅,irocks 鍵盤,392,｛Irocks K85r-Gateron｝無線機械式鍵盤(石磨灰)插拔軸/靜音奶茶軸/中文/消音層設計/Rgb,3861,,熱賣
17,鍵盤+鼠｜搖桿｜桌+椅,irocks 鍵盤,393,｛Irocks K103R｝三模機械式鍵盤(宇治金時)/有線/無線/藍芽/插拔軸/莓紅軸/中文/Rgb,2290,,
17,鍵盤+鼠｜搖桿｜桌+椅,irocks 鍵盤,394,｛Irocks K103R｝三模機械式鍵盤(宇治金時)/有線/無線/藍芽/插拔軸/靜音奶茶軸/中文/Rgb,2590,,
17,鍵盤+鼠｜搖桿｜桌+椅,irocks 鍵盤,395,｛Irocks K103R｝三模機械式鍵盤(薰衣紫)/有線/無線/藍芽/插拔軸/奶茶軸/中文/Rgb,2290,,
17,鍵盤+鼠｜搖桿｜桌+椅,irocks 鍵盤,396,｛Irocks K103R｝三模機械式鍵盤(薰衣紫)/有線/無線/藍芽/插拔軸/莓紅軸/中文/Rgb,2290,,
17,鍵盤+鼠｜搖桿｜桌+椅,irocks 鍵盤,397,｛Irocks K103R｝三模機械式鍵盤(薰衣紫)/有線/無線/藍芽/插拔軸/靜音奶茶軸/中文/Rgb,2590,,
17,鍵盤+鼠｜搖桿｜桌+椅,irocks 鍵盤,398,｛Irocks K103R｝三模機械式鍵盤(極光藍)/有線/無線/藍芽/插拔軸/奶茶軸/中文/Rgb,2290,,
17,鍵盤+鼠｜搖桿｜桌+椅,irocks 鍵盤,399,｛Irocks K103R｝三模機械式鍵盤(極光藍)/有線/無線/藍芽/插拔軸/莓紅軸/中文/Rgb,2290,,
17,鍵盤+鼠｜搖桿｜桌+椅,irocks 鍵盤,400,｛Irocks K103R｝三模機械式鍵盤(極光藍)/有線/無線/藍芽/插拔軸/靜音奶茶軸/中文/Rgb,2590,,
17,鍵盤+鼠｜搖桿｜桌+椅,irocks 鍵盤,401,｛Irocks K107R｝三模機械式鍵盤(黑色)/有線/無線/藍芽/插拔軸/矮青軸/中文/Rgb贈雙層玻璃杯,2631,,熱賣
17,鍵盤+鼠｜搖桿｜桌+椅,irocks 鍵盤,402,｛Irocks K107R｝三模機械式鍵盤(黑色)/有線/無線/藍芽/插拔軸/莓紅軸/中文/Rgb贈雙層玻璃杯,2631,,熱賣
17,鍵盤+鼠｜搖桿｜桌+椅,irocks 鍵盤,403,｛Irocks K107R｝三模機械式鍵盤(黑色)/有線/無線/藍芽/插拔軸/奶茶軸/中文/Rgb贈雙層玻璃杯,2631,,熱賣
17,鍵盤+鼠｜搖桿｜桌+椅,irocks 鍵盤,404,｛Irocks K107R｝三模機械式鍵盤(白色)/有線/無線/藍芽/插拔軸/矮青軸/中文/Rgb贈雙層玻璃杯,2631,,熱賣
17,鍵盤+鼠｜搖桿｜桌+椅,irocks 鍵盤,405,｛Irocks K107R｝三模機械式鍵盤(白色)/有線/無線/藍芽/插拔軸/莓紅軸/中文/Rgb贈雙層玻璃杯,2631,,熱賣
17,鍵盤+鼠｜搖桿｜桌+椅,irocks 鍵盤,406,｛Irocks K107R｝三模機械式鍵盤(白色)/有線/無線/藍芽/插拔軸/奶茶軸/中文/Rgb贈雙層玻璃杯,2631,,熱賣
17,鍵盤+鼠｜搖桿｜桌+椅,irocks 鍵盤,407,｛Irocks K107R｝三模機械式鍵盤(海灣藍)/有線/無線/藍芽/插拔軸/矮青軸/中文/Rgb贈雙層玻璃杯,2631,,熱賣
17,鍵盤+鼠｜搖桿｜桌+椅,irocks 鍵盤,408,｛Irocks K107R｝三模機械式鍵盤(海灣藍)/有線/無線/藍芽/插拔軸/莓紅軸/中文/Rgb贈雙層玻璃杯,2631,,熱賣
17,鍵盤+鼠｜搖桿｜桌+椅,irocks 鍵盤,409,｛Irocks K107R｝三模機械式鍵盤(海灣藍)/有線/無線/藍芽/插拔軸/奶茶軸/中文/Rgb贈雙層玻璃杯,2631,,熱賣
17,鍵盤+鼠｜搖桿｜桌+椅,irocks 鍵盤,410,｛Irocks K104H｝磁軸機械式鍵盤(柔砂金)/有線/磁軸(凱華)/8000Hz/68鍵/全鋁外殼,4990,,
17,鍵盤+鼠｜搖桿｜桌+椅,irocks 鍵盤,411,｛Irocks K104H｝磁軸機械式鍵盤(櫻花粉)/有線/磁軸(凱華)/8000Hz/68鍵/全鋁外殼,4990,,
17,鍵盤+鼠｜搖桿｜桌+椅,羅技 鍵鼠組,413,｛羅技 MK120｝鍵鼠組/有線/雙USB介面/超薄設計/黑,599,,
17,鍵盤+鼠｜搖桿｜桌+椅,羅技 鍵鼠組,414,〈套裝搭購優惠價〉｛羅技 MK120｝鍵鼠組/有線/雙USB介面/超薄設計/黑,499,,熱賣
17,鍵盤+鼠｜搖桿｜桌+椅,羅技 鍵鼠組,415,｛羅技 MK200｝多媒體鍵鼠組/有線/雙USB介面/超薄設計,629,,
17,鍵盤+鼠｜搖桿｜桌+椅,羅技 鍵鼠組,416,〈套裝搭購優惠價〉羅技 Mk200 多媒體鍵鼠組/有線/雙USB介面/超薄設計,529,,熱賣
17,鍵盤+鼠｜搖桿｜桌+椅,羅技 鍵鼠組,417,｛羅技 Mk220｝鍵鼠組/無線/鍵盤無邊設計,699,,
17,鍵盤+鼠｜搖桿｜桌+椅,羅技 鍵鼠組,418,〈套裝搭購優惠價〉羅技 Mk220 鍵鼠組,599,,熱賣
17,鍵盤+鼠｜搖桿｜桌+椅,羅技 鍵鼠組,419,｛羅技 MK235 鍵鼠組/無線/鍵盤無邊設計,729,,
17,鍵盤+鼠｜搖桿｜桌+椅,羅技 鍵鼠組,420,〈套裝搭購優惠價〉｛羅技 MK235 鍵鼠組/無線/鍵盤無邊設計,629,,熱賣
17,鍵盤+鼠｜搖桿｜桌+椅,羅技 鍵鼠組,421,｛羅技 MK270r ｝鍵鼠組/無線/多媒體鍵/防濺灑/Nano接受器,829,,
17,鍵盤+鼠｜搖桿｜桌+椅,羅技 鍵鼠組,422,〈套裝搭購優惠價〉羅技 Mk270r 鍵鼠組/無線/多媒體鍵/防濺灑/Nano接受器,729,,熱賣
17,鍵盤+鼠｜搖桿｜桌+椅,羅技 鍵鼠組,423,｛羅技 MK250｝藍芽鍵鼠組(石墨黑)/藍牙/快速連線/防潑濺/採用回收塑膠製造,990,,
17,鍵盤+鼠｜搖桿｜桌+椅,羅技 鍵鼠組,424,｛羅技 MK250｝藍芽鍵鼠組(珍珠白)/藍牙/快速連線/防潑濺/採用回收塑膠製造,990,,
17,鍵盤+鼠｜搖桿｜桌+椅,羅技 鍵鼠組,425,｛羅技 MK295｝靜音鍵鼠組(石墨黑)/無線/多媒體按鍵/靜音,990,,
17,鍵盤+鼠｜搖桿｜桌+椅,羅技 鍵鼠組,426,｛羅技 MK295｝靜音鍵鼠組(珍珠白)/無線/多媒體按鍵/靜音,990,,
17,鍵盤+鼠｜搖桿｜桌+椅,羅技 鍵鼠組,427,｛羅技 MK345｝鍵鼠組/無線/多媒體鍵/2.4 GHz 無線連線技術,1390,,
17,鍵盤+鼠｜搖桿｜桌+椅,羅技 鍵鼠組,428,〈套裝搭購優惠價〉｛羅技 MK345｝鍵鼠組/無線/多媒體鍵/2.4 GHz 無線連線技術,1290,,熱賣
17,鍵盤+鼠｜搖桿｜桌+椅,羅技 鍵鼠組,429,｛羅技 MK470｝無線鍵鼠組(珍珠白)/無線/靜音/超薄/Nano接受器,1590,,
17,鍵盤+鼠｜搖桿｜桌+椅,羅技 鍵鼠組,430,｛羅技 MK470｝無線鍵鼠組(石墨灰)/無線/靜音/超薄/Nano接受器,1590,,
17,鍵盤+鼠｜搖桿｜桌+椅,羅技 鍵鼠組,431,｛羅技 MK470｝無線鍵鼠組(玫瑰粉)/無線/靜音/超薄/Nano接受器,1590,,
17,鍵盤+鼠｜搖桿｜桌+椅,羅技 鍵鼠組,432,｛羅技 MK540｝無線鍵鼠組/Unifying接收器/K540鍵盤+M310滑鼠/熟悉的打字體驗,1990,,
17,鍵盤+鼠｜搖桿｜桌+椅,羅技 鍵鼠組,433,｛羅技 MK850｝鍵鼠組/無線/藍牙/Unifying/Easy-Switch技術/Duolink軟體,3690,,酷幣200
17,鍵盤+鼠｜搖桿｜桌+椅,羅技 鍵鼠組,434,｛羅技 MK880｝多工舒適無線鍵鼠組/無線(Bolt 接受器另購)/藍牙/掌墊滑鼠/掌托設計,3190,,酷幣200
17,鍵盤+鼠｜搖桿｜桌+椅,羅技 鍵鼠組,435,｛羅技 MK950｝無線纖薄靜音鍵鼠組/無線(Logi Bolt)-藍牙5.1/多作業系統相容性,3990,,酷幣200
17,鍵盤+鼠｜搖桿｜桌+椅,羅技 鍵鼠組,436,｛羅技 Pebble 2 Combo｝無線藍牙鍵鼠組(石墨灰)(K380S 鍵盤+M350S 滑鼠),1590,,
17,鍵盤+鼠｜搖桿｜桌+椅,羅技 鍵鼠組,437,｛羅技 Pebble 2 Combo｝無線藍牙鍵鼠組(玫瑰粉)(K380S 鍵盤+M350S 滑鼠)(限網單),1590,,
17,鍵盤+鼠｜搖桿｜桌+椅,羅技 商務鍵盤,439,｛羅技 K120｝Usb 鍵盤/有線/防濺灑設計,349,,
17,鍵盤+鼠｜搖桿｜桌+椅,羅技 商務鍵盤,440,｛羅技 K270｝多媒體鍵盤/無線/2.4GHz Unifying接收器,649,,
17,鍵盤+鼠｜搖桿｜桌+椅,羅技 商務鍵盤,441,｛羅技 K380s｝跨平台藍牙鍵盤(石墨灰)/無線(接受器另購)+藍牙/續行提升,990,,
17,鍵盤+鼠｜搖桿｜桌+椅,羅技 商務鍵盤,442,｛羅技 K380s｝跨平台藍牙鍵盤(珍珠白)/無線(接受器另購)+藍牙/續行提升,990,,
17,鍵盤+鼠｜搖桿｜桌+椅,羅技 商務鍵盤,443,｛羅技 K380s｝跨平台藍牙鍵盤(玫瑰粉)/無線(接受器另購)+藍牙/續行提升,990,,
17,鍵盤+鼠｜搖桿｜桌+椅,羅技 商務鍵盤,444,｛羅技 K580｝超薄跨平台藍牙鍵盤(石墨灰)/USB-藍牙雙用/支援Android/iOS▼下殺到 9/27 23:59,1090,1290,價格異動 下殺
17,鍵盤+鼠｜搖桿｜桌+椅,羅技 商務鍵盤,445,｛羅技 K580｝超薄跨平台藍牙鍵盤(珍珠白)/USB-藍牙雙用/支援Android/iOS▼下殺到 9/27 23:59,1090,1290,價格異動 下殺
17,鍵盤+鼠｜搖桿｜桌+椅,羅技 商務鍵盤,446,｛羅技 K580｝超薄跨平台藍牙鍵盤(玫瑰粉)/USB-藍牙雙用/支援Android/iOS▼下殺到 9/27 23:59,1090,1290,價格異動 下殺
17,鍵盤+鼠｜搖桿｜桌+椅,羅技 商務鍵盤,447,｛羅技 K650｝無線舒適鍵盤(石墨灰)/低緩衝鍵帽設計/一體成型手托/防潑水/快捷鍵,1490,,
17,鍵盤+鼠｜搖桿｜桌+椅,羅技 商務鍵盤,448,｛羅技 K650｝無線舒適鍵盤(珍珠白)/低緩衝鍵帽設計/一體成型手托/防潑水/快捷鍵,1490,,
17,鍵盤+鼠｜搖桿｜桌+椅,羅技 商務鍵盤,449,｛羅技 K950｝無線纖薄鍵盤/無線(Logi Bolt)-藍牙5.1/多裝置連線/低噪音打字,2990,,酷幣100
17,鍵盤+鼠｜搖桿｜桌+椅,羅技 商務鍵盤,450,｛羅技 Slim Solar+ K980｝光能無線鍵盤/無線(Logi Bolt)-藍牙/光能供電/支援Mac/接受器需另購,3490,,酷幣200
17,鍵盤+鼠｜搖桿｜桌+椅,羅技 商務鍵盤,451,｛羅技 Wave Keys｝人體工學鍵盤(石墨灰)/無線/藍牙/一體成形手托/智能啟動功能▼下殺到 9/27 23:59,1990,2290,價格異動 下殺
17,鍵盤+鼠｜搖桿｜桌+椅,羅技 商務鍵盤,452,｛羅技 Wave Keys｝人體工學鍵盤(珍珠白)/無線/藍牙/一體成形手托/智能啟動功能▼下殺到 9/27 23:59,1990,2290,價格異動 下殺
17,鍵盤+鼠｜搖桿｜桌+椅,羅技 商務鍵盤,453,｛羅技 Wave Keys｝人體工學鍵盤(粉色)/無線/藍牙/一體成形手托/智能啟動功能▼下殺到 9/27 23:59,1990,2290,價格異動 下殺
17,鍵盤+鼠｜搖桿｜桌+椅,羅技 商務鍵盤,454,｛羅技 Wave Keys｝人體工學鍵盤(迷霧灰)/無線/藍牙/一體成形手托/智能啟動功能▼下殺到 9/27 23:59,1990,2290,價格異動 下殺
17,鍵盤+鼠｜搖桿｜桌+椅,羅技 商務鍵盤,455,｛羅技 ALTO KEYS K98M｝無線機械式鍵盤(石墨黑)/無線/藍牙/大理石軸/中文/熱插拔,2690,,酷幣100
17,鍵盤+鼠｜搖桿｜桌+椅,羅技 商務鍵盤,456,｛羅技 ALTO KEYS K98M｝無線機械式鍵盤(珍珠白)/無線/藍牙/大理石軸/中文/熱插拔,2690,,酷幣100
17,鍵盤+鼠｜搖桿｜桌+椅,羅技 商務鍵盤,457,｛羅技 ALTO KEYS K98M｝無線機械式鍵盤(夢幻紫)/無線/藍牙/大理石軸/中文/熱插拔,2690,,酷幣100
17,鍵盤+鼠｜搖桿｜桌+椅,羅技 商務鍵盤,458,【套裝搭購優惠】｛羅技 ALTO KEYS K98M｝無線機械式鍵盤,2190,,熱賣 酷幣100
17,鍵盤+鼠｜搖桿｜桌+椅,羅技 商務鍵盤,461,｛羅技 MX Keys S｝無線智能鍵盤/藍牙Usb-C充電/自訂智能背光設定/快捷鍵/石墨灰,3390,,酷幣200
17,鍵盤+鼠｜搖桿｜桌+椅,羅技 商務鍵盤,462,｛羅技 MX Keys S｝無線智能鍵盤/藍牙Usb-C充電/自訂智能背光設定/快捷鍵/珍珠白,3390,,酷幣200
17,鍵盤+鼠｜搖桿｜桌+椅,羅技 商務鍵盤,463,｛羅技 MX Keys S｝無線智能鍵盤+羅技 MX Anywhere 3S〈組合優惠〉原價6980,5380,,酷幣200
17,鍵盤+鼠｜搖桿｜桌+椅,羅技 商務鍵盤,466,｛羅技 MX Mechanical Mini｝無線智能機械式鍵盤/藍牙-無線BOLT接收器/茶軸/中文,3690,,酷幣200
17,鍵盤+鼠｜搖桿｜桌+椅,羅技 商務鍵盤,467,｛羅技 MX Mechanical｝無線智能機械式鍵盤/藍牙-無線BOLT接收器/茶軸/中文,3990,,酷幣200
17,鍵盤+鼠｜搖桿｜桌+椅,羅技 電競鍵盤,469,2026/07/20-09/27購買羅技 G PRO 全系列 即享登錄抽 2026 Apple 全新發表 iPhone,1,,
17,鍵盤+鼠｜搖桿｜桌+椅,羅技 電競鍵盤,470,｛羅技 G213｝Prodigy Rgb 遊戲鍵盤/有線/RGB/中文,1190,,
17,鍵盤+鼠｜搖桿｜桌+椅,羅技 電競鍵盤,471,｛羅技 G316 X 98｝電競鍵盤(黑)/有線8K/觸感軸/中文/多媒體旋鈕搭/LED點陣屏,2990,,酷幣100
17,鍵盤+鼠｜搖桿｜桌+椅,羅技 電競鍵盤,472,｛羅技 G316 X 98｝電競鍵盤(黑)/有線8K/線性軸/中文/多媒體旋鈕搭/LED點陣屏,2990,,酷幣100
17,鍵盤+鼠｜搖桿｜桌+椅,羅技 電競鍵盤,473,｛羅技 G316 X 98｝電競鍵盤(白)/有線8K/觸感軸/中文/多媒體旋鈕搭/LED點陣屏,2990,,酷幣100
17,鍵盤+鼠｜搖桿｜桌+椅,羅技 電競鍵盤,474,｛羅技 G316 X 98｝電競鍵盤(白)/有線8K/線性軸/中文/多媒體旋鈕搭/LED點陣屏,2990,,酷幣100
17,鍵盤+鼠｜搖桿｜桌+椅,羅技 電競鍵盤,475,｛羅技 G512｝機械式鍵盤/有線/GX青軸(敲擊)/Rgb/中文,2290,,酷幣100
17,鍵盤+鼠｜搖桿｜桌+椅,羅技 電競鍵盤,476,｛羅技 G512｝機械式鍵盤/有線/GX茶軸(觸感)/Rgb/中文,2290,,酷幣100
17,鍵盤+鼠｜搖桿｜桌+椅,羅技 電競鍵盤,477,【套裝搭購優惠】｛羅技 G512｝機械式鍵盤,1990,,熱賣 酷幣100
17,鍵盤+鼠｜搖桿｜桌+椅,羅技 電競鍵盤,478,｛羅技 G512 X 75｝類比機械雙軸電競鍵盤 (黑)/有線8K/觸感軸+磁軸/熱插拔/Rgb▼下殺到 9/27 23:59,4990,5390,價格異動 下殺
17,鍵盤+鼠｜搖桿｜桌+椅,羅技 電競鍵盤,479,｛羅技 G512 X 75｝類比機械雙軸電競鍵盤 (黑)/有線8K/線性軸+磁軸/熱插拔/Rgb▼下殺到 9/27 23:59,4990,5390,價格異動 下殺
17,鍵盤+鼠｜搖桿｜桌+椅,羅技 電競鍵盤,480,｛羅技 G512 X 75｝類比機械雙軸電競鍵盤 (黑)/有線8K/線性軸+磁軸/熱插拔/Rgb▼下殺到 9/27 23:59,4990,5390,價格異動 下殺
17,鍵盤+鼠｜搖桿｜桌+椅,羅技 電競鍵盤,481,｛羅技 G512 X 75｝類比機械雙軸電競鍵盤 (白)/有線8K/線性軸+磁軸/熱插拔/Rgb▼下殺到 9/27 23:59,4990,5390,價格異動 下殺
17,鍵盤+鼠｜搖桿｜桌+椅,羅技 電競鍵盤,482,｛羅技 G512 X 75｝類比機械雙軸電競鍵盤+羅技 G512 X 75 磨砂透明壓克力手托,5690,,熱賣 酷幣200
17,鍵盤+鼠｜搖桿｜桌+椅,羅技 電競鍵盤,483,｛羅技 G512 X 98｝類比機械雙軸電競鍵盤 (黑)/有線8K/線性軸+磁軸/熱插拔/Rgb(贈磨砂手托)▼下殺到 9/27 23:59,5690,5990,價格異動 下殺
17,鍵盤+鼠｜搖桿｜桌+椅,羅技 電競鍵盤,484,｛羅技 G512 X 98｝類比機械雙軸電競鍵盤 (白)/有線8K/線性軸+磁軸/熱插拔/Rgb(贈磨砂手托)▼下殺到 9/27 23:59,5690,5990,價格異動 下殺
17,鍵盤+鼠｜搖桿｜桌+椅,羅技 電競鍵盤,485,｛羅技 G512 X 98｝類比機械雙軸電競鍵盤 (黑)/有線8K/觸感軸+磁軸/熱插拔/Rgb(贈磨砂手托)▼下殺到 9/27 23:59,5690,5990,價格異動 下殺
17,鍵盤+鼠｜搖桿｜桌+椅,羅技 電競鍵盤,486,｛羅技 G512 X 98｝類比機械雙軸電競鍵盤 (白)/有線8K/觸感軸+磁軸/熱插拔/Rgb(贈磨砂手托)▼下殺到 9/27 23:59,5690,5990,價格異動 下殺
17,鍵盤+鼠｜搖桿｜桌+椅,羅技 電競鍵盤,487,【套裝搭購優惠】｛羅技 G512 X 98｝類比機械雙軸電競鍵盤,5490,,熱賣 酷幣200
17,鍵盤+鼠｜搖桿｜桌+椅,羅技 電競鍵盤,488,｛羅技 G Pro X V2｝機械式鍵盤/有線/GX青軸/Rgb/87鍵/中文,3990,,酷幣200
17,鍵盤+鼠｜搖桿｜桌+椅,羅技 電競鍵盤,489,｛羅技 G Pro X Tkl｝無線三模機械式鍵盤(黑)/有線+Lightspeed 2.4G+藍牙/中文/茶軸/Rgb,4990,,酷幣200
17,鍵盤+鼠｜搖桿｜桌+椅,羅技 電競鍵盤,490,｛羅技 G Pro X Tkl｝無線三模機械式鍵盤(白)/有線+Lightspeed 2.4G+藍牙/中文/茶軸/Rgb,4990,,酷幣200
17,鍵盤+鼠｜搖桿｜桌+椅,羅技 電競鍵盤,491,｛羅技 G Pro X Tkl｝無線三模機械式鍵盤(桃色)/有線+Lightspeed 2.4G+藍牙/中文/茶軸/Rgb,4990,,酷幣200
17,鍵盤+鼠｜搖桿｜桌+椅,羅技 電競鍵盤,492,｛羅技 G Pro X 60%｝專業機械式電競鍵盤(黑)/有線-Lightspeed 無線-藍芽/光軸/中文,6490,,酷幣200
17,鍵盤+鼠｜搖桿｜桌+椅,羅技 電競鍵盤,493,｛羅技 G Pro X 60%｝專業機械式電競鍵盤(白)/有線-Lightspeed 無線-藍芽/光軸/中文,6490,,酷幣200
17,鍵盤+鼠｜搖桿｜桌+椅,羅技 電競鍵盤,494,｛羅技 G Pro X 60%｝專業機械式電競鍵盤(桃色)/有線-Lightspeed 無線-藍芽/光軸/中文,6490,,酷幣200
17,鍵盤+鼠｜搖桿｜桌+椅,羅技 電競鍵盤,495,｛羅技 G Pro X Tkl Rapid｝類比磁軸電競鍵盤(黑)/有線/中文/強化多層吸音減震層/音量滾輪,4490,,酷幣200
17,鍵盤+鼠｜搖桿｜桌+椅,羅技 電競鍵盤,496,｛羅技 G Pro X Tkl Rapid｝類比磁軸電競鍵盤(白)/有線/中文/強化多層吸音減震層/音量滾輪,4490,,酷幣200
17,鍵盤+鼠｜搖桿｜桌+椅,羅技 電競鍵盤,497,｛羅技 G Pro X Tkl Rapid｝類比磁軸電競鍵盤(桃色)/有線/中文/強化多層吸音減震層/音量滾輪,4490,,酷幣200
17,鍵盤+鼠｜搖桿｜桌+椅,羅技 電競鍵盤,498,【套裝搭購優惠】｛羅技 G Pro X Tkl Rapid｝類比磁軸電競鍵盤,3990,,熱賣 酷幣200
17,鍵盤+鼠｜搖桿｜桌+椅,羅技 電競鍵盤,499,｛羅技 G515 Tkl｝輕薄機械式鍵盤(黑)/有線/GL茶軸/Pbt/Rgb,2490,,酷幣100
17,鍵盤+鼠｜搖桿｜桌+椅,羅技 電競鍵盤,500,｛羅技 G515 Tkl｝三模輕薄無線機械式鍵盤(黑)/有線-無線-藍芽/GL茶軸/Pbt/Rgb,3290,,酷幣200
17,鍵盤+鼠｜搖桿｜桌+椅,羅技 電競鍵盤,501,｛羅技 G515 Tkl｝三模輕薄無線機械式鍵盤(白)/有線-無線-藍芽/GL茶軸/Pbt/Rgb,3290,,酷幣200
17,鍵盤+鼠｜搖桿｜桌+椅,羅技 電競鍵盤,502,｛羅技 G515 Rapid Tkl｝類比磁軸鍵盤(黑)/有線/中文/矮軸/1000Hz/Pbt/Rgb,4790,,酷幣200
17,鍵盤+鼠｜搖桿｜桌+椅,羅技 電競鍵盤,503,｛羅技 G515 Rapid Tkl｝類比磁軸鍵盤(白)/有線/中文/矮軸/1000Hz/Pbt/Rgb,4790,,酷幣200
17,鍵盤+鼠｜搖桿｜桌+椅,羅技 電競鍵盤,505,｛羅技 G915 X｝機械式鍵盤(黑)/有線/茶軸【觸感Tactile】/中文/噴砂鋁合金面板/Rgb,3990,,酷幣200
17,鍵盤+鼠｜搖桿｜桌+椅,羅技 電競鍵盤,506,｛羅技 G915 X｝機械式鍵盤(黑)/有線/紅軸【線性Linear】/中文/噴砂鋁合金面板/Rgb,3990,,酷幣200
17,鍵盤+鼠｜搖桿｜桌+椅,羅技 電競鍵盤,507,｛羅技 G915 X Tkl｝無線三模機械鍵盤(黑)/有線+Lightspeed 2.4G+藍牙/青軸/Rgb/中文,5190,,酷幣200
17,鍵盤+鼠｜搖桿｜桌+椅,羅技 電競鍵盤,508,｛羅技 G915 X Tkl｝無線三模機械鍵盤(黑)/有線+Lightspeed 2.4G+藍牙/紅軸/Rgb/中文,5190,,酷幣200
17,鍵盤+鼠｜搖桿｜桌+椅,羅技 電競鍵盤,509,｛羅技 G915 X Tkl｝無線三模機械鍵盤(白)/有線+Lightspeed 2.4G+藍牙/茶軸/Rgb/中文,5190,,酷幣200
17,鍵盤+鼠｜搖桿｜桌+椅,羅技 電競鍵盤,510,｛羅技 G915 X Tkl｝無線三模機械鍵盤(黑)/有線+Lightspeed 2.4G+藍牙/茶軸/Rgb/中文,5190,,酷幣200
17,鍵盤+鼠｜搖桿｜桌+椅,羅技 電競鍵盤,511,｛羅技 G915 X｝無線三模機械鍵盤(黑)/有線+Lightspeed 2.4G+藍牙/青軸/Rgb/中文,5490,,酷幣200
17,鍵盤+鼠｜搖桿｜桌+椅,羅技 電競鍵盤,512,｛羅技 G915 X｝無線三模機械鍵盤(黑)/有線+Lightspeed 2.4G+藍牙/紅軸/Rgb/中文,5490,,酷幣200
17,鍵盤+鼠｜搖桿｜桌+椅,羅技 電競鍵盤,513,｛羅技 G915 X｝無線三模機械鍵盤(白)/有線+Lightspeed 2.4G+藍牙/茶軸/Rgb/中文,5490,,酷幣200
17,鍵盤+鼠｜搖桿｜桌+椅,羅技 電競鍵盤,514,｛羅技 G915 X｝無線三模機械鍵盤(白)/有線+Lightspeed 2.4G+藍牙/茶軸/Rgb/中文,5490,,酷幣200
17,鍵盤+鼠｜搖桿｜桌+椅,羅技 電競鍵盤,515,【套裝搭購優惠】｛羅技 G915 X｝無線三模機械鍵盤,4990,,熱賣 酷幣200
17,鍵盤+鼠｜搖桿｜桌+椅,電競桌/升降桌 系列【客訂指送】,518,｛Apexgaming Edr-3612｝電競桌-桌上型電動升降(黑色)/體積小免安裝/雙層桌面/USB充電,6390,,
17,鍵盤+鼠｜搖桿｜桌+椅,電競桌/升降桌 系列【客訂指送】,519,｛Apexgaming Edr-3612｝電競桌-桌上型電動升降(白色)/體積小免安裝/雙層桌面/USB充電,6390,,
17,鍵盤+鼠｜搖桿｜桌+椅,電競桌/升降桌 系列【客訂指送】,520,｛Apexgaming Edr-3612｝電競桌-桌上型電動升降(原木)/體積小免安裝/雙層桌面/USB充電,6390,,
17,鍵盤+鼠｜搖桿｜桌+椅,電競桌/升降桌 系列【客訂指送】,521,｛Apexgaming Lumi｝電競桌-電動升降桌(黑)/鋼化玻璃桌面/液晶觸控/Usb充電孔,9990,,
17,鍵盤+鼠｜搖桿｜桌+椅,電競桌/升降桌 系列【客訂指送】,522,｛Apexgaming Lumi｝電競桌-電動升降桌(白)/鋼化玻璃桌面/液晶觸控/Usb充電孔,9990,,
17,鍵盤+鼠｜搖桿｜桌+椅,電競桌/升降桌 系列【客訂指送】,524,｛irocks D01-SL-DX｝電競桌-電動升降(黑曜橡木)/靜音雙馬達/乘重:100KG/120x80cm,14790,,
17,鍵盤+鼠｜搖桿｜桌+椅,電競桌/升降桌 系列【客訂指送】,525,｛irocks D01-SL-DX｝電競桌-電動升降(黑曜橡木)/靜音雙馬達/乘重:100KG/150x80cm,15490,,
17,鍵盤+鼠｜搖桿｜桌+椅,電競桌/升降桌 系列【客訂指送】,526,｛irocks D01-SL-DX｝電競桌-電動升降(黑曜橡木)/靜音雙馬達/乘重:100KG/180x80cm,16490,,
17,鍵盤+鼠｜搖桿｜桌+椅,電競桌/升降桌 系列【客訂指送】,527,｛irocks D01-SL-DX｝電競桌-電動升降(北歐雲杉)/靜音雙馬達/乘重:100KG/120x80cm,14790,,熱賣
17,鍵盤+鼠｜搖桿｜桌+椅,電競桌/升降桌 系列【客訂指送】,528,｛irocks D01-SL-DX｝電競桌-電動升降(北歐雲杉)/靜音雙馬達/乘重:100KG/140x80cm,15490,,熱賣
17,鍵盤+鼠｜搖桿｜桌+椅,電競桌/升降桌 系列【客訂指送】,529,｛irocks D01-SL-DX｝電競桌-電動升降(北歐雲杉)/靜音雙馬達/乘重:100KG/160x80cm,15490,,熱賣
17,鍵盤+鼠｜搖桿｜桌+椅,電競桌/升降桌 系列【客訂指送】,530,｛irocks D01-SL-DX｝電競桌-電動升降(北歐雲杉)/靜音雙馬達/乘重:100KG/180x80cm,16490,,熱賣
17,鍵盤+鼠｜搖桿｜桌+椅,電競桌/升降桌 系列【客訂指送】,531,｛irocks D01-SL-DX｝電競桌-電動升降(菸草橡木)/靜音雙馬達/乘重:100KG/120x80cm,14790,,熱賣
17,鍵盤+鼠｜搖桿｜桌+椅,電競桌/升降桌 系列【客訂指送】,532,｛irocks D01-SL-DX｝電競桌-電動升降(菸草橡木)/靜音雙馬達/乘重:100KG/150x80cm,15490,,熱賣
17,鍵盤+鼠｜搖桿｜桌+椅,電競桌/升降桌 系列【客訂指送】,533,｛irocks D01-SL-DX｝電競桌-電動升降(菸草橡木)/靜音雙馬達/乘重:100KG/160x80cm,15490,,熱賣
17,鍵盤+鼠｜搖桿｜桌+椅,電競桌/升降桌 系列【客訂指送】,534,｛irocks D01-SL-DX｝電競桌-電動升降(菸草橡木)/靜音雙馬達/乘重:100KG/180x80cm,16490,,熱賣
17,鍵盤+鼠｜搖桿｜桌+椅,電競桌/升降桌 系列【客訂指送】,537,｛Cougar E-Ares 120｝電競桌-電動升降/四組高度記憶/安全防護設計/承載80公斤/Rgb,12990,,
17,鍵盤+鼠｜搖桿｜桌+椅,電競桌/升降桌 系列【客訂指送】,538,｛Cougar E-Star 120｝電競桌-電動升降(黑色)/2組高度記憶/仿碳纖維桌面/承載60公斤▼下殺到 9/30 23:59,8990,11990,價格異動 下殺
17,鍵盤+鼠｜搖桿｜桌+椅,電競桌/升降桌 系列【客訂指送】,539,｛Cougar E-Star 120｝電競桌-電動升降(白色)/2組高度記憶/仿碳纖維桌面/承載60公斤▼下殺到 9/30 23:59,8990,11990,價格異動 下殺
17,鍵盤+鼠｜搖桿｜桌+椅,電競桌/升降桌 系列【客訂指送】,540,｛Cougar E-Star 140｝電競桌-電動升降(黑色)/2組高度記憶/仿碳纖維桌面/承載60公斤▼下殺到 9/30 23:59,10990,13990,價格異動 下殺
17,鍵盤+鼠｜搖桿｜桌+椅,電競桌/升降桌 系列【客訂指送】,541,｛Cougar E-Star 140｝電競桌-電動升降(白色)/2組高度記憶/仿碳纖維桌面/承載60公斤▼下殺到 9/30 23:59,10990,13990,價格異動 下殺
17,鍵盤+鼠｜搖桿｜桌+椅,電競桌/升降桌 系列【客訂指送】,542,｛Cougar E-GRAV 160｝電競桌-電動升降 (黑色)/雙馬達/碳纖維紋理桌面/承載120公斤/160x75,14990,,
17,鍵盤+鼠｜搖桿｜桌+椅,電競桌/升降桌 系列【客訂指送】,543,｛Cougar E-GRAV 160｝電競桌-電動升降 (白色)/雙馬達/碳纖維紋理桌面/承載120公斤/160x75,14990,,
17,鍵盤+鼠｜搖桿｜桌+椅,電競桌/升降桌 系列【客訂指送】,544,｛Cougar E-GRAV 180｝電競桌-電動升降 (黑色)/雙馬達/碳纖維紋理桌面/承載120公斤/180x80,15990,,
17,鍵盤+鼠｜搖桿｜桌+椅,電競桌/升降桌 系列【客訂指送】,545,｛Cougar E-GRAV 180｝電競桌-電動升降 (白色)/雙馬達/碳纖維紋理桌面/承載120公斤/180x80,15990,,
17,鍵盤+鼠｜搖桿｜桌+椅,電競桌/升降桌 系列【客訂指送】,546,｛Cougar Deimus 120｝電競桌/雙側翼Rgb燈效/耐重80kg/Usb3.0x2 Type-Cx1,8990,,
17,鍵盤+鼠｜搖桿｜桌+椅,電競桌/升降桌 系列【客訂指送】,547,｛Cougar E-Deimus 120｝電競桌-電動升降/高度記憶鍵X4/Usb3.0x2 Type-Cx1/側翼Rgb,15990,,
17,鍵盤+鼠｜搖桿｜桌+椅,電競桌/升降桌 系列【客訂指送】,548,｛Cougar Mars 120｝戰神電競桌(小)/人體工學/耐刮/多功能控制台/Argb燈效,9990,,熱賣
17,鍵盤+鼠｜搖桿｜桌+椅,電競桌/升降桌 系列【客訂指送】,549,｛Cougar E-Odyssey｝電競桌-電動升降/靜音雙電動馬達/承重100斤/升降安全保護設計,23990,,
17,鍵盤+鼠｜搖桿｜桌+椅,電競桌/升降桌 系列【客訂指送】,551,｛Marsrhino Firspace｝(領域)電競桌-電動升降/全鋼桌板/雙靜音馬達/140x70/耐重80kg/Rgb,14500,,熱賣
17,鍵盤+鼠｜搖桿｜桌+椅,電競桌/升降桌 系列【客訂指送】,553,TX3 電競桌 如需安裝 需支付$2000給現場組裝人員 包含送上樓(偏遠另計 花東只配送),1,,
17,鍵盤+鼠｜搖桿｜桌+椅,電競桌/升降桌 系列【客訂指送】,554,TX3 電競桌 不安裝 住家如無電梯 每上一層需收費用偏遠另計(3層=200)(4層=300),1,,
17,鍵盤+鼠｜搖桿｜桌+椅,電競桌/升降桌 系列【客訂指送】,555,｛TX3 EZLY｝電競桌-電動升降(黑)/自動降落/防撞系統/靜音馬達/承載60公斤/120x60,7499,,
17,鍵盤+鼠｜搖桿｜桌+椅,華碩 ROG 電競椅【客訂指送】,558,｛華碩 ROG SL201 Aethon｝電競椅/2d扶手/全鋼材骨架/雙倍密度座墊/四級氣壓升降,9618,,
17,鍵盤+鼠｜搖桿｜桌+椅,華碩 ROG 電競椅【客訂指送】,559,｛華碩 ROG SL201 Aethon Fabric｝耐磨貓抓布料電競椅/2d軟墊扶手/附頭枕/貓抓布材質,9618,,
17,鍵盤+鼠｜搖桿｜桌+椅,華碩 ROG 電競椅【客訂指送】,560,｛華碩 ROG SL301C Chariot X Core｝電競椅(黑)/賽車風格/4D扶手/強化Pu皮革/最大傾斜 155°,12900,,
17,鍵盤+鼠｜搖桿｜桌+椅,華碩 ROG 電競椅【客訂指送】,561,｛華碩 ROG SL301C Chariot X Core｝電競椅(灰)/賽車風格/4D扶手/強化Pu皮革/最大傾斜 155°,12900,,
17,鍵盤+鼠｜搖桿｜桌+椅,華碩 ROG 電競椅【客訂指送】,562,｛華碩 ROG SL301C Chariot X Core｝電競椅(白)/賽車風格/4D扶手/強化Pu皮革/最大傾斜 155°,12900,,
17,鍵盤+鼠｜搖桿｜桌+椅,華碩 ROG 電競椅【客訂指送】,563,｛華碩 ROG SL302C Courser CORE｝電競椅/4D扶手/可調式腰靠/磁吸式頭枕/動態傾仰機制,19900,,熱賣
17,鍵盤+鼠｜搖桿｜桌+椅,華碩 ROG 電競椅【客訂指送】,565,｛華碩 ROG SL302 Courser RGB｝電競椅/4D扶手/可調式腰靠/磁吸式頭枕/動態傾仰機制/Rgb,24900,,熱賣
17,鍵盤+鼠｜搖桿｜桌+椅,華碩 ROG 電競椅【客訂指送】,567,｛華碩 ROG SL400 Destrier Core｝電競椅(白)/網布+尼龍框架+金屬底座/3段式傾斜,15990,,
17,鍵盤+鼠｜搖桿｜桌+椅,華碩 ROG 電競椅【客訂指送】,568,｛華碩 ROG SL400 Destrier｝電競椅/可拆式隔音屏/扶手可以 360°全幅旋轉/網狀材質,23900,,
17,鍵盤+鼠｜搖桿｜桌+椅,微星 龍魂電競椅【客訂指送】,570,｛微星 Mag Ch120x｝電競椅/鋼架支撐/定型海綿/180°調整椅背/4D扶手/4級桿,7990,,
17,鍵盤+鼠｜搖桿｜桌+椅,微星 龍魂電競椅【客訂指送】,571,｛微星 Mag Ch120I｝電競椅/鋼架支撐/定型海綿/180°調整椅背/4D扶手/4級桿(0901-0930),5990,,熱賣
17,鍵盤+鼠｜搖桿｜桌+椅,Cougar 電競椅【客訂指送】外島 離島無配送 偏遠地區需額外收運費,575,｛Cougar Ranger One｝電競椅-沙發/側邊收納袋/三段式可調整傾斜角度/平織布/黑橘色,8990,,熱賣
17,鍵盤+鼠｜搖桿｜桌+椅,Cougar 電競椅【客訂指送】外島 離島無配送 偏遠地區需額外收運費,577,｛Cougar Ranger One｝電競椅-沙發/側邊收納袋/三段式可調整傾斜角度/亞麻布/灰橘色,8990,,熱賣
17,鍵盤+鼠｜搖桿｜桌+椅,Cougar 電競椅【客訂指送】外島 離島無配送 偏遠地區需額外收運費,579,｛Cougar Ranger Elite Gold｝電競椅-沙發/天鵝絨布料/側邊收納袋/三段式可調整傾斜角度,7990,,熱賣
17,鍵盤+鼠｜搖桿｜桌+椅,Cougar 電競椅【客訂指送】外島 離島無配送 偏遠地區需額外收運費,581,｛Cougar Ranger Elite｝電競椅-沙發(橘)/PVC皮革/側邊收納袋/三段式可調整傾斜角度,7990,,熱賣
17,鍵盤+鼠｜搖桿｜桌+椅,Cougar 電競椅【客訂指送】外島 離島無配送 偏遠地區需額外收運費,583,｛Cougar Ranger Elite Army Green｝電競椅-沙發(綠)/類皮紋科技布/側邊收納袋,7990,,熱賣
17,鍵盤+鼠｜搖桿｜桌+椅,Cougar 電競椅【客訂指送】外島 離島無配送 偏遠地區需額外收運費,585,｛Cougar Ranger Elite Navy Blue｝電競椅-沙發(綠)/類皮紋科技布/側邊收納袋,7990,,熱賣
17,鍵盤+鼠｜搖桿｜桌+椅,Cougar 電競椅【客訂指送】外島 離島無配送 偏遠地區需額外收運費,587,｛Cougar Ranger Elite Jet Gray ｝電競椅-沙發(灰)/類皮紋科技布/側邊收納袋,7990,,熱賣
17,鍵盤+鼠｜搖桿｜桌+椅,Cougar 電競椅【客訂指送】外島 離島無配送 偏遠地區需額外收運費,589,｛Cougar Ranger S｝(黑橘)電競椅-沙發/三段式傾斜椅背/折疊腳踏/PVC皮革,9900,,熱賣
17,鍵盤+鼠｜搖桿｜桌+椅,Cougar 電競椅【客訂指送】外島 離島無配送 偏遠地區需額外收運費,591,｛Cougar Ranger S Black｝(黑)電競椅-沙發/三段式傾斜椅背/折疊腳踏/PVC皮革,9900,,熱賣
17,鍵盤+鼠｜搖桿｜桌+椅,Cougar 電競椅【客訂指送】外島 離島無配送 偏遠地區需額外收運費,593,｛Cougar Ranger S Black｝(黑金)電競椅-沙發/三段式傾斜椅背/折疊腳踏/PVC皮革,9900,,熱賣
17,鍵盤+鼠｜搖桿｜桌+椅,Cougar 電競椅【客訂指送】外島 離島無配送 偏遠地區需額外收運費,595,｛Cougar Overlord｝電競椅-沙發/搖動、傾仰、旋轉/PVC皮革/支援最高350磅重量/大尺寸,13990,,熱賣
17,鍵盤+鼠｜搖桿｜桌+椅,Cougar 電競椅【客訂指送】外島 離島無配送 偏遠地區需額外收運費,597,｛Cougar Overlord Neo｝電競椅-沙發/搖動、傾仰、旋轉/椅背貓耳造型/坐墊採用仿皮質感布料,14990,,熱賣
17,鍵盤+鼠｜搖桿｜桌+椅,Cougar 電競椅【客訂指送】外島 離島無配送 偏遠地區需額外收運費,599,｛Cougar Fidom｝電競椅-沙發/可旋轉式搖椅(黑橘)/仿亞麻布材質/椅背傾斜調整按鍵,10990,,熱賣
17,鍵盤+鼠｜搖桿｜桌+椅,Cougar 電競椅【客訂指送】外島 離島無配送 偏遠地區需額外收運費,601,｛Cougar Fidom｝電競椅-沙發/可旋轉式搖椅(灰橘)/仿亞麻布材質/椅背傾斜調整按鍵,10990,,熱賣
17,鍵盤+鼠｜搖桿｜桌+椅,Cougar 電競椅【客訂指送】外島 離島無配送 偏遠地區需額外收運費,603,｛Cougar Magus｝電競椅-電動沙發(黑)/透氣仿亞麻布料/270° 自由旋轉底座/大尺寸▼下殺到 9/30 23:59,17990,20990,熱賣 價格異動 下殺
17,鍵盤+鼠｜搖桿｜桌+椅,Cougar 電競椅【客訂指送】外島 離島無配送 偏遠地區需額外收運費,605,｛Cougar Magus Gray｝電競椅-電動沙發(灰)/透氣仿亞麻布料/270° 自由旋轉底座/大尺寸▼下殺到 9/30 23:59,17990,20990,熱賣 價格異動 下殺
17,鍵盤+鼠｜搖桿｜桌+椅,Cougar 電競椅【客訂指送】外島 離島無配送 偏遠地區需額外收運費,607,｛Cougar Crosser｝電競椅-凳(橘)/菱形格紋圖案彰/弧形座椅/PVC皮革椅墊/五星椅腳,2990,,
17,鍵盤+鼠｜搖桿｜桌+椅,Cougar 電競椅【客訂指送】外島 離島無配送 偏遠地區需額外收運費,608,｛Cougar Crosser Gold｝電競椅-凳(金線)/菱形格紋圖案彰/弧形座椅/PVC皮革椅墊,2990,,
17,鍵盤+鼠｜搖桿｜桌+椅,Cougar 電競椅【客訂指送】外島 離島無配送 偏遠地區需額外收運費,609,｛Cougar Fusion Ex｝電競椅(黑)/類麂皮布料/動態連動扶手/腰靠內建於椅背/5cm靜音滾輪,7990,,熱賣
17,鍵盤+鼠｜搖桿｜桌+椅,Cougar 電競椅【客訂指送】外島 離島無配送 偏遠地區需額外收運費,611,｛Cougar Fusion Ex｝電競椅(白)/類麂皮布料/動態連動扶手/腰靠內建於椅背/5cm靜音滾輪,7990,,熱賣
17,鍵盤+鼠｜搖桿｜桌+椅,Cougar 電競椅【客訂指送】外島 離島無配送 偏遠地區需額外收運費,613,｛Cougar Armor One V2 F｝電競椅(編織布料)(黑橘)/4D可折疊扶手/經典高背設計/承重120kg,8990,,
17,鍵盤+鼠｜搖桿｜桌+椅,Cougar 電競椅【客訂指送】外島 離島無配送 偏遠地區需額外收運費,615,｛Cougar Armor One V2 Gold F｝電競椅(編織布料)(黑金)/4D可折疊扶手/經典高背設計/承重120kg,8990,,
17,鍵盤+鼠｜搖桿｜桌+椅,Cougar 電競椅【客訂指送】外島 離島無配送 偏遠地區需額外收運費,617,｛Cougar Armor One V2 Black F｝電競椅(仿亞麻布料)(黑)/4D可折疊扶手/經典高背設計/承重120kg,8990,,
17,鍵盤+鼠｜搖桿｜桌+椅,Cougar 電競椅【客訂指送】外島 離島無配送 偏遠地區需額外收運費,619,｛Cougar Armor One V2 Gray F｝電競椅(仿亞麻布料)(灰橘)/4D可折疊扶手/經典高背設計/承重120kg,8990,,
17,鍵盤+鼠｜搖桿｜桌+椅,Cougar 電競椅【客訂指送】外島 離島無配送 偏遠地區需額外收運費,624,｛Cougar Defensor｝電競椅(Hyper-Dura皮革)/PushBack腰部支撐系統/磁吸記憶棉頸枕/4D扶手,12990,,
17,鍵盤+鼠｜搖桿｜桌+椅,Cougar 電競椅【客訂指送】外島 離島無配送 偏遠地區需額外收運費,626,｛Cougar Defensor F｝電競椅(編織布)/PushBack腰部支撐系統/磁吸記憶棉頸枕/4D扶手,12990,,
17,鍵盤+鼠｜搖桿｜桌+椅,Cougar 電競椅【客訂指送】外島 離島無配送 偏遠地區需額外收運費,628,｛Cougar Defensor Gold｝電競椅(Hyper-Dura皮革)/PushBack腰部支撐系統/磁吸記憶棉頸枕/4D扶手,12990,,
17,鍵盤+鼠｜搖桿｜桌+椅,Cougar 電競椅【客訂指送】外島 離島無配送 偏遠地區需額外收運費,630,｛Cougar Defensor Gray F｝電競椅(仿亞麻布)/PushBack腰部支撐系統/磁吸記憶棉頸枕/4D扶手,12990,,
17,鍵盤+鼠｜搖桿｜桌+椅,Cougar 電競椅【客訂指送】外島 離島無配送 偏遠地區需額外收運費,632,｛Cougar Defensor S Army green F｝電競椅(軍綠)(類皮紋)/高級腰部支撐系統/4D扶手,15990,,
17,鍵盤+鼠｜搖桿｜桌+椅,Cougar 電競椅【客訂指送】外島 離島無配送 偏遠地區需額外收運費,634,｛Cougar Defensor S Navy blue F｝電競椅(海軍藍)(類皮紋)/高級腰部支撐系統/4D扶手,15990,,
17,鍵盤+鼠｜搖桿｜桌+椅,Cougar 電競椅【客訂指送】外島 離島無配送 偏遠地區需額外收運費,636,｛Cougar Defensor S Jet gray F｝ 電競椅(鐵灰)(類皮紋)/高級腰部支撐系統/4D扶手,15990,,
17,鍵盤+鼠｜搖桿｜桌+椅,Cougar 電競椅【客訂指送】外島 離島無配送 偏遠地區需額外收運費,638,｛Cougar Stryder｝電競椅-人體工學椅(黑色)/仿亞麻布料/可上掀扶手/加寬可調式頭枕,6990,,
17,鍵盤+鼠｜搖桿｜桌+椅,Cougar 電競椅【客訂指送】外島 離島無配送 偏遠地區需額外收運費,640,｛Cougar Stryder｝電競椅-人體工學椅(灰色)/仿亞麻布料/可上掀扶手/加寬可調式頭枕,6990,,
17,鍵盤+鼠｜搖桿｜桌+椅,Cougar 電競椅【客訂指送】外島 離島無配送 偏遠地區需額外收運費,642,｛Cougar Speeder Elite｝電競椅-人體工學椅/透氣網布/3D扶手/瀑布式坐墊設計,7990,,熱賣
17,鍵盤+鼠｜搖桿｜桌+椅,Cougar 電競椅【客訂指送】外島 離島無配送 偏遠地區需額外收運費,644,｛Cougar Speeder One｝電競椅(黑色)/透氣網布/2D可調扶手 頭枕/調整腰部支撐與座椅深度,10990,,熱賣
17,鍵盤+鼠｜搖桿｜桌+椅,Cougar 電競椅【客訂指送】外島 離島無配送 偏遠地區需額外收運費,646,｛Cougar Speeder One｝電競椅(白色)/透氣網布/2D可調扶手 頭枕/調整腰部支撐與座椅深度,10990,,熱賣
17,鍵盤+鼠｜搖桿｜桌+椅,Cougar 電競椅【客訂指送】外島 離島無配送 偏遠地區需額外收運費,648,｛Cougar Speeder｝電競椅/雪尼爾紗線網布(頭枕-坐墊-椅背)/3D扶手/附可伸縮腳踏板,13990,,熱賣
17,鍵盤+鼠｜搖桿｜桌+椅,Cougar 電競椅【客訂指送】外島 離島無配送 偏遠地區需額外收運費,650,｛Cougar Speeder NEO｝電競椅-人體工學椅/雪尼爾紗線網布(椅背)/3D扶手/隱藏式伸縮腳托,13990,,熱賣
17,鍵盤+鼠｜搖桿｜桌+椅,Cougar 電競椅【客訂指送】外島 離島無配送 偏遠地區需額外收運費,652,｛Cougar Explore Neo Royal F｝電競椅/仿亞麻布椅面/可收納腳托/3D扶手/弧形座椅設計,11990,,
17,鍵盤+鼠｜搖桿｜桌+椅,Cougar 電競椅【客訂指送】外島 離島無配送 偏遠地區需額外收運費,654,｛Cougar Titan Pro V2｝電競椅(黑)/4D/LiftBack進階腰靠系統/柔軟絨布/皮革飾邊/大型尺寸,15990,,
17,鍵盤+鼠｜搖桿｜桌+椅,Cougar 電競椅【客訂指送】外島 離島無配送 偏遠地區需額外收運費,656,｛Cougar Terminator Air｝電競椅/X型機械龍骨/全透氣網布/3D PushBack雙軸頭枕/3D旋轉扶手,16990,,
17,鍵盤+鼠｜搖桿｜桌+椅,Cougar 電競椅【客訂指送】外島 離島無配送 偏遠地區需額外收運費,658,｛Cougar Terminator Elite｝電競椅(銀色)/Hyper-Dura超耐磨皮革/天鵝絨材質/4D扶手,22990,,
17,鍵盤+鼠｜搖桿｜桌+椅,Cougar 電競椅【客訂指送】外島 離島無配送 偏遠地區需額外收運費,660,｛Cougar Terminator Elite｝電競椅(金色)/Hyper-Dura超耐磨皮革/天鵝絨材質/4D扶手,22990,,
17,鍵盤+鼠｜搖桿｜桌+椅,亞碩(Power Master) 電競椅 外島 離島無配送 偏遠地區需額外收運費,665,｛亞碩 GM37｝標準版 電競椅-網椅/透氣網布/3D扶手/多功能底盤/PU靜音輪/黑(9月優惠),5990,,熱賣
17,鍵盤+鼠｜搖桿｜桌+椅,亞碩(Power Master) 電競椅 外島 離島無配送 偏遠地區需額外收運費,666,｛亞碩 GM37-S｝標準版 電競椅-網椅/透氣網布/3D扶手/多功能底盤/PU靜音輪/藍(9月優惠),5990,,熱賣
17,鍵盤+鼠｜搖桿｜桌+椅,亞碩(Power Master) 電競椅 外島 離島無配送 偏遠地區需額外收運費,667,亞碩 GM37+亞碩 GM37-S(組合優惠),8990,,熱賣
17,鍵盤+鼠｜搖桿｜桌+椅,Fractal Design 電競椅,670,｛Fractal Design Refine｝電競椅-網布(沉穩黑)/4D扶手/最大傾斜125°/可調記憶頭枕,17820,,熱賣
17,鍵盤+鼠｜搖桿｜桌+椅,Fractal Design 電競椅,671,｛Fractal Design Refine｝電競椅-網布(古典灰)/4D扶手/最大傾斜125°/可調記憶頭枕,17820,,熱賣
17,鍵盤+鼠｜搖桿｜桌+椅,Fractal Design 電競椅,672,｛Fractal Design Refine｝電競椅-軟布(沉穩黑)/4D扶手/最大傾斜125°/可調記憶頭枕,19800,,熱賣
17,鍵盤+鼠｜搖桿｜桌+椅,Fractal Design 電競椅,673,｛Fractal Design Refine｝電競椅-軟布(古典灰)/4D扶手/最大傾斜125°/可調記憶頭枕,19800,,熱賣
17,鍵盤+鼠｜搖桿｜桌+椅,威剛 XPG 電競椅 無電梯時物流司機商品無法搬運上樓服務 請見諒!!!,675,｛威剛 XPG NEXUS PLUS｝人體工學電競椅(黑紅)/4D扶手/動態腰靠系統/最大傾斜155°,10990,,熱賣
17,鍵盤+鼠｜搖桿｜桌+椅,irocks 電競椅【客訂指送】電競椅 無電梯時物流司機商品無法搬運上樓服務 請見諒!!!,678,irocks 電競椅 住家如無電梯時貨運司機沒有商品搬運上樓服務，請見諒！,1,,
17,鍵盤+鼠｜搖桿｜桌+椅,irocks 電競椅【客訂指送】電競椅 無電梯時物流司機商品無法搬運上樓服務 請見諒!!!,679,｛irocks T02 Plus｝電競椅/4D/PU+PVC材質/90°~160°/Z字托盤/黑,6790,,
17,鍵盤+鼠｜搖桿｜桌+椅,irocks 電競椅【客訂指送】電競椅 無電梯時物流司機商品無法搬運上樓服務 請見諒!!!,680,｛irocks T16｝ 電競椅(石墨黑)/全網布透氣設計/3D/四級氣壓棒/無頭枕/兩年保,6990,,
17,鍵盤+鼠｜搖桿｜桌+椅,irocks 電競椅【客訂指送】電競椅 無電梯時物流司機商品無法搬運上樓服務 請見諒!!!,681,｛irocks T16｝ 電競椅(石墨灰)/全網布透氣設計/3D/四級氣壓棒/無頭枕/兩年保,6990,,
17,鍵盤+鼠｜搖桿｜桌+椅,irocks 電競椅【客訂指送】電競椅 無電梯時物流司機商品無法搬運上樓服務 請見諒!!!,682,｛irocks T16｝ 電競椅(星空藍)/全網布透氣設計/3D/四級氣壓棒/無頭枕/兩年保,6990,,
17,鍵盤+鼠｜搖桿｜桌+椅,irocks 電競椅【客訂指送】電競椅 無電梯時物流司機商品無法搬運上樓服務 請見諒!!!,683,｛irocks T16｝ 電競椅(莓果紅)/全網布透氣設計/3D/四級氣壓棒/無頭枕/兩年保,6990,,
17,鍵盤+鼠｜搖桿｜桌+椅,irocks 電競椅【客訂指送】電競椅 無電梯時物流司機商品無法搬運上樓服務 請見諒!!!,684,｛irocks T16｝ 電競椅(可可棕)/全網布透氣設計/3D/四級氣壓棒/無頭枕/兩年保,6990,,
17,鍵盤+鼠｜搖桿｜桌+椅,irocks 電競椅【客訂指送】電競椅 無電梯時物流司機商品無法搬運上樓服務 請見諒!!!,685,｛Irocks T36｝ 人體工學椅(單寧藍)/高彈力網眼編織布/4D/後仰三段鎖定/坐深可調機構,6990,,
17,鍵盤+鼠｜搖桿｜桌+椅,irocks 電競椅【客訂指送】電競椅 無電梯時物流司機商品無法搬運上樓服務 請見諒!!!,686,｛Irocks T36｝ 人體工學椅(暮織灰)/高彈力網眼編織布/4D/後仰三段鎖定/坐深可調機構,6990,,
17,鍵盤+鼠｜搖桿｜桌+椅,irocks 電競椅【客訂指送】電競椅 無電梯時物流司機商品無法搬運上樓服務 請見諒!!!,687,｛Irocks T36｝ 人體工學椅(晨光綠)/高彈力網眼編織布/4D/後仰三段鎖定/坐深可調機構,6990,,
17,鍵盤+鼠｜搖桿｜桌+椅,irocks 電競椅【客訂指送】電競椅 無電梯時物流司機商品無法搬運上樓服務 請見諒!!!,688,｛irocks T03｝ 電競椅(菁英黑)/高彈力網布/3D扶手/四級氣壓棒/兩年保,8290,,
17,鍵盤+鼠｜搖桿｜桌+椅,irocks 電競椅【客訂指送】電競椅 無電梯時物流司機商品無法搬運上樓服務 請見諒!!!,689,｛irocks T03｝ 電競椅(灰)/高彈力網布/3D扶手/四級氣壓棒/兩年保,8290,,
17,鍵盤+鼠｜搖桿｜桌+椅,irocks 電競椅【客訂指送】電競椅 無電梯時物流司機商品無法搬運上樓服務 請見諒!!!,690,｛Irocks T03 Neo｝ 電競椅(白框灰布)/高彈力網布/4D扶手/3D可調頭枕,8290,,
17,鍵盤+鼠｜搖桿｜桌+椅,irocks 電競椅【客訂指送】電競椅 無電梯時物流司機商品無法搬運上樓服務 請見諒!!!,691,｛Irocks T03 Neo｝ 電競椅(黑)/高彈力網布/4D扶手/3D可調頭枕,8290,,
17,鍵盤+鼠｜搖桿｜桌+椅,irocks 電競椅【客訂指送】電競椅 無電梯時物流司機商品無法搬運上樓服務 請見諒!!!,692,｛irocks T05｝ 電競椅(黑)/尼龍網布/金屬托盤/27°可調椅背/4D/五年保,13800,,
17,鍵盤+鼠｜搖桿｜桌+椅,irocks 電競椅【客訂指送】電競椅 無電梯時物流司機商品無法搬運上樓服務 請見諒!!!,693,｛irocks T05｝ 電競椅(灰)/尼龍網布/金屬托盤/27°可調椅背/4D/五年保,13800,,
17,鍵盤+鼠｜搖桿｜桌+椅,irocks 電競椅【客訂指送】電競椅 無電梯時物流司機商品無法搬運上樓服務 請見諒!!!,694,｛irocks T05 Plus｝ 電競椅(黑)/人性化托盤改良/尼龍網布/可調椅背/4D/五年保,15800,,
17,鍵盤+鼠｜搖桿｜桌+椅,irocks 電競椅【客訂指送】電競椅 無電梯時物流司機商品無法搬運上樓服務 請見諒!!!,695,｛irocks T05 Plus｝ 電競椅(灰)/人性化托盤改良/尼龍網布/可調椅背/4D/五年保,15800,,
17,鍵盤+鼠｜搖桿｜桌+椅,irocks 電競椅【客訂指送】電競椅 無電梯時物流司機商品無法搬運上樓服務 請見諒!!!,696,｛irocks T07｝ 電競椅(黑)/傾仰21度/高彈力網布/4D/五星椅腳/四級桿/兩年保,9900,,
17,鍵盤+鼠｜搖桿｜桌+椅,irocks 電競椅【客訂指送】電競椅 無電梯時物流司機商品無法搬運上樓服務 請見諒!!!,697,｛irocks T07｝ 電競椅(灰)/傾仰21度/高彈力網布/4D/五星椅腳/四級桿/兩年保,9900,,
17,鍵盤+鼠｜搖桿｜桌+椅,irocks 電競椅【客訂指送】電競椅 無電梯時物流司機商品無法搬運上樓服務 請見諒!!!,698,｛irocks T07-SE｝ 電競椅(琥珀白)/傾仰21度/高彈力網布/4D/五星椅腳/四級桿/兩年保,10900,,
17,鍵盤+鼠｜搖桿｜桌+椅,irocks 電競椅【客訂指送】電競椅 無電梯時物流司機商品無法搬運上樓服務 請見諒!!!,699,｛irocks T07-SE｝ 電競椅(棉糖粉)/高彈力鯊魚網布/4D/五星椅腳/四級桿/PU耐用椅輪/兩年保,10900,,
17,鍵盤+鼠｜搖桿｜桌+椅,irocks 電競椅【客訂指送】電競椅 無電梯時物流司機商品無法搬運上樓服務 請見諒!!!,700,｛irocks T07-SE｝ 電競椅(芋泥紫)/高彈力鯊魚網布/4D/五星椅腳/四級桿/PU耐用椅輪/兩年保,10900,,
17,鍵盤+鼠｜搖桿｜桌+椅,irocks 電競椅【客訂指送】電競椅 無電梯時物流司機商品無法搬運上樓服務 請見諒!!!,701,｛irocks T07 Evo｝ 電競椅(松石綠)/水遁革(耐磨-防刮-去汙)/3D可調頭枕/5D曲面扶手,12800,,
17,鍵盤+鼠｜搖桿｜桌+椅,irocks 電競椅【客訂指送】電競椅 無電梯時物流司機商品無法搬運上樓服務 請見諒!!!,702,｛irocks T07 Evo｝ 電競椅(砂岩棕)/水遁革(耐磨-防刮-去汙)/3D可調頭枕/5D曲面扶手,12800,,
17,鍵盤+鼠｜搖桿｜桌+椅,irocks 電競椅【客訂指送】電競椅 無電梯時物流司機商品無法搬運上樓服務 請見諒!!!,703,｛irocks T07 Evo｝ 電競椅(鼠尾草綠)/水遁革(耐磨-防刮-去汙)/3D可調頭枕/5D曲面扶手,12800,,
17,鍵盤+鼠｜搖桿｜桌+椅,irocks 電競椅【客訂指送】電競椅 無電梯時物流司機商品無法搬運上樓服務 請見諒!!!,704,｛irocks T07 Evo｝ 電競椅(日光灰)/水遁革(耐磨-防刮-去汙)/3D可調頭枕/5D曲面扶手,12800,,
17,鍵盤+鼠｜搖桿｜桌+椅,irocks 電競椅【客訂指送】電競椅 無電梯時物流司機商品無法搬運上樓服務 請見諒!!!,705,｛irocks T07 Plus｝ 電競椅(黑曜銀)/高彈力網布/5D/五段後仰調整/Pu靜音輪/兩年保,12500,,
17,鍵盤+鼠｜搖桿｜桌+椅,irocks 電競椅【客訂指送】電競椅 無電梯時物流司機商品無法搬運上樓服務 請見諒!!!,706,｛irocks T07 Plus｝ 電競椅(隕石灰)/高彈力網布/5D/五段後仰調整/Pu靜音輪/兩年保,12500,,
17,鍵盤+鼠｜搖桿｜桌+椅,irocks 電競椅【客訂指送】電競椅 無電梯時物流司機商品無法搬運上樓服務 請見諒!!!,707,｛irocks T07 Plus｝ 電競椅(莓果紅)/高彈力網布/5D/五段後仰調整/Pu靜音輪/兩年保,12500,,
17,鍵盤+鼠｜搖桿｜桌+椅,irocks 電競椅【客訂指送】電競椅 無電梯時物流司機商品無法搬運上樓服務 請見諒!!!,708,｛irocks T07 Plus｝ 電競椅(星空藍)/高彈力網布/5D/五段後仰調整/Pu靜音輪/兩年保,12500,,
17,鍵盤+鼠｜搖桿｜桌+椅,irocks 電競椅【客訂指送】電競椅 無電梯時物流司機商品無法搬運上樓服務 請見諒!!!,709,｛irocks T07 Plus｝ 電競椅(可可棕)/高彈力網布/5D/五段後仰調整/Pu靜音輪/兩年保,12500,,
17,鍵盤+鼠｜搖桿｜桌+椅,irocks 電競椅【客訂指送】電競椅 無電梯時物流司機商品無法搬運上樓服務 請見諒!!!,710,｛irocks T07 Neo｝ 電競椅/高彈力網布/5D/多功頸枕/大尺寸泡棉坐墊設計/灰/兩年保,12500,,
17,鍵盤+鼠｜搖桿｜桌+椅,irocks 電競椅【客訂指送】電競椅 無電梯時物流司機商品無法搬運上樓服務 請見諒!!!,711,｛irocks T07 Neo｝ 電競椅/高彈力網布/5D/多功頸枕/大尺寸泡棉坐墊設計/黑/兩年保,12500,,
17,鍵盤+鼠｜搖桿｜桌+椅,irocks 電競椅【客訂指送】電競椅 無電梯時物流司機商品無法搬運上樓服務 請見諒!!!,712,｛irocks T09｝ 電競椅-質感布面/鋼製骨架/4D/Z字托盤/五星椅腳/PU椅輪/一年保,7290,,
17,鍵盤+鼠｜搖桿｜桌+椅,irocks 電競椅【客訂指送】電競椅 無電梯時物流司機商品無法搬運上樓服務 請見諒!!!,713,｛irocks T27｝ 電競椅(黑色)/雲岩網布/4D多段頭枕-扶手/三段追蹤腰靠,14800,,
17,鍵盤+鼠｜搖桿｜桌+椅,irocks 電競椅【客訂指送】電競椅 無電梯時物流司機商品無法搬運上樓服務 請見諒!!!,714,｛irocks T27｝ 電競椅(灰色)/雲岩網布/4D多段頭枕-扶手/三段追蹤腰靠,14800,,
17,鍵盤+鼠｜搖桿｜桌+椅,irocks 電競椅【客訂指送】電競椅 無電梯時物流司機商品無法搬運上樓服務 請見諒!!!,715,｛irocks T27S｝ 電競椅(黑色)/雲岩網布/4D多段頭枕-扶手/三段追蹤腰靠/鋁合金摺疊腿托款,16800,,
17,鍵盤+鼠｜搖桿｜桌+椅,irocks 電競椅【客訂指送】電競椅 無電梯時物流司機商品無法搬運上樓服務 請見諒!!!,716,｛irocks T27S｝ 電競椅(灰色)/雲岩網布/4D多段頭枕-扶手/三段追蹤腰靠/鋁合金摺疊腿托款,16800,,
17,鍵盤+鼠｜搖桿｜桌+椅,irocks 電競椅【客訂指送】電競椅 無電梯時物流司機商品無法搬運上樓服務 請見諒!!!,717,｛irocks T28 Plus｝ 電競椅-貓抓布 布面/防潑水/4D/PU穩重椅輪/特殊編織布料,8990,,
17,鍵盤+鼠｜搖桿｜桌+椅,irocks 電競椅【客訂指送】電競椅 無電梯時物流司機商品無法搬運上樓服務 請見諒!!!,718,｛irocks T28 Plus｝ 電競椅-貓抓布 布面(米色)/防潑水/4D/PU穩重椅輪/特殊編織布料,8990,,
17,鍵盤+鼠｜搖桿｜桌+椅,irocks 電競椅【客訂指送】電競椅 無電梯時物流司機商品無法搬運上樓服務 請見諒!!!,719,｛irocks T28 Plus｝ 電競椅-貓抓布 布面(孔雀綠)/防潑水/4D/PU穩重椅輪/特殊編織布料,8990,,
17,鍵盤+鼠｜搖桿｜桌+椅,irocks 電競椅【客訂指送】電競椅 無電梯時物流司機商品無法搬運上樓服務 請見諒!!!,720,｛irocks T29｝ 旗艦工學電競椅(黑色)/4D/寬版坐墊/彈性針織布面/防水/防污/防油/磁吸記憶棉頸枕,9900,,
17,鍵盤+鼠｜搖桿｜桌+椅,irocks 電競椅【客訂指送】電競椅 無電梯時物流司機商品無法搬運上樓服務 請見諒!!!,721,｛irocks T29｝ 旗艦工學電競椅(灰色)/4D/寬版坐墊/彈性針織布面/防水/防污/防油/磁吸記憶棉頸枕,9900,,
17,鍵盤+鼠｜搖桿｜桌+椅,Razer 電競椅 [捷元代理-三年保固],724,｛Razer Iskur V2 X NewGen｝電競椅(綠)/2D扶手/二代EPU皮革/內建腰部支撐(需自行組裝),11990,,酷幣1200
17,鍵盤+鼠｜搖桿｜桌+椅,Razer 電競椅 [捷元代理-三年保固],726,｛Razer Iskur V2 X NewGen｝電競椅(粉)/2D扶手/二代EPU皮革/內建腰部支撐(需自行組裝),11990,,酷幣1200
17,鍵盤+鼠｜搖桿｜桌+椅,Razer 電競椅 [捷元代理-三年保固],728,｛Razer Iskur V2 NewGen｝電競椅(黑)/4D扶手/二代EPU皮革/記憶頭枕/內置腰部支撐(需自行組裝),20990,,酷幣2300
17,鍵盤+鼠｜搖桿｜桌+椅,Razer 電競椅 [捷元代理-三年保固],730,｛Razer Iskur V2 NewGen｝電競椅(灰)/4D扶手/二代EPU皮革/記憶頭枕/內置腰部支撐(需自行組裝),20990,,酷幣2300
17,鍵盤+鼠｜搖桿｜桌+椅,Razer 電競椅 [捷元代理-三年保固],732,｛Razer Iskur V2 NewGen｝電競椅(粉)/4D扶手/二代EPU皮革/記憶頭枕/內置腰部支撐(需自行組裝),20990,,酷幣2300
17,鍵盤+鼠｜搖桿｜桌+椅,Razer 電競椅 [捷元代理-三年保固],734,｛Razer Iskur V2 NewGen｝電競椅(綠)/4D扶手/二代EPU皮革/記憶頭枕/內置腰部支撐(需自行組裝),20990,,酷幣2300
17,鍵盤+鼠｜搖桿｜桌+椅,Razer 電競椅 [捷元代理-三年保固],736,｛Razer Enki｝電競椅(綠)/高密度泡綿軟墊/4D扶手/EPU合成皮革(需自行組裝),14900,,酷幣4300
17,鍵盤+鼠｜搖桿｜桌+椅,Razer 電競椅 [捷元代理-三年保固],737,｛Razer Enki Black｝電競椅(黑)/高密度泡綿軟墊/4D扶手/EPU合成皮革(需自行組裝),14900,,酷幣4300
17,鍵盤+鼠｜搖桿｜桌+椅,Razer 電競椅 [捷元代理-三年保固],738,｛Razer Enki Quartz｝電競椅(粉)/高密度泡綿軟墊/4D扶手/EPU合成皮革(需自行組裝),14900,,酷幣4300
17,鍵盤+鼠｜搖桿｜桌+椅,Razer 電競椅 [捷元代理-三年保固],739,｛Razer Fujin Pro｝電競椅-風靈網狀人體工學/4D扶手/後仰136度/鋁合金椅框/頭枕(需自行組裝),28489,,酷幣9999
17,鍵盤+鼠｜搖桿｜桌+椅,Razer 電競椅 [捷元代理-三年保固],741,｛Razer Iskur V2 X EVA ｝新世紀福音戰士 聯名電競椅/2D扶手/纖維布面/內置腰枕(需自行組裝),8888,,熱賣
17,鍵盤+鼠｜搖桿｜桌+椅,Marsrhino 火星犀牛 電競椅/沙發 貨運司機沒有商品搬運上樓服務，請見諒！,745,｛Marsrhino YO｝電競椅-折疊沙發/加厚減壓泡棉/360度旋轉全方位/折疊式設計/最大承重120公斤,4790,,
17,鍵盤+鼠｜搖桿｜桌+椅,Marsrhino 火星犀牛 電競椅/沙發 貨運司機沒有商品搬運上樓服務，請見諒！,746,｛Marsrhino Viper Pro｝電競椅-沙發(魅影)/一鍵控制/PU人造皮革/USB充電座設計,9600,,
17,鍵盤+鼠｜搖桿｜桌+椅,Marsrhino 火星犀牛 電競椅/沙發 貨運司機沒有商品搬運上樓服務，請見諒！,747,｛Marsrhino Lander｝電競椅-凳(哨兵)/多功能/獨創紓壓技術/強化框架/椅座360度旋轉,2850,,
17,鍵盤+鼠｜搖桿｜桌+椅,Marsrhino 火星犀牛 電競椅/沙發 貨運司機沒有商品搬運上樓服務，請見諒！,748,Marsrhino UL3 超跑人體工學椅/2D/150度椅背傾仰/伸縮式腿托/拆卸式頭枕與腰靠,5900,,熱賣
17,鍵盤+鼠｜搖桿｜桌+椅,Marsrhino 火星犀牛 電競椅/沙發 貨運司機沒有商品搬運上樓服務，請見諒！,749,Marsrhino ZEN 01 人體工學椅/3D扶手/高彈力透氣網布/可調式腰靠/瀑布式椅座,9900,,
17,鍵盤+鼠｜搖桿｜桌+椅,Marsrhino 火星犀牛 電競椅/沙發 貨運司機沒有商品搬運上樓服務，請見諒！,750,Marsrhino Spyder Rs 電競椅(幻影)/無段追背支撐調節系統/4D/PU靜音滑輪/搖椅功能,7100,,
17,鍵盤+鼠｜搖桿｜桌+椅,Marsrhino 火星犀牛 電競椅/沙發 貨運司機沒有商品搬運上樓服務，請見諒！,751,｛Marsrhino Infinite One Air｝電競椅(無限)/黑色/透氣高彈力網布/4D扶手/2D紓壓頭枕,6180,,熱賣
17,鍵盤+鼠｜搖桿｜桌+椅,Marsrhino 火星犀牛 電競椅/沙發 貨運司機沒有商品搬運上樓服務，請見諒！,753,｛Marsrhino Infinite One Air｝電競椅(無限)/金色/透氣高彈力網布/4D扶手/2D紓壓頭枕,6180,,熱賣
17,鍵盤+鼠｜搖桿｜桌+椅,Marsrhino 火星犀牛 電競椅/沙發 貨運司機沒有商品搬運上樓服務，請見諒！,755,｛Marsrhino Infinite Air｝電競椅(無限)/2D紓壓頭枕/3D可調式腰靠/4D扶手/透氣網布,8350,,
17,鍵盤+鼠｜搖桿｜桌+椅,Marsrhino 火星犀牛 電競椅/沙發 貨運司機沒有商品搬運上樓服務，請見諒！,756,｛Marsrhino Infinite Air Black｝ 電競椅(無限)/2D紓壓頭枕/3D可調式腰靠/4D扶手/透氣網布,8350,,
17,鍵盤+鼠｜搖桿｜桌+椅,Marsrhino 火星犀牛 電競椅/沙發 貨運司機沒有商品搬運上樓服務，請見諒！,757,｛Marsrhino Infinite GT｝電競椅(無限)/獨創紓壓技術/4D/PU靜音滑輪/造型透氣孔,11100,,
17,鍵盤+鼠｜搖桿｜桌+椅,Marsrhino 火星犀牛 電競椅/沙發 貨運司機沒有商品搬運上樓服務，請見諒！,759,｛Marsrhino Infinite GT Black｝電競椅(無限)/獨創紓壓技術/4D/PU靜音滑輪/造型透氣孔+贈Lander椅凳,11100,,
17,鍵盤+鼠｜搖桿｜桌+椅,Marsrhino 火星犀牛 電競椅/沙發 貨運司機沒有商品搬運上樓服務，請見諒！,761,｛Marsrhino Infinite Max｝電競椅(無限)/2D頭枕/3D腰靠/4D扶手/獨創透氣紓壓椅背,12500,,
17,鍵盤+鼠｜搖桿｜桌+椅,(隨貨贈)｛Marsrhino Infinite Max｝電競椅 贈Lander椅凳,763,｛Marsrhino Speed R｝電競椅-人體工學(流線)/舒適網布/4D頭枕/3D扶手/瀑布式滑動椅座,9400,,熱賣
17,鍵盤+鼠｜搖桿｜桌+椅,(隨貨贈)｛Marsrhino Infinite Max｝電競椅 贈Lander椅凳,765,｛Marsrhino Wind｝電競椅(御風)/黑色/高彈力透氣網布設計/8D扶手/PU靜音滑輪/承重120公斤,10300,,
17,鍵盤+鼠｜搖桿｜桌+椅,海盜船 電競椅【客訂指送】捷元代理,767,｛海盜船 T3-Rush V2｝電競椅(灰+黑)布質款/賽車風格設計/4D/90-160°傾斜度(不含組裝),8990,,
17,鍵盤+鼠｜搖桿｜桌+椅,海盜船 電競椅【客訂指送】捷元代理,768,｛海盜船 T3-Rush V2｝電競椅(黑+黑)布質款/賽車風格設計/4D/90-160°傾斜度(不含組裝),8990,,
17,鍵盤+鼠｜搖桿｜桌+椅,海盜船 電競椅【客訂指送】捷元代理,769,｛海盜船 T3-Rush V2｝電競椅(灰+白)布質款/賽車風格設計/4D/90-160°傾斜度(不含組裝),8990,,
17,鍵盤+鼠｜搖桿｜桌+椅,海盜船 電競椅【客訂指送】捷元代理,770,｛海盜船 TC500 LUXE｝旗艦電競椅(暗影灰)布質款/可拆卸頸枕/4D/內建腰部支撐(不含組裝),13990,,
17,鍵盤+鼠｜搖桿｜桌+椅,海盜船 電競椅【客訂指送】捷元代理,771,｛海盜船 TC500 LUXE｝旗艦電競椅(雪白)布質款/可拆卸頸枕/4D/內建腰部支撐(不含組裝),13990,,
17,鍵盤+鼠｜搖桿｜桌+椅,海盜船 電競椅【客訂指送】捷元代理,772,｛海盜船 Elgato Embrace｝電競椅-人體工學/瀑布式座緣/4D/網布椅背/可調頭枕(不含組裝),17900,,熱賣
17,鍵盤+鼠｜搖桿｜桌+椅,ThunderX3 電競椅,774,ThunderX3 電競椅 如需安裝 需支付$800給現場組裝人員(基隆/宜蘭另計 花東只配送不安裝),1,,
17,鍵盤+鼠｜搖桿｜桌+椅,ThunderX3 電競椅,775,ThunderX3 電競椅 住家如無電梯 每上一層需收費用偏遠另計(3層=200)(4層=300),1,,
17,鍵盤+鼠｜搖桿｜桌+椅,ThunderX3 電競椅,776,｛ThunderX3 Yama Lite｝電競椅-人體工學/SYNC4功能設計/3S頭枕/2D扶手/可調式腰部支撐墊,6990,,
17,鍵盤+鼠｜搖桿｜桌+椅,ThunderX3 電競椅,777,｛ThunderX3 SOLO 360｝電競椅(灰)/LOFT Air多層透氣布/3Dx360度全方向扶手/可調式頭枕,7990,,酷幣1000
17,鍵盤+鼠｜搖桿｜桌+椅,ThunderX3 電競椅,778,｛ThunderX3 XTC Loft｝電競椅/沙發透氣布面/X型設計3D扶手/動態調整靠背,9990,,酷幣500
17,鍵盤+鼠｜搖桿｜桌+椅,ThunderX3 電競椅,779,｛ThunderX3 XTC PRO 360｝電競椅/透氣網布/4Dx360度全方向扶手/動態調整座墊,11990,,酷幣600
17,鍵盤+鼠｜搖桿｜桌+椅,ThunderX3 電競椅,780,｛ThunderX3 Flex Pro Mesh Black｝電競椅(黑)/網布/2D頭枕/3D椅背/5D扶手,18990,,酷幣2000
17,鍵盤+鼠｜搖桿｜桌+椅,ThunderX3 電競椅,781,｛ThunderX3 Flex Pro Mesh Light Grey｝電競椅(灰)/網布/2D頭枕/3D椅背/5D扶手,18990,,酷幣2000
17,鍵盤+鼠｜搖桿｜桌+椅,ThunderX3 電競椅,782,｛ThunderX3 Flex Pro Loft Dark Grey｝電競椅(深灰布面)/布料/2D頭枕/3D椅背/5D扶手,18990,,酷幣2000
17,鍵盤+鼠｜搖桿｜桌+椅,ThunderX3 電競椅,783,｛ThunderX3 Flex Pro Mesh Black｝電競椅(附腳拖)(黑)/網布/2D頭枕/3D椅背/5D扶手,19990,,酷幣2000
17,鍵盤+鼠｜搖桿｜桌+椅,ThunderX3 電競椅,784,｛ThunderX3 Flex Pro Mesh Light Grey｝電競椅(附腳拖)(灰)/網布/2D頭枕/3D椅背/5D扶手,19990,,酷幣2000
17,鍵盤+鼠｜搖桿｜桌+椅,搖桿 遊戲周邊,787,｛微軟 Xbox｝無線控制器/搖桿/磨砂黑/無線-藍牙/防滑握把/附電腦連接線(Type-c)(無接收器),1990,,熱賣
17,鍵盤+鼠｜搖桿｜桌+椅,搖桿 遊戲周邊,789,｛微軟 Xbox｝無線控制器/搖桿/黑/無線-藍牙/防滑握把/(無接收器),1590,,
17,鍵盤+鼠｜搖桿｜桌+椅,搖桿 遊戲周邊,790,｛微軟 Xbox｝無線控制器/搖桿/冰雪白/無線-藍牙/防滑握把/(無接收器),1590,,
17,鍵盤+鼠｜搖桿｜桌+椅,搖桿 遊戲周邊,791,｛微軟 Xbox｝無線控制器(狙擊紅)/搖桿/無線-藍牙/防滑握把/(無接收器),1690,,
17,鍵盤+鼠｜搖桿｜桌+椅,搖桿 遊戲周邊,792,｛微軟 Xbox｝無線控制器(衝擊藍)/搖桿/無線-藍牙/防滑握把/(無接收器),1690,,
17,鍵盤+鼠｜搖桿｜桌+椅,搖桿 遊戲周邊,793,｛微軟 Xbox｝無線控制器(愛戀粉)/搖桿/無線-藍牙/防滑握把/(無接收器),1690,,
17,鍵盤+鼠｜搖桿｜桌+椅,搖桿 遊戲周邊,794,｛華碩 ROG Tessen｝手遊控制器/僅支援Android 手機/可折疊/光環Rgb/Type-C 充電,2990,,
17,鍵盤+鼠｜搖桿｜桌+椅,搖桿 遊戲周邊,795,｛華碩 Raikiri II Pro PC｝無線三模搖桿(黑)/有線/無線/藍牙/熱插拔TMR搖桿/8K輪詢率,7490,,熱賣
17,鍵盤+鼠｜搖桿｜桌+椅,搖桿 遊戲周邊,797,｛華碩 ROG Raikiri II Xbox｝無線控制器/三模(有線/2.4g/藍牙)/防飄移TMR搖桿/微動開關按鈕,6490,,熱賣
17,鍵盤+鼠｜搖桿｜桌+椅,搖桿 遊戲周邊,798,｛Razer Wolverine V2 Chroma｝有線搖桿(白)/機械觸感動作鍵和方向鍵/適用PC,2488,,熱賣
17,鍵盤+鼠｜搖桿｜桌+椅,搖桿 遊戲周邊,799,｛Razer Prio｝手遊遊戲手把/極致便攜/可摺疊設計/全尺寸控制器按鍵配置/電容式拇指搖桿,3490,,熱賣
17,鍵盤+鼠｜搖桿｜桌+椅,搖桿 遊戲周邊,800,｛Razer Wolverine V3 TE 8k｝有線搖桿(黑)/機械式動作鍵/多功能按鍵/TMR類比拇指搖桿,3090,,熱賣
17,鍵盤+鼠｜搖桿｜桌+椅,搖桿 遊戲周邊,801,｛Razer Wolverine V3 Pro 8k｝無線搖桿(黑)/機械式動作鍵/多功能按鍵/TMR類比拇指搖桿,5990,,熱賣
17,鍵盤+鼠｜搖桿｜桌+椅,搖桿 遊戲周邊,802,｛Razer Raiju V3 Pro｝無線搖桿(黑)/對稱拇指搖桿/多功能按鍵/8向懸浮方向鍵/附攜帶盒,5288,,熱賣
17,鍵盤+鼠｜搖桿｜桌+椅,搖桿 遊戲周邊,803,｛Razer Raiju V3 Pro｝無線搖桿(白)/對稱拇指搖桿/多功能按鍵/8向懸浮方向鍵/附攜帶盒,5288,,熱賣
17,鍵盤+鼠｜搖桿｜桌+椅,搖桿 遊戲周邊,804,｛SONY DualSense｝無線控制器(午夜黑)/藍牙+Type-c連接線/觸覺回饋/自適應扳機,2280,,熱賣
17,鍵盤+鼠｜搖桿｜桌+椅,搖桿 遊戲周邊,805,(主機搭購優惠)Turtle Beach Rematch Core 系列手把 原價$990,590,,熱賣
17,鍵盤+鼠｜搖桿｜桌+椅,搖桿 遊戲周邊,806,｛Turtle Beach Rematch Core｝有線搖桿 黑綠/專利音訊控制/人體工學/雙震動馬達,749,,
17,鍵盤+鼠｜搖桿｜桌+椅,搖桿 遊戲周邊,807,｛Turtle Beach Rematch Core｝有線搖桿 白綠/專利音訊控制/人體工學/雙震動馬達,749,,
17,鍵盤+鼠｜搖桿｜桌+椅,搖桿 遊戲周邊,808,｛Turtle Beach Rematch Core｝有線搖桿 迷彩黑綠/專利音訊控制/人體工學/雙震動馬達,799,,
17,鍵盤+鼠｜搖桿｜桌+椅,搖桿 遊戲周邊,809,｛Turtle Beach Rematch Core 有線搖桿 迷彩黑橘/專利音訊控制/人體工學/雙震動馬達,799,,
17,鍵盤+鼠｜搖桿｜桌+椅,搖桿 遊戲周邊,810,｛Turtle Beach Rematch Advanced｝有線搖桿 黑暗宇宙/專利音訊控制/可自訂遊戲操作,1290,,熱賣
17,鍵盤+鼠｜搖桿｜桌+椅,搖桿 遊戲周邊,811,｛Turtle Beach Rematch Advanced｝有線搖桿 京都之花/專利音訊控制/可自訂遊戲操作,1290,,熱賣
17,鍵盤+鼠｜搖桿｜桌+椅,搖桿 遊戲周邊,812,｛Turtle Beach Afterglow Ignite｝有線搖桿 時光機/專利音訊控制/雙段霍爾效應板機/Rgb,1290,,熱賣
17,鍵盤+鼠｜搖桿｜桌+椅,搖桿 遊戲周邊,813,｛Turtle Beach Afterglow Wave｝有線搖桿 黑色/專利音訊控制/霍爾效應三段可調式扳機/Rgb,1290,,熱賣
17,鍵盤+鼠｜搖桿｜桌+椅,搖桿 遊戲周邊,814,｛Turtle Beach Afterglow Wave｝有線搖桿 白色/專利音訊控制/霍爾效應三段可調式扳機/Rgb,1290,,熱賣
17,鍵盤+鼠｜搖桿｜桌+椅,搖桿 遊戲周邊,815,｛Turtle Beach Afterglow Wave｝有線搖桿 藍色/專利音訊控制/霍爾效應三段可調式扳機/Rgb,1290,,熱賣
17,鍵盤+鼠｜搖桿｜桌+椅,搖桿 遊戲周邊,816,｛MSI Force Gc300 W｝無線搖捍控制器遊戲手把(黑)/有線-無線-藍牙/動態觸覺回饋,1990,,
17,鍵盤+鼠｜搖桿｜桌+椅,搖桿 遊戲周邊,817,｛MSI Force Gc300 W｝無線搖捍控制器遊戲手把(白)/有線-無線-藍牙/動態觸覺回饋,1990,,
17,鍵盤+鼠｜搖桿｜桌+椅,搖桿 遊戲周邊,818,｛羅技 F310｝遊戲搖桿/有線/浮動式D-Pad舒適防滑握把,679,,
17,鍵盤+鼠｜搖桿｜桌+椅,搖桿 遊戲周邊,819,｛羅技 F710｝遊戲搖桿/無線/2.4GHz/雙震動馬達回饋,1290,,
17,鍵盤+鼠｜搖桿｜桌+椅,搖桿 遊戲周邊,820,｛Varmilo FK2｝全按鍵遊戲控制器(黑)/Cherry電感軸/快速觸發模式/網頁驅動軟體/可調式觸發,2990,,熱賣
17,鍵盤+鼠｜搖桿｜桌+椅,方向盤 方向盤支架 賽車座艙 賽車組套件組,822,｛羅技 G29｝Driving Force方向盤/支援PC.PS4 送Logi Shifter變速器,8490,,熱賣
17,鍵盤+鼠｜搖桿｜桌+椅,方向盤 方向盤支架 賽車座艙 賽車組套件組,823,｛羅技 G923｝模擬賽車方向盤/Trueforce功能/支援PC.PS4/扭力2.2Nm 送Logi Shifter變速器,10490,,熱賣
17,鍵盤+鼠｜搖桿｜桌+椅,方向盤 方向盤支架 賽車座艙 賽車組套件組,824,｛羅技 G RS50｝賽車模擬方向盤/8Nm扭力/支援Trueforce/支援PC.PS(廠商指送),22990,,酷幣2000
17,鍵盤+鼠｜搖桿｜桌+椅,方向盤 方向盤支架 賽車座艙 賽車組套件組,825,｛羅技 G RS50｝賽車模擬方向盤+RS 專業賽車踏板+RS 離合器模組(廠商指送),26990,,酷幣2000
17,鍵盤+鼠｜搖桿｜桌+椅,方向盤 方向盤支架 賽車座艙 賽車組套件組,826,｛羅技 G RS50｝賽車模擬方向盤+RS 專業賽車踏板+RS 排檔桿+手煞車(廠商指送),29990,,酷幣2000
17,鍵盤+鼠｜搖桿｜桌+椅,方向盤 方向盤支架 賽車座艙 賽車組套件組,827,｛Thrustmaster T98-P-FERRARI 296GTB｝法拉利聯名方向盤組/7:10 比例復刻版(廠商指送),2980,,熱賣
17,鍵盤+鼠｜搖桿｜桌+椅,方向盤 方向盤支架 賽車座艙 賽車組套件組,829,｛Thrustmaster T248R｝賽車套裝(方向盤+基座+雙踏板)/3.1Nm扭力(廠商指送),9490,,熱賣
17,鍵盤+鼠｜搖桿｜桌+椅,方向盤 方向盤支架 賽車座艙 賽車組套件組,830,｛Thrustmaster T598｝賽車套裝(方向盤+基座+雙踏板)/5Nm扭力(廠商指送),15990,,熱賣
17,鍵盤+鼠｜搖桿｜桌+椅,方向盤 方向盤支架 賽車座艙 賽車組套件組,831,｛MOZA R3｝套裝(方向盤+基座+雙踏板)PC版/3.9Nm扭力/鋁合金機身/車規級環保PU(廠商指送),8390,,熱賣
17,鍵盤+鼠｜搖桿｜桌+椅,方向盤 方向盤支架 賽車座艙 賽車組套件組,832,｛MOZA R5｝卡車套裝(TSW卡車盤+R5基座+SRP-LITE 雙踏板+卡車夾)(廠商指送),16290,,熱賣
17,鍵盤+鼠｜搖桿｜桌+椅,方向盤 方向盤支架 賽車座艙 賽車組套件組,833,｛MOZA mBooster｝主動踏板/軟體智能調節/雙200KG壓力感測器/真實動態模擬(廠商指送),24990,,熱賣
17,鍵盤+鼠｜搖桿｜桌+椅,方向盤 方向盤支架 賽車座艙 賽車組套件組,834,｛MOZA R9 V3｝基座/9Nm扭力/智慧溫控系統/鋁合金機身/APP雲端控制(廠商指送),9990,,熱賣
17,鍵盤+鼠｜搖桿｜桌+椅,方向盤 方向盤支架 賽車座艙 賽車組套件組,835,｛MOZA R12 V2｝基座/12Nm扭力/智慧溫控系統/NexGen Force 4.0力回饋系統(廠商指送),11990,,熱賣
17,鍵盤+鼠｜搖桿｜桌+椅,方向盤 方向盤支架 賽車座艙 賽車組套件組,836,｛MOZA R25 Ultra｝基座/25Nm扭力/高精度扭力感測器/600MHz高性能CPU(廠商指送),25490,,熱賣
17,鍵盤+鼠｜搖桿｜桌+椅,方向盤 方向盤支架 賽車座艙 賽車組套件組,837,｛MOZA TSW｝卡車方向盤/400mm標準直徑/超纖皮手工縫線/鋁合金骨架(廠商指送),7390,,熱賣
17,鍵盤+鼠｜搖桿｜桌+椅,方向盤 方向盤支架 賽車座艙 賽車組套件組,838,｛MOZA Revuelto｝藍寶堅尼模擬賽車方向盤/超纖皮手工縫線/3K斜紋碳纖維撥片(廠商指送),12490,,熱賣
17,鍵盤+鼠｜搖桿｜桌+椅,方向盤 方向盤支架 賽車座艙 賽車組套件組,839,｛MOZA Mission R｝保時捷模擬賽車方向盤/5.4吋柔性OLED顯示屏/300R超高曲度儀表(廠商指送),38800,,熱賣
17,鍵盤+鼠｜搖桿｜桌+椅,方向盤 方向盤支架 賽車座艙 賽車組套件組,841,｛Raymii GameArm LGAME-1｝飛行遊戲搖桿支架 飛行模擬器支架(廠商指送),1099,,
17,鍵盤+鼠｜搖桿｜桌+椅,方向盤 方向盤支架 賽車座艙 賽車組套件組,842,｛Raymii GameArm LGAME-2｝賽車遊戲支架 夾桌式方向盤/排檔桿/踏板固定座(廠商指送),1999,,
17,鍵盤+鼠｜搖桿｜桌+椅,方向盤 方向盤支架 賽車座艙 賽車組套件組,843,｛Raymii GameArm LGAME-3｝賽車遊戲支架/方向盤/落地式折疊可調式賽車架(廠商指送),2499,,
17,鍵盤+鼠｜搖桿｜桌+椅,方向盤 方向盤支架 賽車座艙 賽車組套件組,844,｛Raymii GameArm LSA-37｝遊戲賽車方向盤/排檔桿/油門支架(廠商指送),2999,,
17,鍵盤+鼠｜搖桿｜桌+椅,方向盤 方向盤支架 賽車座艙 賽車組套件組,845,｛Raymii GameArm LSA-36-V2｝遊戲賽車方向盤/排檔桿/油門支架(廠商指送),3999,,
17,鍵盤+鼠｜搖桿｜桌+椅,方向盤 方向盤支架 賽車座艙 賽車組套件組,846,｛Raymii GameArm LRACE-1-RF-SEAT｝賽車遊戲模擬器駕駛艙座椅 (廠商指送),11999,,
17,鍵盤+鼠｜搖桿｜桌+椅,方向盤 方向盤支架 賽車座艙 賽車組套件組,847,｛Raymii GameArm LRACE-6｝賽車遊戲模擬器駕駛艙(廠商指送),18999,,
17,鍵盤+鼠｜搖桿｜桌+椅,方向盤 方向盤支架 賽車座艙 賽車組套件組,848,｛Raymii GameArm LRACE-5｝鋁合金RGB賽車遊戲模擬器駕駛艙(廠商指送),22999,,
18,滑鼠｜鼠墊｜數位板,【周邊活動促銷專區】,2,〈整台主機搭購優惠〉華碩 ROG Harpe Mini Core 電競滑鼠,990,,熱賣
18,滑鼠｜鼠墊｜數位板,【周邊活動促銷專區】,3,｛Razer Viper V4 Pro｝ 無線滑鼠(黑)/有線/無線/49g/50000Dpi/180小時的電池續航力,4990,,熱賣 酷幣400
18,滑鼠｜鼠墊｜數位板,【周邊活動促銷專區】,4,｛Razer Viper V4 Pro｝ 無線滑鼠(白)/有線/無線/54g/50000Dpi/180小時的電池續航力,4990,,熱賣 酷幣400
18,滑鼠｜鼠墊｜數位板,【周邊活動促銷專區】,5,｛Razer DeathAdder V4 Pro｝ 煉獄奎蛇雙模滑鼠(黑)/有線-無線/45000Dpi/8KHz/第四代按鍵軸,4990,,熱賣 酷幣400
18,滑鼠｜鼠墊｜數位板,【周邊活動促銷專區】,7,｛華碩 ROG Keris II Ace｝ 三模滑鼠(黑)/有線-無線-藍牙/42000Dpi/54g/Omni接收器,3590,,熱賣 酷幣300
18,滑鼠｜鼠墊｜數位板,【周邊活動促銷專區】,8,｛華碩 ROG Keris II Ace｝ 三模滑鼠(白)/有線-無線-藍牙/42000Dpi/54g/Omni接收器,3590,,熱賣 酷幣300
18,滑鼠｜鼠墊｜數位板,【周邊活動促銷專區】,9,｛華碩 ROG Harpe II Ace｝ 三模滑鼠(黑)/有線/無線8k/藍牙/42000Dpi/AimPoint Pro 感應/48g,4590,,熱賣 酷幣300
18,滑鼠｜鼠墊｜數位板,【周邊活動促銷專區】,10,｛華碩 ROG Harpe II Ace｝ 三模滑鼠(白)/有線/無線8k/藍牙/42000Dpi/AimPoint Pro 感應/48g,4590,,熱賣 酷幣300
18,滑鼠｜鼠墊｜數位板,【周邊活動促銷專區】,11,｛華碩 ROG Harpe II Ace｝ 三模滑鼠(熔岩紅)/有線/無線8k/藍牙/42000Dpi/AimPoint Pro 感應/48g,4590,,熱賣 酷幣300
18,滑鼠｜鼠墊｜數位板,【周邊活動促銷專區】,12,｛技嘉 Aorus M2｝ 電競滑鼠(黑)/有線/感應核心3327/6200dpi/RGB/歐姆龍按鍵,690,,
18,滑鼠｜鼠墊｜數位板,華碩 ROG 滑鼠,15,｛華碩 Marshmallow MD100｝ 雙模無線滑鼠/星河紫(贈初心綠上蓋)/抗菌表層/56g(限網單),1090,,
18,滑鼠｜鼠墊｜數位板,華碩 ROG 滑鼠,16,(主機搭購優惠)華碩 Marshmallow MD100 雙模無線滑鼠/星河紫(贈初心綠上蓋)/56g(限網單),590,,熱賣
18,滑鼠｜鼠墊｜數位板,華碩 ROG 滑鼠,17,｛華碩 ROG Strix Impact III｝ 電競滑鼠/有線/12000Dpi/59g/可換微動/Rgb,990,,
18,滑鼠｜鼠墊｜數位板,華碩 ROG 滑鼠,18,｛華碩 ROG Strix Impact III Wireless｝ 雙模滑鼠(黑)/無線/藍牙/36000Dpi/Omni接收器/Rgb,1690,,酷幣100
18,滑鼠｜鼠墊｜數位板,華碩 ROG 滑鼠,20,｛華碩 ROG Strix Impact III Wireless｝ 雙模滑鼠(白)/無線/藍牙/36000Dpi/Omni接收器/Rgb,1690,,熱賣 酷幣100
18,滑鼠｜鼠墊｜數位板,華碩 ROG 滑鼠,22,｛華碩 ROG Keris Wireless Aimpoint｝ 三模滑鼠(黑)/有線/無線/藍牙/36000Dpi/75g/Rgb,2790,,酷幣200
18,滑鼠｜鼠墊｜數位板,華碩 ROG 滑鼠,24,｛華碩 ROG Keris Wireless Aimpoint｝ 三模滑鼠(白)/有線/無線/藍牙/36000Dpi/75g/Rgb,2790,,酷幣200
18,滑鼠｜鼠墊｜數位板,華碩 ROG 滑鼠,26,｛華碩 ROG Keris II Ace｝ 三模滑鼠(黑)/有線/無線/藍牙/42000Dpi/54g/Omni接收器,3590,,熱賣 酷幣300
18,滑鼠｜鼠墊｜數位板,華碩 ROG 滑鼠,27,｛華碩 ROG Keris II Ace｝ 三模滑鼠(白)/有線/無線/藍牙/42000Dpi/54g/Omni接收器,3590,,熱賣 酷幣300
18,滑鼠｜鼠墊｜數位板,華碩 ROG 滑鼠,28,｛華碩 ROG Keris II Origin｝ 三模滑鼠(黑)/有線/無線/藍牙/42000Dpi/65g/更換微動/Rgb,3990,,熱賣 酷幣300
18,滑鼠｜鼠墊｜數位板,華碩 ROG 滑鼠,30,｛華碩 ROG Keris II Origin｝ 三模滑鼠(白)/有線/無線/藍牙/42000Dpi/65g/更換微動/Rgb,3990,,熱賣 酷幣300
18,滑鼠｜鼠墊｜數位板,華碩 ROG 滑鼠,32,｛華碩 ROG Keris II Origin-KJP｝ 聯名無線滑鼠/有線/無線/藍牙/42000Dpi/63g/Rgb,5490,,熱賣 酷幣300
18,滑鼠｜鼠墊｜數位板,華碩 ROG 滑鼠,33,｛華碩 ROG Gladius III Core｝ 電競滑鼠/有線/12000Dpi/ROG二代微動開關,990,,熱賣
18,滑鼠｜鼠墊｜數位板,華碩 ROG 滑鼠,34,｛華碩 ROG Gladius III｝ 電競滑鼠 /有線/19000Dpi/Omron微動開關/Rgb,1690,,酷幣100
18,滑鼠｜鼠墊｜數位板,華碩 ROG 滑鼠,35,｛華碩 ROG Gladius III Wireless Aimpoint｝ 三模滑鼠(白)/有線/無線/藍牙/36000Dpi/Rgb,2990,,酷幣200
18,滑鼠｜鼠墊｜數位板,華碩 ROG 滑鼠,37,｛華碩 ROG Spatha X｝ 雙模滑鼠/有線/無線/19000Dpi/12顆按鍵/可更換微動/附充電座/Rgb,3990,,酷幣300
18,滑鼠｜鼠墊｜數位板,華碩 ROG 滑鼠,38,｛華碩 ROG Harpe Mini Core｝ 電競滑鼠/有線/12000Dpi/52g/對稱造型,1490,,酷幣100
18,滑鼠｜鼠墊｜數位板,華碩 ROG 滑鼠,39,〈整台主機搭購優惠〉華碩 ROG Harpe Mini Core 電競滑鼠,990,,熱賣
18,滑鼠｜鼠墊｜數位板,華碩 ROG 滑鼠,40,｛華碩 ROG Harpe Ace Mini｝ 三模電競滑鼠(黑)/有線/無線/藍牙/42000Dpi/49g/8000Hz,3190,,熱賣 酷幣300
18,滑鼠｜鼠墊｜數位板,華碩 ROG 滑鼠,41,｛華碩 ROG Harpe Ace Mini｝ 三模電競滑鼠(白)/有線/無線/藍牙/42000Dpi/49g/8000Hz,3190,,熱賣 酷幣300
18,滑鼠｜鼠墊｜數位板,華碩 ROG 滑鼠,42,｛華碩 ROG Harpe Ace Aim Lab｝ 三模電競滑鼠(黑)/有線/無線/藍牙/36000Dpi/54g,2990,,酷幣200
18,滑鼠｜鼠墊｜數位板,華碩 ROG 滑鼠,43,｛華碩 ROG Harpe Ace Aim Lab｝ 三模電競滑鼠(白)/有線/無線/藍牙/36000Dpi/54g,2990,,酷幣200
18,滑鼠｜鼠墊｜數位板,華碩 ROG 滑鼠,44,｛華碩 ROG Harpe Ace Extreme｝ 三模電競滑鼠/有線/無線/藍牙/碳纖維外殼/47g/42000Dpi,6990,,熱賣 酷幣300
18,滑鼠｜鼠墊｜數位板,華碩 ROG 滑鼠,46,｛華碩 ROG Harpe II Ace｝ 三模滑鼠(黑)/有線/無線8k/藍牙/42000Dpi/AimPoint Pro 感應/48g,4590,,熱賣 酷幣300
18,滑鼠｜鼠墊｜數位板,華碩 ROG 滑鼠,47,｛華碩 ROG Harpe II Ace｝ 三模滑鼠(白)/有線/無線8k/藍牙/42000Dpi/AimPoint Pro 感應/48g,4590,,熱賣 酷幣300
18,滑鼠｜鼠墊｜數位板,華碩 ROG 滑鼠,48,｛華碩 ROG Harpe II Ace｝ 三模滑鼠(熔岩紅)/有線/無線8k/藍牙/42000Dpi/AimPoint Pro 感應/48g,4590,,熱賣 酷幣300
18,滑鼠｜鼠墊｜數位板,華碩 TUF 滑鼠,50,｛華碩 TUF Gaming M3 Gen II｝ 電競滑鼠/有線/Aura Sync RGB/輕量化59g/8000dpi/抗菌,690,,
18,滑鼠｜鼠墊｜數位板,華碩 TUF 滑鼠,51,｛華碩 TUF Gaming M4 Wireless｝ 無線滑鼠/無線-藍芽/12000Dpi/PBT/抗菌表面,990,,
18,滑鼠｜鼠墊｜數位板,MSI 微星 滑鼠,53,｛微星 Forge GM320｝ 電競滑鼠/有線/12800Dpi/Rgb,490,,
18,滑鼠｜鼠墊｜數位板,MSI 微星 滑鼠,54,｛微星 Clutch GM08｝ 電競滑鼠/有線/PAW 3519/4200Dpi/鍍金接頭,599,,
18,滑鼠｜鼠墊｜數位板,MSI 微星 滑鼠,55,｛微星 Forge Gm340 W NAVY｝ 三模滑鼠/有線/無線/藍牙/12000Dpi/對稱設計/57g,790,,
18,滑鼠｜鼠墊｜數位板,MSI 微星 滑鼠,56,｛微星 Forge Gm340 W SKY｝ 三模滑鼠/有線/無線/藍牙/12000Dpi/對稱設計/57g,790,,
18,滑鼠｜鼠墊｜數位板,MSI 微星 滑鼠,57,｛微星 Forge Gm340 W VIOLET｝ 三模滑鼠/有線/無線/藍牙/12000Dpi/對稱設計/57g,790,,
18,滑鼠｜鼠墊｜數位板,MSI 微星 滑鼠,58,｛微星 Forge Gm340 W WHITE｝ 三模滑鼠/有線/無線/藍牙/12000Dpi/對稱設計/57g,790,,
18,滑鼠｜鼠墊｜數位板,MSI 微星 滑鼠,59,｛微星 Versa 300 Wireless｝ 三模無線電競滑鼠/有線/2.4g/藍牙/8000Dpi/1000Hz/60g/Rgb,990,,
18,滑鼠｜鼠墊｜數位板,MSI 微星 滑鼠,60,｛微星 Versa 300 Elite Wireless｝ 三模無線電競滑鼠/有線/2.4g/藍牙/26000Dpi/1000Hz/65g/Rgb,1790,,
18,滑鼠｜鼠墊｜數位板,MSI 微星 滑鼠,61,｛微星 Versa 300 Wireless 8K｝ 三模滑鼠/有線/無線/藍牙5.3/26000Dpi/8000Hz/Omron微動,2390,,
18,滑鼠｜鼠墊｜數位板,MSI 微星 滑鼠,62,｛微星 Versa Pro Wireless｝ 三模無線電競滑鼠/有線/2.4g/藍牙/26000Dpi/含磁吸式充電底座,3690,,
18,滑鼠｜鼠墊｜數位板,MSI 微星 滑鼠,63,｛微星 Clutch GM20 Elite｝ 電競滑鼠/有線/鍍金接頭/Omron開關/6400Dpi/Rgb,1190,,
18,滑鼠｜鼠墊｜數位板,Razer 滑鼠,65,｛Razer Pro Click V2 Vertical Edition｝ 直立式滑鼠/有線-無線-藍芽/AI工具快捷鍵/Rgb,3288,,
18,滑鼠｜鼠墊｜數位板,Razer 滑鼠,68,｛Razer Orochi V2｝ 八岐大蛇超輕量無線雙模滑鼠(黑)/2.4G+藍牙/18000Dpi/60g,1088,,酷幣50
18,滑鼠｜鼠墊｜數位板,Razer 滑鼠,69,｛Razer Orochi V2｝ 八岐大蛇超輕量無線雙模滑鼠(水銀白)/2.4G+藍牙/18000Dpi/60g,1088,,酷幣50
18,滑鼠｜鼠墊｜數位板,Razer 滑鼠,70,｛Razer Orochi V2｝ 八岐大蛇超輕量無線雙模滑鼠(粉晶)/2.4G+藍牙/18000Dpi/60g,1088,,酷幣50
18,滑鼠｜鼠墊｜數位板,Razer 滑鼠,71,｛Razer Cobra｝ 眼鏡蛇 電競滑鼠/有線/8500Dpi/輕量化58g/SpeedFlex 纜線/Rgb,1088,,酷幣50
18,滑鼠｜鼠墊｜數位板,Razer 滑鼠,72,｛Razer Cobra Minecraft｝ 限定版滑鼠/有線/8500Dpi/輕量化58g/SpeedFlex 纜線/Rgb,1790,,酷幣50
18,滑鼠｜鼠墊｜數位板,Razer 滑鼠,73,｛Razer Cobra Zenless Zone Zero｝ 絕區零聯名滑鼠/有線/8500Dpi/58g/SpeedFlex 纜線,1690,,酷幣50
18,滑鼠｜鼠墊｜數位板,Razer 滑鼠,74,｛Razer DeathAdder Essential｝ 煉獄奎蛇電競滑鼠/有線/6400Dpi,518,,
18,滑鼠｜鼠墊｜數位板,Razer 滑鼠,75,｛Razer DeathAdder Essential｝ 煉獄奎蛇電競滑鼠(白色)/有線/6400Dpi,518,,
18,滑鼠｜鼠墊｜數位板,Razer 滑鼠,76,｛Razer DeathAdder V3｝ 煉獄奎蛇 電競滑鼠/有線/30000Dpi/超輕量化59g/第三代按鍵軸,1990,,酷幣50
18,滑鼠｜鼠墊｜數位板,Razer 滑鼠,77,｛Razer DeathAdder V3 HyperSpeed｝ 雙模滑鼠/有線-無線/26000Dpi/55g,2490,,酷幣200
18,滑鼠｜鼠墊｜數位板,Razer 滑鼠,78,｛Razer DeathAdder V4 Pro｝ 煉獄奎蛇雙模滑鼠(黑)/有線-無線/45000Dpi/8KHz/第四代按鍵軸,4990,,熱賣 酷幣400
18,滑鼠｜鼠墊｜數位板,Razer 滑鼠,80,｛Razer DeathAdder V4 Pro｝ 煉獄奎蛇雙模滑鼠(白)/有線-無線/45000Dpi/8KHz/第四代按鍵軸,4990,,熱賣 酷幣400
18,滑鼠｜鼠墊｜數位板,Razer 滑鼠,82,｛Razer Viper V3 HyperSpeed｝ 無線電競滑鼠/30000Dpi/82克/二代按鍵軸,1990,,酷幣50
18,滑鼠｜鼠墊｜數位板,Razer 滑鼠,83,｛Razer Viper V3 Pro｝ 無線滑鼠(黑)/有線/無線/54g/35000Dpi/8000HZ/8顆可編程控制鍵,3690,,熱賣 酷幣300
18,滑鼠｜鼠墊｜數位板,Razer 滑鼠,84,｛Razer Viper V3 Pro｝ 無線滑鼠(白)/有線/無線/54g/35000Dpi/8000HZ/8顆可編程控制鍵,3690,,熱賣 酷幣300
18,滑鼠｜鼠墊｜數位板,Razer 滑鼠,85,｛Razer Viper V3 Pro Sentinels Edition｝ 無線電競滑鼠/有線/無線/54g/35000Dpi/8000HZ,4290,,酷幣400
18,滑鼠｜鼠墊｜數位板,Razer 滑鼠,86,｛Razer Viper V3 Pro EVA｝ 新世紀福音戰士聯名款 滑鼠/有線/無線8K/54g/35000Dpi/8000HZ,4190,,熱賣 酷幣400
18,滑鼠｜鼠墊｜數位板,Razer 滑鼠,87,｛Razer Viper V3 Pro CS2｝ 聯名款 滑鼠/有線/無線/54g/35000Dpi/8000HZ,3990,,酷幣400
18,滑鼠｜鼠墊｜數位板,Razer 滑鼠,91,｛Razer Viper V4 Pro｝無線滑鼠(黑)/有線/無線/49g/50000Dpi/180小時的電池續航力,4990,,熱賣 酷幣400
18,滑鼠｜鼠墊｜數位板,Razer 滑鼠,92,｛Razer Viper V4 Pro｝無線滑鼠(白)/有線/無線/54g/50000Dpi/180小時的電池續航力,4990,,熱賣 酷幣400
18,滑鼠｜鼠墊｜數位板,Razer 滑鼠,93,｛Razer Naga V2 HyperSpeed｝ 無線電競滑鼠/2.4G+藍牙/19顆可編程按鍵/30000Dpi,3399,,酷幣300
18,滑鼠｜鼠墊｜數位板,Razer 滑鼠,94,｛Razer Naga V2 Pro｝ 三模滑鼠/有線/無線/藍牙/附3種可更換側板/22顆可編程鍵/Rgb,5899,,酷幣400
18,滑鼠｜鼠墊｜數位板,Razer 滑鼠,95,｛Razer Naga V3 Pro｝ 三模滑鼠/有線/無線/藍牙/第三代感測器/第四代按鍵軸/23顆可編程鍵,6490,,
18,滑鼠｜鼠墊｜數位板,Razer 滑鼠,96,｛Razer Basilisk Mobile｝ 三模滑鼠/有線/無線/藍牙/18000Dpi/三代按鍵軸/Rgb,2490,,酷幣200
18,滑鼠｜鼠墊｜數位板,Razer 滑鼠,97,｛Razer Basilisk V3｝ 巴塞利斯蛇電競滑鼠/有線/26000Dpi/Rgb/二代按鍵軸/五個記憶設定檔,1488,,酷幣50
18,滑鼠｜鼠墊｜數位板,Razer 滑鼠,98,｛Razer Basilisk V3 X HyperSpeed｝ 無線滑鼠/2.4G+藍牙/18000Dpi/9顆可編程控制鍵/Rgb,1688,,酷幣50
18,滑鼠｜鼠墊｜數位板,Razer 滑鼠,99,｛Razer Basilisk V3 35K｝ 巴塞利斯蛇電競滑鼠/有線/35000Dpi/Rgb/三代按鍵軸,2290,,酷幣200
18,滑鼠｜鼠墊｜數位板,Razer 滑鼠,100,｛Razer Basilisk V3 Pro｝巴塞利斯蛇三模滑鼠(黑)/有線/無線/藍牙/30000Dpi/傾斜滾輪/Rgb,3690,,酷幣300
18,滑鼠｜鼠墊｜數位板,Razer 滑鼠,101,｛Razer Basilisk V3 Pro｝巴塞利斯蛇三模滑鼠(白)/有線/無線/藍牙/30000Dpi/傾斜滾輪/Rgb,3690,,酷幣300
18,滑鼠｜鼠墊｜數位板,Razer 滑鼠,102,｛Razer Basilisk V3 Pro 35K｝ 巴塞利斯蛇三模滑鼠(黑)/有線/無線/藍牙/35000Dpi/傾斜滾輪/Rgb,4290,,酷幣400
18,滑鼠｜鼠墊｜數位板,Razer 滑鼠,103,｛Razer Basilisk V3 Pro 35K｝ 巴塞利斯蛇三模滑鼠(白)/有線/無線/藍牙/35000Dpi/傾斜滾輪/Rgb,4290,,酷幣400
18,滑鼠｜鼠墊｜數位板,SteelSeries 滑鼠,105,｛SteelSeries Aerox 3 Gen 2｝ 無線滑鼠(白)/有線/無線4k/藍牙5.0/26000Dpi/超輕量68g/防水,2990,,熱賣
18,滑鼠｜鼠墊｜數位板,SteelSeries 滑鼠,106,｛SteelSeries Aerox 3 Gen 2｝ 無線滑鼠(黑)/有線/無線4k/藍牙5.0/26000Dpi/超輕量68g/防水,2990,,熱賣
18,滑鼠｜鼠墊｜數位板,SteelSeries 滑鼠,107,｛SteelSeries Aerox 3 Gen 2｝ 無線滑鼠(桃)/有線/無線4k/藍牙5.0/26000Dpi/超輕量68g/防水,2990,,熱賣
18,滑鼠｜鼠墊｜數位板,EndGame Gear 滑鼠,109,｛EndGame Gear XM1｝ RGB 電競滑鼠(黑)/有線/Kailh GM 4.0微動/16000Cpi/輕量化/Rgb,990,,
18,滑鼠｜鼠墊｜數位板,EndGame Gear 滑鼠,110,｛EndGame Gear XM1｝ RGB 電競滑鼠(白)/有線/Kailh GM 4.0微動/16000Cpi/輕量化/Rgb,990,,
18,滑鼠｜鼠墊｜數位板,EndGame Gear 滑鼠,111,｛EndGame Gear XM1｝ RGB 電競滑鼠(霧面黑)/有線/Kailh GM 4.0微動/16000Cpi/輕量化/Rgb,990,,
18,滑鼠｜鼠墊｜數位板,EndGame Gear 滑鼠,112,｛EndGame Gear XM2w 4K V2｝ 無線滑鼠(黑)/PAW3950/30000Dpi/Kailh GO 開關/爪握造型,3990,,
18,滑鼠｜鼠墊｜數位板,EndGame Gear 滑鼠,113,｛EndGame Gear XM2w 4K V2｝ 無線滑鼠(白)/PAW3950/30000Dpi/Kailh GO 開關/爪握造型,3990,,
18,滑鼠｜鼠墊｜數位板,EndGame Gear 滑鼠,114,｛EndGame Gear OP1we 4K V2｝ 無線滑鼠(黑)/PAW3950/30000Dpi/Kailh GO 開關,3990,,
18,滑鼠｜鼠墊｜數位板,EndGame Gear 滑鼠,115,｛EndGame Gear OP1we 4K V2｝ 無線滑鼠(白)/PAW3950/30000Dpi/Kailh GO 開關,3990,,
18,滑鼠｜鼠墊｜數位板,darkFlash 滑鼠,117,｛darkFlash DFM80｝ 三模滑鼠(奶咖色)/有線/無線/藍牙/12000Dpi/52g/PAW331/續航60hr,999,,
18,滑鼠｜鼠墊｜數位板,darkFlash 滑鼠,118,｛darkFlash DFM80｝ 三模滑鼠(暗夜黑)/有線/無線/藍牙/12000Dpi/52g/PAW3311/續航60hr,999,,
18,滑鼠｜鼠墊｜數位板,darkFlash 滑鼠,119,｛darkFlash DFM80｝ 三模滑鼠(寂靜白)/有線/無線/藍牙/12000Dpi/52g/PAW3311/續航60hr,999,,
18,滑鼠｜鼠墊｜數位板,darkFlash 滑鼠,120,｛darkFlash DFM80｝ 三模滑鼠(夢幻粉)/有線/無線/藍牙/12000Dpi/52g/PAW3311/續航60hr,999,,熱賣
18,滑鼠｜鼠墊｜數位板,darkFlash 滑鼠,121,｛darkFlash DFM80 Pro｝ 三模滑鼠(奶咖色)/有線/無線/藍牙/26000Dpi/52g/PAW3395//續航110hr,1599,,
18,滑鼠｜鼠墊｜數位板,darkFlash 滑鼠,122,｛darkFlash DFM80 Pro｝ 三模滑鼠(暗夜黑)/有線/無線/藍牙/26000Dpi/52g/PAW3395//續航110hr,1599,,
18,滑鼠｜鼠墊｜數位板,darkFlash 滑鼠,123,｛darkFlash DFM80 Pro｝ 三模滑鼠(寂靜白)/有線/無線/藍牙/26000Dpi/52g/PAW3395//續航110hr,1599,,
18,滑鼠｜鼠墊｜數位板,darkFlash 滑鼠,124,｛darkFlash DFM80 Pro｝ 三模滑鼠(夢幻粉)/有線/無線/藍牙/26000Dpi/52g/PAW3395//續航110hr,1599,,熱賣
18,滑鼠｜鼠墊｜數位板,櫻桃 Cherry 滑鼠,126,櫻桃｛Cherry Mw5500｝ 三模滑鼠(黑)/有線/無線8k/藍牙/30000Dpi/62g/3950感應,2190,,熱賣
18,滑鼠｜鼠墊｜數位板,櫻桃 Cherry 滑鼠,127,櫻桃｛Cherry Mw5500｝ 三模滑鼠(白)/有線/無線8k/藍牙/30000Dpi/62g/3950感應,1690,,熱賣
18,滑鼠｜鼠墊｜數位板,櫻桃 Cherry 滑鼠,128,櫻桃｛Cherry Mw5500｝ 三模滑鼠(紅)/有線/無線8k/藍牙/30000Dpi/62g/3950感應,2490,,熱賣
18,滑鼠｜鼠墊｜數位板,櫻桃 Cherry 滑鼠,129,櫻桃｛Cherry Mw5500 Pro ｝ 三模滑鼠(白)/有線/無線8k/藍牙/45000Dpi/62g/3955感應,2490,,熱賣
18,滑鼠｜鼠墊｜數位板,Glorious 滑鼠,131,｛Glorious Model O Eternal｝ 電競滑鼠(黑)/有線/12000Dpi/對稱設計/55g/Rgb,1290,,
18,滑鼠｜鼠墊｜數位板,Glorious 滑鼠,133,｛Glorious Model O Eternal｝ 電競滑鼠(白)/有線/12000Dpi/對稱設計/55g/Rgb,1290,,
18,滑鼠｜鼠墊｜數位板,Glorious 滑鼠,135,｛Glorious Model O2 Mini Wireless｝ 無線滑鼠(黑)/有線/無線/藍牙/26000Dpi/57g/編織線/Rgb,1990,,
18,滑鼠｜鼠墊｜數位板,Glorious 滑鼠,136,｛Glorious Model O2 Wireless｝ 三模滑鼠(白)/有線/無線/藍牙/26000Dpi/68g/Rgb,1990,,熱賣
18,滑鼠｜鼠墊｜數位板,Turtle Beach 滑鼠,138,｛Turtle Beach PURE SEL｝(黑)電競滑鼠/有線/PAW3318/8000Dpi/49克/Rgb,590,,熱賣
18,滑鼠｜鼠墊｜數位板,Turtle Beach 滑鼠,140,｛Turtle Beach PURE SEL｝(白)電競滑鼠/有線/PAW3318/8000Dpi/49克/Rgb,590,,熱賣
18,滑鼠｜鼠墊｜數位板,Turtle Beach 滑鼠,142,｛Turtle Beach PURE AIR｝(黑)無線滑鼠/2.4g/藍牙/26000Dpi/TITAN光學開關/Rgb,1390,,熱賣
18,滑鼠｜鼠墊｜數位板,Turtle Beach 滑鼠,144,｛Turtle Beach PURE AIR｝(白)無線滑鼠/2.4g/藍牙/26000Dpi/TITAN光學開關/Rgb,1390,,熱賣
18,滑鼠｜鼠墊｜數位板,Turtle Beach 滑鼠,146,｛Turtle Beach Burst II Air｝ 輕量化三模滑鼠(黑)/有線/無線/藍牙/26000Dpi/47g/TITAN光學軸,1590,,熱賣
18,滑鼠｜鼠墊｜數位板,Turtle Beach 滑鼠,148,｛Turtle Beach Burst II Air｝ 輕量化三模滑鼠(白)/有線/無線/藍牙/26000Dpi/47g/TITAN光學軸,1590,,熱賣
18,滑鼠｜鼠墊｜數位板,美洲獅 Cougar 滑鼠,151,｛Cougar Minos Neo｝ 電競滑鼠(黑)/有線/6200Dpi/63g/1000Hz回報率/五種Rgb燈效,690,,
18,滑鼠｜鼠墊｜數位板,美洲獅 Cougar 滑鼠,152,｛Cougar Minos Neo｝ 電競滑鼠(白)/有線/6200Dpi/63g/1000Hz回報率/五種Rgb燈效,790,,
18,滑鼠｜鼠墊｜數位板,美洲獅 Cougar 滑鼠,153,｛Cougar Airblader｝ 超輕量電競滑鼠/有線/16000Dpi/62克/獨家Bounce-ON彈簧張力系統,790,,熱賣
18,滑鼠｜鼠墊｜數位板,美洲獅 Cougar 滑鼠,154,｛Cougar 800m Dualblader｝ 模組化電競滑鼠/有線/16000Dpi/Dynastrut專利/客制化配件,2590,,
18,滑鼠｜鼠墊｜數位板,美洲獅 Cougar 滑鼠,155,｛Cougar Revenger Pro 4K｝ 無線滑鼠(黑)/26000Dpi/55g/4000Hz/隨附Pulsar 4K 無線接收器▼下殺到 9/30 23:59,1690,1990,熱賣 價格異動 下殺
18,滑鼠｜鼠墊｜數位板,美洲獅 Cougar 滑鼠,156,｛Cougar Revenger Pro 4K｝ 無線滑鼠(白)/26000Dpi/55g/4000Hz/隨附Pulsar 4K 無線接收器▼下殺到 9/30 23:59,1690,1990,熱賣 價格異動 下殺
18,滑鼠｜鼠墊｜數位板,美洲獅 Cougar 滑鼠,157,｛Cougar Revenger Pro 8K｝ 無線滑鼠(鐵灰)/有線8k/無線8k/藍牙6.0/PixArt 3950/30000Dpi,1990,,熱賣
18,滑鼠｜鼠墊｜數位板,美洲獅 Cougar 滑鼠,158,｛Cougar Revenger Pro 8K｝ 無線滑鼠(白)/有線8k/無線8k/藍牙6.0/PixArt 3950/30000Dpi,1990,,熱賣
18,滑鼠｜鼠墊｜數位板,美洲獅 Cougar 滑鼠,159,｛Cougar Revenger Pro 8K｝ 無線滑鼠(粉)/有線8k/無線8k/藍牙6.0/PixArt 3950/30000Dpi,1990,,熱賣
18,滑鼠｜鼠墊｜數位板,亞碩(Power Master) 滑鼠,161,｛亞碩(Power Master) G502｝ 滑鼠鼠墊組 有線/7200Dpi/A825傳感/人體工學/Rgb,590,,
18,滑鼠｜鼠墊｜數位板,亞碩(Power Master) 滑鼠,162,｛亞碩(Power Master) G602｝ 滑鼠鼠墊組 有線/7200Dpi/A825傳感/人體工學/Rgb,690,,熱賣
18,滑鼠｜鼠墊｜數位板,Gigastone 滑鼠,164,｛Gigastone GM-X031｝ 電競滑鼠〈2隻組合優惠〉,688,,熱賣
18,滑鼠｜鼠墊｜數位板,Gigastone 滑鼠,165,｛Gigastone GM-X041｝ 電競滑鼠〈2隻組合優惠〉,1099,,熱賣
18,滑鼠｜鼠墊｜數位板,Gigastone 滑鼠,166,｛Gigastone GM-X061｝ 電競滑鼠〈2隻組合優惠〉,1499,,熱賣
18,滑鼠｜鼠墊｜數位板,Gigastone 滑鼠,167,｛Gigastone GM-X031｝ 電競滑鼠/有線/3200Dpi/8個自訂按鍵/巨集/編織線/Rgb 原價499,390,,
18,滑鼠｜鼠墊｜數位板,Gigastone 滑鼠,168,｛Gigastone GM-X041｝ 電競滑鼠/有線/12000Dpi/8個自訂按鍵/巨集/編織線/Rgb 原價749,529,,
18,滑鼠｜鼠墊｜數位板,Gigastone 滑鼠,169,｛Gigastone GM-X061｝ 電競滑鼠/有線/16000Dpi/10個自訂按鍵/巨集/編織線/Rgb 原價1099,749,,
18,滑鼠｜鼠墊｜數位板,HyperX 滑鼠,171,｛HyperX Pulsefire Fuse｝ 雙模滑鼠/無線+藍牙/12000Dpi/75g/AAA電池/Rgb,990,,
18,滑鼠｜鼠墊｜數位板,HyperX 滑鼠,172,｛HyperX Pulsefire Haste 2｝ 雙模滑鼠(黑)/無線+藍牙/26000Dpi/61g/Rgb,1990,,
18,滑鼠｜鼠墊｜數位板,HyperX 滑鼠,173,｛HyperX Pulsefire Haste 2｝ 雙模滑鼠(白)/無線+藍牙/26000Dpi/61g/Rgb,1990,,
18,滑鼠｜鼠墊｜數位板,HyperX 滑鼠,174,｛HyperX Pulsefire Haste 2 Mini｝ 三模滑鼠(黑)/有線+無線+藍牙/26000Dpi/59g,1790,,
18,滑鼠｜鼠墊｜數位板,HyperX 滑鼠,175,｛HyperX Pulsefire Haste 2 Mini｝ 三模滑鼠(白)/有線+無線+藍牙/26000Dpi/59g,1790,,
18,滑鼠｜鼠墊｜數位板,HyperX 滑鼠,176,｛HyperX Pulsefire Haste 2 S｝ 雙模滑鼠(海軍藍)/無線/藍牙/鎂合金外殼/26000Dpi/64g/Rgb,2990,,熱賣
18,滑鼠｜鼠墊｜數位板,HyperX 滑鼠,177,｛HyperX Pulsefire Haste 2 S｝ 雙模滑鼠(銀)/無線/藍牙/鎂合金外殼/26000Dpi/64g/Rgb,2990,,熱賣
18,滑鼠｜鼠墊｜數位板,HyperX 滑鼠,178,｛HyperX Pulsefire Haste 2 Pro 4K｝ 雙模滑鼠(灰)/無線/藍牙/26000Dpi/4000Hz/61g/Rgb,2990,,
18,滑鼠｜鼠墊｜數位板,HyperX 滑鼠,179,｛HyperX Pulsefire Saga Pro 4K｝ 無線滑鼠(黑)/無線/藍牙/26000Dpi/4000Hz/72g/Rgb,2990,,
18,滑鼠｜鼠墊｜數位板,Zowie 滑鼠,181,｛Zowie U2-DW 4K｝ 無線電競滑鼠/3200Dpi/3390感應/對稱型設計/獨家無線基地台/小尺寸,2990,,熱賣 酷幣500
18,滑鼠｜鼠墊｜數位板,Zowie 滑鼠,182,｛Zowie S2-DW 4K｝ 無線電競滑鼠/3200Dpi/對稱型設計/獨家無線基地台/小尺寸,3390,,熱賣 酷幣300
18,滑鼠｜鼠墊｜數位板,Zowie 滑鼠,183,｛Zowie FK2-DW 4K｝無線電競滑鼠/3200Dpi/較低鼠背設計/獨家無線基地台/中尺寸,3390,,熱賣 酷幣300
18,滑鼠｜鼠墊｜數位板,Zowie 滑鼠,184,｛Zowie FK2-DW 4K｝無線電競滑鼠/3200Dpi/較低鼠背設計/獨家無線基地台/中尺寸,3390,,熱賣 酷幣300
18,滑鼠｜鼠墊｜數位板,Zowie 滑鼠,185,｛Zowie EC3-DW｝ 無線電競滑鼠/3200Dpi/非對稱人體工學外型/24段滾輪/流暢曲線設計/小尺寸,3390,,熱賣 酷幣300
18,滑鼠｜鼠墊｜數位板,海盜船 Corsair 滑鼠,187,｛海盜船 Katar Pro｝超輕量電競滑鼠/有線/69克/12400Dpi/Rgb,590,,熱賣
18,滑鼠｜鼠墊｜數位板,海盜船 Corsair 滑鼠,188,｛海盜船 M55｝超輕量電競滑鼠/有線/16000Dpi/55g/對稱設計/六編輯按鈕,890,,
18,滑鼠｜鼠墊｜數位板,海盜船 Corsair 滑鼠,189,｛海盜船 M55 Wireless｝雙模滑鼠/無線/藍牙/24000Dpi/六編輯按鈕/AA電池供電,1390,,
18,滑鼠｜鼠墊｜數位板,海盜船 Corsair 滑鼠,190,｛海盜船 Harpoon V2｝三模滑鼠/有線/無線/藍牙/26000Dpi/經典人體工學外型設計/Rgb,1990,,
18,滑鼠｜鼠墊｜數位板,海盜船 Corsair 滑鼠,191,｛海盜船 Ironclaw Se｝三模滑鼠(黑)/有線/無線/藍牙/26000Dpi/Rgb/適合右手贈 海盜船購物袋,2590,,熱賣
18,滑鼠｜鼠墊｜數位板,海盜船 Corsair 滑鼠,192,｛海盜船 Sabre V2 Pro Ultralight｝無線滑鼠(黑)/有線/2.4g/輕量36g/33000Dpi/8000Hz,2790,,熱賣
18,滑鼠｜鼠墊｜數位板,海盜船 Corsair 滑鼠,193,｛海盜船 Sabre V2 Pro Ultralight｝無線滑鼠(白)/有線/2.4g/輕量36g/33000Dpi/8000Hz,2790,,熱賣
18,滑鼠｜鼠墊｜數位板,海盜船 Corsair 滑鼠,194,｛海盜船 Nightsword V2｝無線滑鼠/有線/2.4g/藍牙/33000Dpi/專屬Stream Deck快捷鍵,4090,,
18,滑鼠｜鼠墊｜數位板,海盜船 Corsair 滑鼠,195,｛海盜船 Sabre V2 Pro 8K｝碳纖維 無線滑鼠(黑)/有線/2.4g/藍牙/55g/33000Dpi/8000Hz,4990,,
18,滑鼠｜鼠墊｜數位板,LEXMA 滑鼠,197,｛LEXMA M450R｝ 無線滑鼠/2.4G/1600Dpi/長效電力續航/高質感時尚有型,299,,熱賣
18,滑鼠｜鼠墊｜數位板,LEXMA 滑鼠,198,｛LEXMA M600R｝ 無線人體工學滑鼠/2.4G/長效電力續航/高質感時尚有型,299,,熱賣
18,滑鼠｜鼠墊｜數位板,LEXMA 滑鼠,199,｛LEXMA B660R｝ 無線跨平台藍芽滑鼠(星糖紫)/1600Dpi/長效電力續航/隨插即用/流線造型,399,,
18,滑鼠｜鼠墊｜數位板,LEXMA 滑鼠,200,｛LEXMA B660R｝ 無線跨平台藍芽滑鼠(幻電紫)/1600Dpi/長效電力續航/隨插即用/流線造型,399,,
18,滑鼠｜鼠墊｜數位板,LEXMA 滑鼠,201,｛LEXMA B660R｝ 無線跨平台藍芽滑鼠(豆沙紅)/1600Dpi/長效電力續航/隨插即用/流線造型,399,,
18,滑鼠｜鼠墊｜數位板,LEXMA 滑鼠,202,｛LEXMA B660R｝ 無線跨平台藍芽滑鼠(靜夜綠)/1600Dpi/長效電力續航/隨插即用/流線造型,399,,
18,滑鼠｜鼠墊｜數位板,LEXMA 滑鼠,203,｛LEXMA B660R｝ 無線跨平台藍芽滑鼠(森霧綠)/1600Dpi/長效電力續航/隨插即用/流線造型,399,,
18,滑鼠｜鼠墊｜數位板,irocks 滑鼠,205,｛irocks M31E｝ 光學遊戲滑鼠(黑)/有線/6200Dpi/軟性編織線/支援軟體調整/Rgb,790,,
18,滑鼠｜鼠墊｜數位板,irocks 滑鼠,206,｛irocks M31E｝ 光學遊戲滑鼠(白)/有線/6200Dpi/軟性編織線/支援軟體調整/Rgb,790,,
18,滑鼠｜鼠墊｜數位板,irocks 滑鼠,207,｛irocks M31E｝ 光學遊戲滑鼠(粉)/有線/6200Dpi/軟性編織線/支援軟體調整/Rgb,790,,
18,滑鼠｜鼠墊｜數位板,irocks 滑鼠,208,｛irocks M31E｝ 光學遊戲滑鼠(白爛貓聯名款)/有線/6200Dpi/軟性編織線/支援軟體調整/Rgb,690,,熱賣
18,滑鼠｜鼠墊｜數位板,irocks 滑鼠,210,｛irocks M25r｝ 快充式無線靜音滑鼠(黑)/2.4g/藍牙/4000Dpi/充電快速/左右鍵靜音開關設計,1290,,
18,滑鼠｜鼠墊｜數位板,irocks 滑鼠,211,｛irocks M25r｝ 快充式無線靜音滑鼠(白)/2.4g/藍牙/4000Dpi/充電快速/左右鍵靜音開關設計,1290,,
18,滑鼠｜鼠墊｜數位板,irocks 滑鼠,212,｛irocks M25r｝ 快充式無線靜音滑鼠(紫)/2.4g/藍牙/4000Dpi/充電快速/左右鍵靜音開關設計,1290,,
18,滑鼠｜鼠墊｜數位板,irocks 滑鼠,213,｛irocks M25r｝ 快充式無線靜音滑鼠(綠)/2.4g/藍牙/4000Dpi/充電快速/左右鍵靜音開關設計,1290,,
18,滑鼠｜鼠墊｜數位板,irocks 滑鼠,214,｛irocks M29r｝ 三模滑鼠(黑)/有線/無線/藍牙/5000Dpi/靜音按鍵/專屬軟體設定/人體工學,1090,,熱賣
18,滑鼠｜鼠墊｜數位板,irocks 滑鼠,215,｛irocks M29r｝ 三模滑鼠(白)/有線/無線/藍牙/5000Dpi/靜音按鍵/專屬軟體設定/人體工學,1090,,熱賣
18,滑鼠｜鼠墊｜數位板,irocks 滑鼠,216,｛irocks M29r｝ 三模滑鼠(粉)/有線/無線/藍牙/5000Dpi/靜音按鍵/專屬軟體設定/人體工學,1090,,熱賣
18,滑鼠｜鼠墊｜數位板,irocks 滑鼠,217,｛irocks M31r｝ 三模滑鼠(黑)/有線/無線/藍牙/26000Dpi/Kailh GM8.0微動/66g/PAW3395,1690,,
18,滑鼠｜鼠墊｜數位板,irocks 滑鼠,218,｛irocks M31r｝ 三模滑鼠(白)/有線/無線/藍牙/26000Dpi/Kailh GM8.0微動/66g/PAW3395,1690,,
18,滑鼠｜鼠墊｜數位板,irocks 滑鼠,219,｛irocks M31r｝ 三模滑鼠(粉)/有線/無線/藍牙/26000Dpi/Kailh GM8.0微動/66g/PAW3395,1690,,
18,滑鼠｜鼠墊｜數位板,irocks 滑鼠,220,｛irocks M36r｝ 三模滑鼠(黑)/有線8k/無線8k/藍牙/30000Dpi/PAW3950/Rgb,2190,,熱賣
18,滑鼠｜鼠墊｜數位板,irocks 滑鼠,221,｛irocks M36r｝ 三模滑鼠(白)/有線8k/無線8k/藍牙/30000Dpi/PAW3950/Rgb,2190,,熱賣
18,滑鼠｜鼠墊｜數位板,irocks 滑鼠,222,｛irocks M49r｝ 三模滑鼠(黑)/有線/無線/藍牙/26000Dpi/趴鼠專用手型/56g/PAW3395,1990,,
18,滑鼠｜鼠墊｜數位板,irocks 滑鼠,223,｛irocks M49r｝ 三模滑鼠(白)/有線/無線/藍牙/26000Dpi/趴鼠專用手型/56g/PAW3395,1990,,
18,滑鼠｜鼠墊｜數位板,irocks 滑鼠,224,｛Irocks M51r｝ 三模電競滑鼠(月岩灰)/有線/無線/藍牙/30000Dpi/52g/左右對稱設計/PAW3950,2490,,熱賣
18,滑鼠｜鼠墊｜數位板,irocks 滑鼠,225,｛Irocks M51r｝ 三模電競滑鼠(雲際藍)/有線/無線/藍牙/30000Dpi/52g/左右對稱設計/PAW3950,2490,,熱賣
18,滑鼠｜鼠墊｜數位板,irocks 滑鼠,226,｛Irocks M51r｝ 三模電競滑鼠(薰衣紫)/有線/無線/藍牙/30000Dpi/52g/左右對稱設計/PAW3950,2490,,熱賣
18,滑鼠｜鼠墊｜數位板,簡報器,228,｛羅技 R500s｝ 雷射簡報遙控器(黑)/無線-藍牙/紅光/20公尺操作範圍,1590,,
18,滑鼠｜鼠墊｜數位板,簡報器,229,｛羅技 R800｝ 專業簡報器/無線/2.4GHz/綠光雷射/液晶顯示,2690,,酷幣100
18,滑鼠｜鼠墊｜數位板,簡報器,230,｛羅技 Spotlight｝ 專業簡報器(灰)/無線/藍牙/快速充電/螢幕放大/30公尺範圍,3490,,酷幣200
18,滑鼠｜鼠墊｜數位板,簡報器,231,｛羅技 Spotlight｝ 專業簡報器(金)/無線/藍牙/快速充電/螢幕放大/30公尺範圍,2990,,酷幣100
18,滑鼠｜鼠墊｜數位板,簡報器,232,｛羅技 Spotlight 2｝ 多功能數位雷射簡報器(石墨黑)/無線(Bolt)/藍牙/30公尺範圍,3990,,酷幣200
18,滑鼠｜鼠墊｜數位板,簡報器,233,｛羅技 Spotlight 2｝ 多功能數位雷射簡報器(星暮紫)/無線(Bolt)/藍牙/30公尺範圍,3990,,酷幣200
18,滑鼠｜鼠墊｜數位板,簡報器,234,｛羅技 Spotlight 2｝ 多功能數位雷射簡報器(流沙金)/無線(Bolt)/藍牙/30公尺範圍,3990,,酷幣200
18,滑鼠｜鼠墊｜數位板,羅技 電競滑鼠,236,2026/07/20-09/27購買羅技 G PRO 全系列 即享登錄抽 2026 Apple 全新發表 iPhone,1,,
18,滑鼠｜鼠墊｜數位板,羅技 電競滑鼠,237,｛羅技 G102｝ 炫彩遊戲滑鼠(黑)/有線/8000dpi/Rgb七彩光學效果,499,,
18,滑鼠｜鼠墊｜數位板,羅技 電競滑鼠,238,｛羅技 G102｝ 炫彩遊戲滑鼠(白)/有線/8000dpi/Rgb七彩光學效果,499,,
18,滑鼠｜鼠墊｜數位板,羅技 電競滑鼠,239,｛羅技 G102｝ 炫彩遊戲滑鼠(藍)/有線/8000dpi/Rgb七彩光學效果,499,,
18,滑鼠｜鼠墊｜數位板,羅技 電競滑鼠,240,｛羅技 G102｝ 炫彩遊戲滑鼠(紫)/有線/8000dpi/Rgb七彩光學效果,499,,
18,滑鼠｜鼠墊｜數位板,羅技 電競滑鼠,241,｛羅技 G402｝ 遊戲光學滑鼠/有線/4000dpi/8鍵自訂,890,,
18,滑鼠｜鼠墊｜數位板,羅技 電競滑鼠,242,｛羅技 G304 Lightspeed｝無線遊戲滑鼠/黑色/無線/12000dpi/6鍵自訂,990,,
18,滑鼠｜鼠墊｜數位板,羅技 電競滑鼠,243,｛羅技 G304 Lightspeed｝無線遊戲滑鼠/白色/無線/12000dpi/6鍵自訂,990,,
18,滑鼠｜鼠墊｜數位板,羅技 電競滑鼠,244,｛羅技 G304 Lightspeed｝無線遊戲滑鼠/藍色/無線/12000dpi/6鍵自訂,990,,
18,滑鼠｜鼠墊｜數位板,羅技 電競滑鼠,245,｛羅技 G304 Lightspeed｝無線遊戲滑鼠/紫色/無線/12000dpi/6鍵自訂,990,,
18,滑鼠｜鼠墊｜數位板,羅技 電競滑鼠,246,｛羅技 G304 Lightspeed｝無線遊戲滑鼠/綠色/無線/12000dpi/6鍵自訂,990,,
18,滑鼠｜鼠墊｜數位板,羅技 電競滑鼠,247,｛羅技 G304 X Superlight｝無線滑鼠(黑)/有線/2.4G/25600Dpi/57g輕量化,2490,,酷幣100
18,滑鼠｜鼠墊｜數位板,羅技 電競滑鼠,248,｛羅技 G304 X Superlight｝無線滑鼠(白)/有線/2.4G/25600Dpi/57g輕量化,2490,,酷幣100
18,滑鼠｜鼠墊｜數位板,羅技 電競滑鼠,249,｛羅技 G309 Lightspeed｝無線遊戲滑鼠(黑)/無線-藍芽/25000Dpi/86g/Lightforce 混和微動,2190,,酷幣100
18,滑鼠｜鼠墊｜數位板,羅技 電競滑鼠,250,｛羅技 G309 Lightspeed｝無線遊戲滑鼠(白)/無線-藍芽/25000Dpi/86g/Lightforce 混和微動,2190,,酷幣100
18,滑鼠｜鼠墊｜數位板,羅技 電競滑鼠,251,｛羅技 G403 Hero｝ 遊戲滑鼠/有線/16000dpi/RGB/6鍵自訂,1490,,
18,滑鼠｜鼠墊｜數位板,羅技 電競滑鼠,252,｛羅技 G703｝ 無線電競滑鼠/有線+Lightspeed無線/16000Dpi/Rgb/可配重,2490,,酷幣100
18,滑鼠｜鼠墊｜數位板,羅技 電競滑鼠,253,｛羅技 G705｝ 美型炫光多工遊戲滑鼠/無線/8200Dpi/Rgb/小型手掌設計,1990,,
18,滑鼠｜鼠墊｜數位板,羅技 電競滑鼠,254,｛羅技 G903｝ 無線電競滑鼠/有線+Lightspeed無線/16000dpi/Rgb/11顆自訂按鍵/可配重,3290,,酷幣200
18,滑鼠｜鼠墊｜數位板,羅技 電競滑鼠,255,｛羅技 G502 Hero RGB｝ 遊戲滑鼠/有線/25600Dpi/砝碼/Rgb/飛輪滾輪,1290,,
18,滑鼠｜鼠墊｜數位板,羅技 電競滑鼠,256,｛羅技 G502 Lightspeed｝ 無線電競滑鼠(黑色)/無線/25600Dpi/砝碼/Rgb/飛輪滾輪,2490,,酷幣100
18,滑鼠｜鼠墊｜數位板,羅技 電競滑鼠,257,｛羅技 G502 X｝ 電競滑鼠(黑)/有線/25600Dpi/Ptfe鼠貼/89g/Lightforce微動,1990,,
18,滑鼠｜鼠墊｜數位板,羅技 電競滑鼠,258,｛羅技 G502 X｝ 電競滑鼠(白)/有線/25600Dpi/Ptfe鼠貼/89g/Lightforce微動,1990,,
18,滑鼠｜鼠墊｜數位板,羅技 電競滑鼠,261,｛羅技 G502 X Lightspeed｝ 無線滑鼠(黑)/25600Dpi/Ptfe鼠貼/Lightforce微動,3490,,酷幣200
18,滑鼠｜鼠墊｜數位板,羅技 電競滑鼠,262,｛羅技 G502 X Lightspeed｝ 無線滑鼠(白)/25600Dpi/Ptfe鼠貼/Lightforce微動,3490,,酷幣200
18,滑鼠｜鼠墊｜數位板,羅技 電競滑鼠,263,【套裝搭購優惠】｛羅技 G502 X Lightspeed｝ 無線滑鼠,3190,,熱賣 酷幣200
18,滑鼠｜鼠墊｜數位板,羅技 電競滑鼠,266,｛羅技 G502 X Plus｝無線電競滑鼠(黑)/25600Dpi/Ptfe鼠貼/Lightforce微動/Rgb,4190,,酷幣200
18,滑鼠｜鼠墊｜數位板,羅技 電競滑鼠,267,｛羅技 G502 X Plus｝無線電競滑鼠(白)/25600Dpi/Ptfe鼠貼/Lightforce微動/Rgb,4190,,酷幣200
18,滑鼠｜鼠墊｜數位板,羅技 電競滑鼠,268,【套裝搭購優惠】｛羅技 G502 X Plus｝ 無線電競滑鼠,3690,,熱賣 酷幣200
18,滑鼠｜鼠墊｜數位板,羅技 電競滑鼠,269,｛羅技 G Pro 2 Lightspeed｝ 無線滑鼠(黑色)/Usb-c充電線/Hero2感應器/32000Dpi/混和微動/Rgb,3090,,酷幣200
18,滑鼠｜鼠墊｜數位板,羅技 電競滑鼠,270,｛羅技 G Pro 2 Lightspeed｝ 無線滑鼠(白色)/Usb-c充電線/Hero2感應器/32000Dpi混和微動/Rgb,3090,,酷幣200
18,滑鼠｜鼠墊｜數位板,羅技 電競滑鼠,271,｛羅技 G Pro 2 Lightspeed｝ 無線滑鼠(桃紅色)/Usb-c充電線/Hero2感應器/32000Dpi/混和微動/Rgb,3090,,酷幣200
18,滑鼠｜鼠墊｜數位板,羅技 電競滑鼠,272,【套裝搭購優惠】｛羅技 G Pro 2 Lightspeed｝ 無線滑鼠,2690,,熱賣 酷幣200
18,滑鼠｜鼠墊｜數位板,羅技 電競滑鼠,273,｛羅技 G Pro X Superlight 2 Se｝ 無線電競滑鼠(黑色)/44000Dpi/超輕量57g/續航88h/1000Hz,2690,,酷幣100
18,滑鼠｜鼠墊｜數位板,羅技 電競滑鼠,274,｛羅技 G Pro X Superlight 2 Se｝ 無線電競滑鼠(白色)/44000Dpi/超輕量57g/續航88h/1000Hz,2690,,酷幣100
18,滑鼠｜鼠墊｜數位板,羅技 電競滑鼠,275,｛羅技 G Pro X Superlight 2 Se｝ 無線電競滑鼠(紅色)/44000Dpi/超輕量57g/續航88h/1000Hz,2690,,酷幣100
18,滑鼠｜鼠墊｜數位板,羅技 電競滑鼠,276,｛羅技 G Pro X Superlight 2 Se｝ 無線電競滑鼠(桃色)/44000Dpi/超輕量57g/續航88h/1000Hz,2690,,酷幣100
18,滑鼠｜鼠墊｜數位板,羅技 電競滑鼠,277,【套裝搭購優惠】｛羅技 G Pro X Superlight 2 Se｝ 無線電競滑鼠,2390,,熱賣 酷幣200
18,滑鼠｜鼠墊｜數位板,羅技 電競滑鼠,278,｛羅技 G Pro X Superlight 2｝無線電競滑鼠(黑色)/混合微動/44000Dpi/超輕量60g/續航95h/8000Hz,3690,,酷幣200
18,滑鼠｜鼠墊｜數位板,羅技 電競滑鼠,279,｛羅技 G Pro X Superlight 2｝無線電競滑鼠(白色)/混合微動/44000Dpi/超輕量60g/續航95hr/8000Hz,3690,,酷幣200
18,滑鼠｜鼠墊｜數位板,羅技 電競滑鼠,280,｛羅技 G Pro X Superlight 2｝無線電競滑鼠(桃色)/混合微動/44000Dpi/超輕量60g/續航95hr/8000Hz,3690,,酷幣200
18,滑鼠｜鼠墊｜數位板,羅技 電競滑鼠,281,｛羅技 G Pro X Superlight 2｝無線電競滑鼠(電光藍)/混合微動/44000Dpi/超輕量60g/續航95hr/8000Hz,3690,,酷幣200
18,滑鼠｜鼠墊｜數位板,羅技 電競滑鼠,282,【套裝搭購優惠】｛羅技 G Pro X Superlight 2｝無線滑鼠(黑),3390,,熱賣 酷幣200
18,滑鼠｜鼠墊｜數位板,羅技 電競滑鼠,283,｛羅技 G Pro X Superlight 2c｝無線電競滑鼠(黑色)/混合微動/44000Dpi/51g/8000Hz/適用小型手,4490,,酷幣200
18,滑鼠｜鼠墊｜數位板,羅技 電競滑鼠,284,｛羅技 G Pro X Superlight 2c｝無線電競滑鼠(白色)/混合微動/44000Dpi/51g/8000Hz/適用小型手,4490,,酷幣200
18,滑鼠｜鼠墊｜數位板,羅技 電競滑鼠,285,｛羅技 G Pro X Superlight 2c｝無線電競滑鼠(粉色)/混合微動/44000Dpi/51g/8000Hz/適用小型手,4490,,酷幣200
18,滑鼠｜鼠墊｜數位板,羅技 電競滑鼠,286,｛羅技 G Pro X Superlight 2 Dex｝ 無線滑鼠(黑色)/混合微動/44000Dpi/超輕量60g/續航95hr/右手型,3990,,酷幣200
18,滑鼠｜鼠墊｜數位板,羅技 電競滑鼠,287,｛羅技 G Pro X Superlight 2 Dex｝ 無線滑鼠(白色)/混合微動/44000Dpi/超輕量60g/續航95hr/右手型,3990,,酷幣200
18,滑鼠｜鼠墊｜數位板,羅技 電競滑鼠,288,｛羅技 G Pro X Superlight 2 Dex｝ 無線滑鼠(桃紅色)/混合微動/44000Dpi/超輕量60g/續航95hr/右手型,3990,,酷幣200
18,滑鼠｜鼠墊｜數位板,羅技 電競滑鼠,289,｛羅技 G Pro X 2 Superstrike｝ 無線滑鼠/44000Dpi/無線8k/支援無線充電/可調式觸發點▼下殺到 9/27 23:59,4690,5190,價格異動 下殺
18,滑鼠｜鼠墊｜數位板,羅技 商務滑鼠,291,｛羅技 M90｝ 光學滑鼠/有線/400dpi/Usb,229,,
18,滑鼠｜鼠墊｜數位板,羅技 商務滑鼠,292,｛羅技 M100R｝ 光學滑鼠/有線/1000dpi/Usb,269,,
18,滑鼠｜鼠墊｜數位板,羅技 商務滑鼠,293,｛羅技 M110｝ 有線靜音滑鼠(黑)/1000dpi/Usb,349,,
18,滑鼠｜鼠墊｜數位板,羅技 商務滑鼠,294,｛羅技 M171｝ 無線滑鼠(灰)/無線/1000dpi/2.4G迷你接收器/左右手適用,399,,
18,滑鼠｜鼠墊｜數位板,羅技 商務滑鼠,295,｛羅技 M240｝ 無線靜音藍牙滑鼠(石墨灰)/2.4G(接收器需另購)藍牙/4000Dpi/適合中小型手型,629,,
18,滑鼠｜鼠墊｜數位板,羅技 商務滑鼠,296,｛羅技 M240｝ 無線靜音藍牙滑鼠(珍珠白)/2.4G(接收器需另購)藍牙/4000Dpi/適合中小型手型,629,,
18,滑鼠｜鼠墊｜數位板,羅技 商務滑鼠,297,｛羅技 M240｝ 無線靜音藍牙滑鼠(玫瑰粉)/2.4G(接收器需另購)藍牙/4000Dpi/適合中小型手型,629,,
18,滑鼠｜鼠墊｜數位板,羅技 商務滑鼠,298,〈套裝搭購優惠價〉｛羅技 M240｝ 無線靜音藍牙滑鼠,529,,熱賣
18,滑鼠｜鼠墊｜數位板,羅技 商務滑鼠,299,｛羅技 M221｝ 無線靜音光學滑鼠(黑)/無線/1000dpi/2.4G接收器,599,,
18,滑鼠｜鼠墊｜數位板,羅技 商務滑鼠,300,｛羅技 M331｝ SilentPlus 靜音滑鼠(黑)/無線/1000dpi/2.4G,699,,
18,滑鼠｜鼠墊｜數位板,羅技 商務滑鼠,301,｛羅技 M331｝ SilentPlus 靜音滑鼠(藍)/無線/1000dpi/2.4G,699,,
18,滑鼠｜鼠墊｜數位板,羅技 商務滑鼠,302,｛羅技 M331｝ SilentPlus 靜音滑鼠(紅)/無線/1000dpi/2.4G,699,,
18,滑鼠｜鼠墊｜數位板,羅技 商務滑鼠,303,｛羅技 M350s｝ 藍牙滑鼠(石墨灰)/無線(接受器需另購)+藍牙/左右手通用/1000dpi,799,,
18,滑鼠｜鼠墊｜數位板,羅技 商務滑鼠,304,｛羅技 M350s｝ 藍牙滑鼠(珍珠白)/無線(接受器需另購)+藍牙/左右手通用/1000dpi,799,,
18,滑鼠｜鼠墊｜數位板,羅技 商務滑鼠,305,｛羅技 M350s｝ 藍牙滑鼠(玫瑰粉)/無線(接受器需另購)+藍牙/左右手通用/1000dpi,799,,
18,滑鼠｜鼠墊｜數位板,羅技 商務滑鼠,306,〈套裝搭購優惠價〉｛羅技 M350s｝ 藍牙滑鼠,699,,熱賣
18,滑鼠｜鼠墊｜數位板,羅技 商務滑鼠,307,｛羅技 M650｝ 多工靜音無線滑鼠(石墨灰)/無線/SmartWheel捲動功能/自訂側邊按鈕▼下殺到 9/27 23:59,990,1090,價格異動 下殺
18,滑鼠｜鼠墊｜數位板,羅技 商務滑鼠,308,｛羅技 M650｝ 多工靜音無線滑鼠(玫瑰粉)/無線/SmartWheel捲動功能/自訂側邊按鈕▼下殺到 9/27 23:59,990,1090,價格異動 下殺
18,滑鼠｜鼠墊｜數位板,羅技 商務滑鼠,309,｛羅技 M650｝ 多工靜音無線滑鼠(珍珠白)/無線/SmartWheel捲動功能/自訂側邊按鈕▼下殺到 9/27 23:59,990,1090,價格異動 下殺
18,滑鼠｜鼠墊｜數位板,羅技 商務滑鼠,310,｛羅技 M750｝ 多工靜音無線滑鼠(石墨黑)/雙模(藍牙或BOLT接收器)/智慧滾輪/中小型手適用,1490,,
18,滑鼠｜鼠墊｜數位板,羅技 商務滑鼠,311,｛羅技 M750｝ 多工靜音無線滑鼠(玫瑰粉)/雙模(藍牙或BOLT接收器)/智慧滾輪/中小型手適用,1490,,
18,滑鼠｜鼠墊｜數位板,羅技 商務滑鼠,312,｛羅技 M750｝ 多工靜音無線滑鼠(珍珠白)/雙模(藍牙或BOLT接收器)/智慧滾輪/中小型手適用,1490,,
18,滑鼠｜鼠墊｜數位板,羅技 商務滑鼠,313,｛羅技 M750 L｝多工靜音無線滑鼠(石墨黑)/雙模(藍牙或BOLT接收器)/智慧滾輪/大型手適用,1490,,
18,滑鼠｜鼠墊｜數位板,羅技 商務滑鼠,314,｛羅技 M750 L｝多工靜音無線滑鼠(玫瑰粉)/雙模(藍牙或BOLT接收器)/智慧滾輪/大型手適用,1490,,
18,滑鼠｜鼠墊｜數位板,羅技 商務滑鼠,315,｛羅技 M750 L｝多工靜音無線滑鼠(珍珠白)/雙模(藍牙或BOLT接收器)/智慧滾輪/大型手適用,1490,,
18,滑鼠｜鼠墊｜數位板,羅技 商務滑鼠,316,｛羅技 M840 L｝ 多工舒適無線滑鼠(石墨黑)/藍牙/2.4g(需另購接收器)/弧線造型/大型手適用,1590,,
18,滑鼠｜鼠墊｜數位板,羅技 商務滑鼠,317,｛羅技 M840 L｝ 多工舒適無線滑鼠(珍珠白)/藍牙/2.4g(需另購接收器)/弧線造型/大型手適用,1590,,
18,滑鼠｜鼠墊｜數位板,羅技 商務滑鼠,318,｛羅技 M850 L｝ 多工舒適無線滑鼠(石墨黑)/藍牙/2.4g(需另購接收器)/內建掌墊/大型手適用,1790,,
18,滑鼠｜鼠墊｜數位板,羅技 商務滑鼠,319,｛羅技 M850 L｝ 多工舒適無線滑鼠(珍珠白)/藍牙/2.4g(需另購接收器)/內建掌墊/大型手適用,1790,,
18,滑鼠｜鼠墊｜數位板,羅技 商務滑鼠,320,｛羅技 Pop Mouse｝ 無線藍牙滑鼠(石墨黑)/自訂表情符號/切換3台裝置(贈BOLT接收器USB-A),990,,
18,滑鼠｜鼠墊｜數位板,羅技 商務滑鼠,321,｛羅技 Pop Mouse｝ 無線藍牙滑鼠(珍珠白)/自訂表情符號/切換3台裝置(贈BOLT接收器USB-A),990,,
18,滑鼠｜鼠墊｜數位板,羅技 商務滑鼠,322,｛羅技 Pop Mouse｝ 無線藍牙滑鼠(玫瑰粉)/自訂表情符號/切換3台裝置(贈BOLT接收器USB-A),990,,
18,滑鼠｜鼠墊｜數位板,羅技 商務滑鼠,323,｛羅技 Pop Mouse｝ 無線藍牙滑鼠(薰衣紫)/自訂表情符號/切換3台裝置(贈BOLT接收器USB-A),990,,
18,滑鼠｜鼠墊｜數位板,羅技 商務滑鼠,324,｛羅技 Mobi｝ 無線折疊滑鼠(石墨黑)/雙模(藍牙或BOLT接收器需另購)/配備觸控面板,2690,,酷幣100
18,滑鼠｜鼠墊｜數位板,羅技 商務滑鼠,325,｛羅技 Mobi｝ 無線折疊滑鼠(星暮紫)/雙模(藍牙或BOLT接收器需另購)/配備觸控面板,2690,,酷幣100
18,滑鼠｜鼠墊｜數位板,羅技 商務滑鼠,326,｛羅技 Mobi｝ 無線折疊滑鼠(珍珠白)/雙模(藍牙或BOLT接收器需另購)/配備觸控面板,2690,,酷幣100
18,滑鼠｜鼠墊｜數位板,羅技 商務滑鼠,329,｛羅技 MX Anywhere 3S｝ 無線滑鼠(石墨灰)/藍牙/8000Dpi/多裝置/可用在玻璃面/無接受器,2490,,酷幣100
18,滑鼠｜鼠墊｜數位板,羅技 商務滑鼠,330,｛羅技 MX Anywhere 3S｝ 無線滑鼠(珍珠白)/藍牙/8000Dpi/多裝置/可用在玻璃面/無接受器,2490,,酷幣100
18,滑鼠｜鼠墊｜數位板,羅技 商務滑鼠,331,｛羅技 MX Anywhere 3S｝ 無線滑鼠(玫瑰粉)/藍牙/8000Dpi/多裝置/可用在玻璃面/無接受器,2490,,酷幣100
18,滑鼠｜鼠墊｜數位板,羅技 商務滑鼠,332,｛羅技 MX Master 3s Lite｝ 藍芽滑鼠(石墨灰)/2.4G/藍牙/8000Dpi(贈BOLT接收器USB-C)▼下殺到 9/27 23:59,2690,2990,價格異動 下殺
18,滑鼠｜鼠墊｜數位板,羅技 商務滑鼠,335,｛羅技 MX Master 4｝ 無線智能滑鼠(石墨灰)/2.4g/藍牙/8000Dpi/長效電池/可編程功能,3990,,酷幣200
18,滑鼠｜鼠墊｜數位板,羅技 商務滑鼠,336,｛羅技 MX Master 4｝ 無線智能滑鼠(珍珠白)/2.4g/藍牙/8000Dpi/長效電池/可編程功能,3990,,酷幣200
18,滑鼠｜鼠墊｜數位板,羅技 商務滑鼠,337,｛羅技 MX Master 4 for Mac｝ 無線智能滑鼠(珍珠白)/2.4g/藍牙/8000Dpi/長效電池/可編程功能,3990,,酷幣200
18,滑鼠｜鼠墊｜數位板,羅技 商務滑鼠,340,｛羅技 Lift｝ 人體工學垂直滑鼠(石墨灰)/無線-藍牙/57°垂直/適用小-中手型,2490,,酷幣100
18,滑鼠｜鼠墊｜數位板,羅技 商務滑鼠,341,｛羅技 Lift｝ 人體工學垂直滑鼠(玫瑰粉)/無線-藍牙/57°垂直/適用小-中手型,2490,,酷幣100
18,滑鼠｜鼠墊｜數位板,羅技 商務滑鼠,342,｛羅技 Lift｝ 人體工學垂直滑鼠(珍珠白)/無線-藍牙/57°垂直/適用小-中手型,2490,,酷幣100
18,滑鼠｜鼠墊｜數位板,羅技 商務滑鼠,345,｛羅技 MX Vertical｝ 垂直滑鼠/有線-無線-藍牙/57°垂直/支援FLOW/人體工學/適用中-大手型,2990,,酷幣100
18,滑鼠｜鼠墊｜數位板,羅技 商務滑鼠,346,｛羅技 Ergo M575 S｝ 無線軌跡球滑鼠(石墨黑)/雙模(藍牙或BOLT接收器)/人體工學,1490,,
18,滑鼠｜鼠墊｜數位板,羅技 商務滑鼠,347,｛羅技 Ergo M575 S｝ 無線軌跡球滑鼠(珍珠白)/雙模(藍牙或BOLT接收器)/人體工學,1490,,
18,滑鼠｜鼠墊｜數位板,羅技 商務滑鼠,348,｛羅技 MX Ergo S｝ 無線軌跡球滑鼠/雙模(藍牙或BOLT接收器)/傾斜20°調整/適用中-大手型,3290,,酷幣200
18,滑鼠｜鼠墊｜數位板,鼠墊 系列,350,威剛 ｛XPG FRONTLINE XL FORMOSA SEXY｝ 限定聯名款大型電競滑鼠墊/900x420x3,690,,熱賣
18,滑鼠｜鼠墊｜數位板,鼠墊 系列,351,｛羅技 G240｝ 電競布質鼠墊(340x280x1mm),299,,
18,滑鼠｜鼠墊｜數位板,鼠墊 系列,352,｛羅技 G840｝ 大尺寸遊戲鼠墊(桃紅色)(900x400x3mm),590,,
18,滑鼠｜鼠墊｜數位板,鼠墊 系列,353,｛羅技 桌上滑鼠墊｝(玫瑰粉)(700x300x2)/布質/防潑濺設計,499,,
18,滑鼠｜鼠墊｜數位板,鼠墊 系列,354,｛羅技 桌上滑鼠墊｝(沉穩灰)(700x300x2)/布質/防潑濺設計,499,,
18,滑鼠｜鼠墊｜數位板,鼠墊 系列,355,｛羅技 Powerplay 2｝ 充電鼠墊/充電不間斷/隨插即用/布質遊戲滑鼠墊,3690,,
18,滑鼠｜鼠墊｜數位板,鼠墊 系列,356,｛Ktnet 黑精靈光學鼠墊｝/180x220x1mm/天然橡膠底材/高密度編織/雷射切邊,39,,
18,滑鼠｜鼠墊｜數位板,鼠墊 系列,357,｛華碩 TUF Gaming P1｝ 滑鼠墊/布質表面/軍規級奈米防水/260x350x2mm,490,,
18,滑鼠｜鼠墊｜數位板,鼠墊 系列,358,｛華碩 TUF Gaming P1 Hatsune Miku Edition｝ 初音未來限量款電競鼠墊,790,,熱賣
18,滑鼠｜鼠墊｜數位板,鼠墊 系列,359,｛華碩 ROG Scabbard II Medium｝ 滑鼠墊/360x260x3mm,590,,
18,滑鼠｜鼠墊｜數位板,鼠墊 系列,360,｛華碩 ROG Sheath II XXL｝ 電競鼠墊/先進散熱纖維/柔軟布面/耐磨平縫邊緣/900x400,1290,,熱賣
18,滑鼠｜鼠墊｜數位板,鼠墊 系列,361,｛華碩 ROG Scabbard II Arctic Gray XXL｝ 電競鼠墊/柔軟布面/三重防護塗層/900x400mm,990,,熱賣
18,滑鼠｜鼠墊｜數位板,鼠墊 系列,362,｛華碩 ROG Scabbard II-KJP｝ 聯名滑鼠墊/防潑水/防滑橡膠/900x400x3mm,1690,,熱賣
18,滑鼠｜鼠墊｜數位板,鼠墊 系列,363,｛華碩 ROG Scabbard II｝ 20周年限量桌墊/軍規級防潑水/900x400x3mm,1690,,熱賣
18,滑鼠｜鼠墊｜數位板,鼠墊 系列,364,｛技嘉 Aorus AMP900｝ 鼠墊/橡膠底材/防潑水/900x360x3mm,590,,
18,滑鼠｜鼠墊｜數位板,鼠墊 系列,365,｛微星 Agility GD21｝ Dragon Tiamat 電競鼠墊/320x220x3mm,439,,
18,滑鼠｜鼠墊｜數位板,鼠墊 系列,366,｛微星 Agility GD22｝ 彩虹膜電競鼠墊/絢麗奪目的反光視覺效果/防潑水/320x220x3mm,499,,
18,滑鼠｜鼠墊｜數位板,鼠墊 系列,367,｛微星 Agility GD72｝ 彩虹膜電競鼠墊/絢麗奪目的反光視覺效果/防潑水/900x400x3mm,1690,,
18,滑鼠｜鼠墊｜數位板,鼠墊 系列,368,｛Razer Gigantus V2 Minecraft｝ 聯名鼠墊/細緻編織紋理布料表面/防滑底部/360x275x3,890,,熱賣
18,滑鼠｜鼠墊｜數位板,鼠墊 系列,369,｛Razer Gigantus｝(大)CS2 絕對武力2 聯名滑鼠墊/防滑底部/450x400x3mm,990,,熱賣
18,滑鼠｜鼠墊｜數位板,鼠墊 系列,370,｛Razer Gigantus V2 EVA｝ 聯名鼠墊/防滑底部/高密度橡膠泡綿/紋理布料表面/940x410,1090,,熱賣
18,滑鼠｜鼠墊｜數位板,鼠墊 系列,371,｛Razer Gigantus V2｝ 巨甲蟲滑鼠墊(中)/細緻編織紋理布料表面/防滑底部/360x275x3,330,,熱賣
18,滑鼠｜鼠墊｜數位板,鼠墊 系列,372,｛Razer Gigantus V2｝ 巨甲蟲滑鼠墊(大)/細緻編織紋理布料表面/防滑底部450x400x3,490,,熱賣
18,滑鼠｜鼠墊｜數位板,鼠墊 系列,373,｛Razer Gigantus V2｝ 巨甲蟲滑鼠墊(特大)/細緻編織紋理布料表面/防滑底部/940x410x4,990,,熱賣
18,滑鼠｜鼠墊｜數位板,鼠墊 系列,374,｛Razer Gigantus V2 Pro Max Control｝ 滑鼠墊/薄型車縫邊緣/Glidecore 專利泡棉/480x500,1890,,
18,滑鼠｜鼠墊｜數位板,鼠墊 系列,375,｛Razer Gigantus V2 Pro Control｝ 滑鼠墊/薄型車縫邊緣/Glidecore 專利泡棉/480x500,1890,,
18,滑鼠｜鼠墊｜數位板,鼠墊 系列,376,｛Razer Gigantus V2 Pro Balance｝ 滑鼠墊/薄型車縫邊緣/Glidecore 專利泡棉/480x500,1890,,
18,滑鼠｜鼠墊｜數位板,鼠墊 系列,377,｛Razer Gigantus V2 Pro Speed｝ 滑鼠墊/薄型車縫邊緣/Glidecore 專利泡棉/480x500,1890,,
18,滑鼠｜鼠墊｜數位板,鼠墊 系列,378,｛Razer Firefly V2 Pro｝ 烈焰神蟲鼠墊(黑)/無邊框背光設計/硬質表面/360x278x4.6/Rgb〈限網單〉,3399,,熱賣
18,滑鼠｜鼠墊｜數位板,鼠墊 系列,379,｛Razer Atlas PRO｝ 強化玻璃遊戲滑鼠墊(黑)/防滑橡膠底部/防塵防刮/超薄1.9毫米/500x400,4590,,熱賣
18,滑鼠｜鼠墊｜數位板,鼠墊 系列,380,｛Razer Atlas PRO｝ 強化玻璃遊戲滑鼠墊(白)/防滑橡膠底部/防塵防刮/超薄1.9毫米/500x400,4590,,熱賣
18,滑鼠｜鼠墊｜數位板,鼠墊 系列,381,｛darkFlash DMP300｝ 強化玻璃滑鼠墊(黑)/霧面拋光/六邊形防滑網格/耐磨防刮/300x250mm,999,,
18,滑鼠｜鼠墊｜數位板,鼠墊 系列,382,｛darkFlash DMP300｝ 強化玻璃滑鼠墊(白)/霧面拋光/六邊形防滑網格/耐磨防刮/300x250mm,999,,
18,滑鼠｜鼠墊｜數位板,鼠墊 系列,383,｛Cougar Command S｝ 電競椅專用地墊/防水PU塗層/天然橡膠底層/1060x1060x3mm(客訂指送),1990,,
18,滑鼠｜鼠墊｜數位板,鼠墊 系列,384,｛Marsrhino Stronghold｝(據點)防刮地墊/防潑水編織布料/防滑底部/1450x1000x4mm(客訂指送),1980,,熱賣
18,滑鼠｜鼠墊｜數位板,鼠墊 系列,385,｛Zowie G-SR-SE｝ 滑鼠墊/470X390X3.5mm/紅色特別版,1190,,
18,滑鼠｜鼠墊｜數位板,鼠墊 系列,386,｛Zowie G-SR-SE Rouge II｝ 電競滑鼠墊/抗潮布面彩色印刷/無縫邊設計/470x390x3.5mm,1150,,
18,滑鼠｜鼠墊｜數位板,鼠墊 系列,387,｛Zowie H-SR-SE Rouge II｝ 電競滑鼠墊/抗潮布面彩色印刷/無縫邊設計/500x500x3.5mm,1190,,
18,滑鼠｜鼠墊｜數位板,鼠墊 系列,388,｛Zowie G-SR-SE Orange｝ 電競滑鼠墊/抗潮布面彩色印刷/無縫邊設計/470x390x3.5mm,1150,,
18,滑鼠｜鼠墊｜數位板,鼠墊 系列,389,｛Zowie H-SR-SE Orange｝ 電競滑鼠墊/抗潮布面彩色印刷/無縫邊設計/500x500x3.5mm,1590,,
18,滑鼠｜鼠墊｜數位板,XP-PEN 數位繪圖板(1年保固),391,｛XP-PEN Star G430S｝超輕薄繪圖板 4X3吋 / 8192階 / 隨插即用 / 左右手可切換設定,1266,,
18,滑鼠｜鼠墊｜數位板,XP-PEN 數位繪圖板(1年保固),392,｛XP-PEN Deco 02｝頂級專業超薄繪圖板 10X5.63吋 / 8192階 / 左右手可切換設定,3136,,
18,滑鼠｜鼠墊｜數位板,XP-PEN 數位繪圖板(1年保固),393,｛XP-PEN Deco 03｝專業無線繪圖板 10X5.62吋 / 8192階 / 隨插即用 / 左右手可切換,4241,,
18,滑鼠｜鼠墊｜數位板,Wacom 數位繪圖板(1年保固),395,｛WACOM Intuos Comfort Small CTL-4100WL｝繪圖板(黑) / 4096階 / 小 / 藍牙版,2890,,熱賣
18,滑鼠｜鼠墊｜數位板,Wacom 數位繪圖板(1年保固),396,｛WACOM Intuos Comfort Plus Medium CTL-6100WL｝繪圖板(黑) / 4096階 / 中 / 藍牙,4690,,熱賣
19,IP分享器｜網卡｜網通設備,【網通促銷專區】,2,｛TP-LINK Archer GE230｝ (BE3600 / Wi-Fi 7 / 雙頻 / 3*1Gb / 1*2.5Gb / 遊戲加速技術),2999,,熱賣
19,IP分享器｜網卡｜網通設備,【網通促銷專區】,3,｛TP-LINK Archer BE550｝ (BE9300/Wi-Fi 7/三頻/320MHz頻道/5*2.5Gb/高通晶片),5999,,熱賣 酷幣400
19,IP分享器｜網卡｜網通設備,智慧家庭 (Tapo T110 T100 須搭配 Tapo 智慧網關),5,｛ TP-LINK Tapo P105｝ 迷你型智慧 Wi-Fi 插座 (遠端控制/設定排程/語音控制),329,,
19,IP分享器｜網卡｜網通設備,智慧家庭 (Tapo T110 T100 須搭配 Tapo 智慧網關),6,｛ TP-LINK Tapo P105｝ 迷你型智慧 Wi-Fi 插座 兩入,599,,
19,IP分享器｜網卡｜網通設備,智慧家庭 (Tapo T110 T100 須搭配 Tapo 智慧網關),7,｛ TP-LINK Tapo T110｝ 智慧接觸式感應器 (門窗防護裝置/即時 App 通知),499,,
19,IP分享器｜網卡｜網通設備,智慧家庭 (Tapo T110 T100 須搭配 Tapo 智慧網關),8,｛TP-LINK Tapo T100｝ 智慧行動感應器 (偵測範圍120度/動作感應燈/警報與應用程式通知),699,,
19,IP分享器｜網卡｜網通設備,智慧家庭 (Tapo T110 T100 須搭配 Tapo 智慧網關),9,｛TP-LINK Tapo H110｝ 智慧紅外線與IoT網關 (紅外線遙控/APP和語音控制/可制定排程),699,,
19,IP分享器｜網卡｜網通設備,智慧家庭 (Tapo T110 T100 須搭配 Tapo 智慧網關),10,｛TP-LINK Tapo L920-5｝ 智慧 Wi-Fi 多彩燈條 (語音控制/WIFI控制/可排程/50個色彩區域),699,,
19,IP分享器｜網卡｜網通設備,智慧家庭 (Tapo T110 T100 須搭配 Tapo 智慧網關),11,｛TP-LINK Tapo T315｝ 智慧溫濕度感測器 (2.7吋電子墨面板/即時精準監控),899,,
19,IP分享器｜網卡｜網通設備,智慧家庭 (Tapo T110 T100 須搭配 Tapo 智慧網關),12,｛TP-LINK Tapo H200｝智慧網關 (語音控制/智慧警報/內建19種鈴聲),999,,
19,IP分享器｜網卡｜網通設備,智慧家庭 (Tapo T110 T100 須搭配 Tapo 智慧網關),13,TP-LINK 智慧家庭安全組 T110+T100+H200,1990,,
19,IP分享器｜網卡｜網通設備,智慧家庭 (Tapo T110 T100 須搭配 Tapo 智慧網關),14,TP-LINK 智慧家庭安全燈光組 T110+T100+H200+L920-5,2799,,
19,IP分享器｜網卡｜網通設備,智慧家庭 (Tapo T110 T100 須搭配 Tapo 智慧網關),15,｛TP-LINK Tapo H500｝ 智慧網關 (可擴2.5 HDD/SSD本地儲存/無須接線簡單安裝/AI 偵測),4399,,
19,IP分享器｜網卡｜網通設備,智慧家庭 (Tapo T110 T100 須搭配 Tapo 智慧網關),16,｛TP-LINK Tapo D210｝ 視訊門鈴 (電池續航六個月/2K/160度視角/全彩夜視/IP65防水防塵),1999,,
19,IP分享器｜網卡｜網通設備,智慧家庭 (Tapo T110 T100 須搭配 Tapo 智慧網關),17,【組合優惠】TP-LINK Tapo D210 視訊門鈴 + 金士頓 Canvas Select+ 128G $2687↘,2399,,熱賣
19,IP分享器｜網卡｜網通設備,智慧家庭 (Tapo T110 T100 須搭配 Tapo 智慧網關),18,｛TP-LINK Tapo D235｝視訊門鈴(電池續航210天/2K/180度視角/全彩夜視/IP66防水防塵),3299,,
19,IP分享器｜網卡｜網通設備,電力線網路(HomePlug),20,｛TP-LINK TL-PA7017 KIT ｝AV1000 / 電力線 / 1Gb / 延伸網路 / 隨插即用,1399,,
19,IP分享器｜網卡｜網通設備,電力線網路(HomePlug),21,｛TP-LINK TL-WPA7517 KIT｝AV1000 / 電力線 / 雙頻/ AC1200 / 1Gb / WiFi延伸,1999,,
19,IP分享器｜網卡｜網通設備,內接式有線網路卡,23,｛TP-LINK TG-3468｝【1Gb】有線網卡 / RJ45 / PCIe介面,299,,
19,IP分享器｜網卡｜網通設備,內接式有線網路卡,24,｛TP-LINK TX201｝【2.5Gb】單埠高速有線網路卡 / RJ45 / PCIe介面,599,,
19,IP分享器｜網卡｜網通設備,內接式有線網路卡,25,｛TP-LINK TX301｝【5Gb】單埠高速有線網路卡 / RJ45 / PCIe介面,1099,,
19,IP分享器｜網卡｜網通設備,內接式有線網路卡,26,｛TP-LINK TX401｝【10Gb】單埠高速有線網路卡 / RJ45 / PCIe介面,1999,,
19,IP分享器｜網卡｜網通設備,內接式有線網路卡,27,｛華碩 XG-C100C｝【10Gb】單埠高速網路卡 / RJ45 / PCIe介面,2950,,
19,IP分享器｜網卡｜網通設備,內接式有線網路卡,28,｛ZyXEL合勤 XGN100C｝【10Gb】單埠網路卡 / RJ45 / PCIe介面,1520,,
19,IP分享器｜網卡｜網通設備,內接式有線網路卡,29,｛伽利略 PETL02B｝【1Gb】雙埠有線網卡 / Intel 晶片組 / PCIe介面,1500,,
19,IP分享器｜網卡｜網通設備,外接式有線網路卡,31,｛華碩 USB-C2500 V2｝【2.5Gb】RJ45有線網卡 / TYPE-C / 鋁製金屬外殼,1290,,
19,IP分享器｜網卡｜網通設備,外接式有線網路卡,32,｛TP-LINK UE300｝【1Gb】RJ45有線網卡 / USB 3.0 / 摺疊設計 / 支援Windows /Mac,299,,
19,IP分享器｜網卡｜網通設備,外接式有線網路卡,33,｛TP-LINK UE306｝【1Gb】RJ45有線網卡 / USB 3.0 / 支援Nintendo Switch / Mac,299,,
19,IP分享器｜網卡｜網通設備,外接式有線網路卡,34,｛TP-LINK UE302C｝【2.5Gb】RJ45有線網卡 / TYPE-C / 支援Windows / Mac,799,,
19,IP分享器｜網卡｜網通設備,外接式有線網路卡,35,｛3C Pig TC-R1000｝【1Gb】Type-C 轉接器 TYPE-C to RJ45 / 一年保 / 支援Mac,399,,
19,IP分享器｜網卡｜網通設備,外接式有線網路卡,36,｛伽利略 G-TM035｝【1Gb】RJ45有線網卡/TYPE-C/鋁合金/支援Windows＆Mac,379,,
19,IP分享器｜網卡｜網通設備,外接式有線網路卡,37,｛伽利略 CAU3GL10｝【1Gb】RJ45有線網卡/TYPE-C+A//支援Windows＆Mac,450,,
19,IP分享器｜網卡｜網通設備,外接式有線網路卡,38,｛伽利略 CAU3GL25｝【2.5Gb】RJ45有線網卡/TYPE-C+A/鋁合金/支援Win11＆Mac,525,,
19,IP分享器｜網卡｜網通設備,外接式有線網路卡,39,"｛華芸 AS-U2.5G2｝【2.5Gb】RJ45有線網卡/TYPE-C+A/鋁合金/支援Windows, MacOS, Linux",799,,
19,IP分享器｜網卡｜網通設備,10/100Mbps 集線器 / 交換器,41,｛TP-LINK TL-SF1005D｝【5埠】10/100Mbps /桌上型交換器/塑膠殼/即插即用,199,,
19,IP分享器｜網卡｜網通設備,10/100Mbps 集線器 / 交換器,42,｛TP-LINK TL-SF1008D｝【8埠】10/100Mbps /桌上型交換器/塑膠殼/即插即用,249,,
19,IP分享器｜網卡｜網通設備,10/100Mbps 集線器 / 交換器,43,｛MERCUSYS水星 MS105｝【5埠】10/100Mbps /交換器/塑膠殼/桌上型,159,,酷幣19
19,IP分享器｜網卡｜網通設備,10/100Mbps 集線器 / 交換器,44,｛MERCUSYS水星 MS108｝【8埠】10/100Mbps /交換器/塑膠殼/桌上型,180,,
19,IP分享器｜網卡｜網通設備,10/100Mbps 集線器 / 交換器,45,｛TOTOLINK S808｝【8埠】10/100Mbps 交換器/桌上型/壁掛兩用/即插即用,129,,
19,IP分享器｜網卡｜網通設備,1Gb 集線器 / 交換器,47,｛TP-LINK LS1005G｝【5埠】1Gb/桌上型交換器/塑膠殼/可壁掛兩用,329,,
19,IP分享器｜網卡｜網通設備,1Gb 集線器 / 交換器,48,｛TP-LINK LS1008G｝【8埠】1Gb/桌上型交換器/塑膠殼/可壁掛兩用,599,,
19,IP分享器｜網卡｜網通設備,1Gb 集線器 / 交換器,49,｛TP-LINK LS105G｝【5埠】1Gb/桌上型交換器/鐵殼/可壁掛兩用,379,,
19,IP分享器｜網卡｜網通設備,1Gb 集線器 / 交換器,50,｛TP-LINK LS108G｝【8埠】1Gb/桌上型交換器/鐵殼/可壁掛兩用,649,,
19,IP分享器｜網卡｜網通設備,1Gb 集線器 / 交換器,51,｛TP-LINK TL-SG105｝【5埠】1Gb/桌上型交換器/鐵殼/可壁掛兩用,439,,熱賣
19,IP分享器｜網卡｜網通設備,1Gb 集線器 / 交換器,52,｛TP-LINK TL-SG108｝【8埠】1Gb/桌上型交換器/鐵殼/可壁掛兩用,699,,熱賣
19,IP分享器｜網卡｜網通設備,1Gb 集線器 / 交換器,53,｛TP-LINK TL-SG1005P｝【5埠】1Gb(含4埠 PoE+)65W總供電/PoE埠最高30W供電,1439,,
19,IP分享器｜網卡｜網通設備,1Gb 集線器 / 交換器,54,｛TP-LINK TL-SG116｝【16埠】1Gb交換器/鐵殼/桌上型/壁掛兩用,1699,,
19,IP分享器｜網卡｜網通設備,1Gb 集線器 / 交換器,55,｛TP-LINK TL-SG1016D｝【16埠】1Gb 交換器/鐵殼/桌上型/壁掛兩用,1788,,
19,IP分享器｜網卡｜網通設備,1Gb 集線器 / 交換器,56,｛TP-LINK TL-SG1024D｝【24埠】1Gb 交換器/鐵殼/桌上型/可機架裝載,2399,,熱賣
19,IP分享器｜網卡｜網通設備,1Gb 集線器 / 交換器,57,｛TP-LINK ER605｝【5埠】VPN 有線路由器/1Gb/鐵殼/Omada雲端管理,3999,,
19,IP分享器｜網卡｜網通設備,1Gb 集線器 / 交換器,58,｛TP-LINK TL-SG2210P｝【10埠】8*1Gb PoE+(總功率61W)/2*1Gb SFP/鐵殼,6990,,酷幣2000
19,IP分享器｜網卡｜網通設備,1Gb 集線器 / 交換器,59,｛MERCUSYS水星 MS108G｝【8埠】1Gb 交換器/塑膠殼/桌上型,399,,
19,IP分享器｜網卡｜網通設備,1Gb 集線器 / 交換器,60,｛MERCUSYS水星 MS105GS｝【5埠】1Gb 交換器/金屬殼/桌上型,299,,
19,IP分享器｜網卡｜網通設備,1Gb 集線器 / 交換器,61,｛MERCUSYS水星 MS108GS｝【8埠】1Gb 交換器/金屬殼/桌上型,499,,
19,IP分享器｜網卡｜網通設備,1Gb 集線器 / 交換器,62,｛MERCUSYS水星 MS108GP｝【8埠】1Gb(含7埠 PoE)交換器/金屬殼/桌上型,1199,,
19,IP分享器｜網卡｜網通設備,1Gb 集線器 / 交換器,63,｛MERCUSYS水星 MS116GS｝【16埠】1Gb 交換器/鐵殼/桌上型,1399,,
19,IP分享器｜網卡｜網通設備,1Gb 集線器 / 交換器,64,｛MERCUSYS水星 MS124GS｝【24埠】1Gb 交換器/鐵殼/桌上型,1799,,
19,IP分享器｜網卡｜網通設備,1Gb 集線器 / 交換器,65,｛MERCUSYS水星 MS110GMP｝【10埠】1Gb 含8埠 PoE總供電 111W+埠 交換器/金屬殼,2499,,
19,IP分享器｜網卡｜網通設備,1Gb 集線器 / 交換器,66,｛華碩 GX-U1051｝【5埠】1Gb交換器/VIP Port 頻寬優先/霧黑鐵殼/桌上型/三年換新,549,,
19,IP分享器｜網卡｜網通設備,1Gb 集線器 / 交換器,67,｛華碩 GX-U1081｝【8埠】1Gb交換器/VIP Port 頻寬優先/霧黑鐵殼/桌上型/三年換新,799,,
19,IP分享器｜網卡｜網通設備,1Gb 集線器 / 交換器,68,｛華碩 ExpertWiFi EBP15｝【5埠】1Gb PoE+/4埠 PoE+每埠最高30W/總功率60W,1990,,
19,IP分享器｜網卡｜網通設備,1Gb 集線器 / 交換器,69,｛華碩 ExpertWiFi EBG15｝【5埠】1Gb VPN 有線路由器/Layer 7 防火牆/支援VPN,2990,,
19,IP分享器｜網卡｜網通設備,1Gb 集線器 / 交換器,70,｛華碩 ExpertWiFi EBG19P｝【9埠】1Gb PoE+/8埠 PoE+每埠最高30W/總功率123W,5990,,
19,IP分享器｜網卡｜網通設備,1Gb 集線器 / 交換器,71,｛TOTOLINK S808G｝【8埠】1Gb 交換器/桌上型/即插即用,349,,
19,IP分享器｜網卡｜網通設備,1Gb 集線器 / 交換器,72,｛ZyXEL合勤 GS-105B v5｝【5埠】1Gb交換器/鐵殼/桌上型/三年保固,325,,
19,IP分享器｜網卡｜網通設備,1Gb 集線器 / 交換器,73,｛ZyXEL合勤 GS-108B v5｝【8埠】1Gb交換器/鐵殼/桌上型/三年保固,560,,
19,IP分享器｜網卡｜網通設備,1Gb 集線器 / 交換器,74,｛ZyXEL合勤 GS1200-5｝【5埠】1Gb交換器/網頁式管理型/鐵殼/桌上、壁掛兩用,1005,,熱賣
19,IP分享器｜網卡｜網通設備,1Gb 集線器 / 交換器,75,｛ZyXEL合勤 GS1200-8｝【8埠】1Gb交換器/網頁式管理型/鐵殼/桌上、壁掛兩用,1375,,熱賣
19,IP分享器｜網卡｜網通設備,1Gb 集線器 / 交換器,76,｛ZyXEL合勤 GS1200-10｝【10埠】1Gb交換器/網頁式管理型/鐵殼/桌上、壁掛兩用,1850,,
19,IP分享器｜網卡｜網通設備,1Gb 集線器 / 交換器,77,｛ZyXEL合勤 GS1005HP｝【5埠】1Gb PoE+/4埠 PoE+每埠最高30W/總功率60W,1399,,
19,IP分享器｜網卡｜網通設備,1Gb 集線器 / 交換器,78,｛ZyXEL合勤 GS1008HP｝【8埠】1Gb PoE+/8埠 PoE+每埠最高30W/總功率60W,1990,,
19,IP分享器｜網卡｜網通設備,1Gb 集線器 / 交換器,79,｛ZyXEL合勤 GS1100-16｝【16埠】1Gb 交換器/鐵殼/可壁掛、機架裝載/三年保固,2399,,
19,IP分享器｜網卡｜網通設備,1Gb 集線器 / 交換器,80,｛ZyXEL合勤 GS1100-16S｝【16埠】1Gb 交換器/鐵殼/可壁掛、機架裝載/三年保固,2600,,
19,IP分享器｜網卡｜網通設備,1Gb 集線器 / 交換器,81,｛ZyXEL合勤 GS1100-24ES｝【24埠】1Gb 交換器/鐵殼/可壁掛、機架裝載/三年保固,3043,,
19,IP分享器｜網卡｜網通設備,2.5Gb/10Gb 交換器,83,｛TP-LINK TL-SG105-M2｝【5埠】2.5Gb 桌上型交換器 / 鐵殼 / 可壁掛兩用,1399,,
19,IP分享器｜網卡｜網通設備,2.5Gb/10Gb 交換器,84,｛TP-LINK TL-SG108-M2｝【8埠】2.5Gb 桌上型交換器 / 鐵殼 / 可壁掛兩用,1999,,
19,IP分享器｜網卡｜網通設備,2.5Gb/10Gb 交換器,85,｛TP-LINK TL-SX105｝【5埠】10Gb 桌上型交換器 / 鐵殼 / 可壁掛兩用,7660,,熱賣
19,IP分享器｜網卡｜網通設備,2.5Gb/10Gb 交換器,87,｛TP-LINK TL-SX1008｝【8埠】10Gb 桌上型交換器 / 鐵殼 / 可壁掛兩用,9699,,熱賣
19,IP分享器｜網卡｜網通設備,2.5Gb/10Gb 交換器,89,｛華碩 QG-U1050｝【5埠】2.5Gb 桌上型交換器/支援四種智慧功能模式,1799,,
19,IP分享器｜網卡｜網通設備,2.5Gb/10Gb 交換器,91,｛華碩 QG-U1080｝【8埠】2.5Gb 桌上型交換器 /10G SFP+*2 光纖埠/四種智慧功能模式,3699,,
19,IP分享器｜網卡｜網通設備,2.5Gb/10Gb 交換器,93,｛ZyXEL合勤 XMG-105｝【6埠】Multi-Gig 2.5Gb*5/10Gb*1 SFP+光纖埠/無網管,2050,,
19,IP分享器｜網卡｜網通設備,2.5Gb/10Gb 交換器,94,｛ZyXEL合勤 XMG-108｝【9埠】Multi-Gig 2.5Gb*8/10Gb*1 SFP+光纖埠/無網管,3265,,
19,IP分享器｜網卡｜網通設備,2.5Gb/10Gb 交換器,95,｛ZyXEL合勤 XGS1010-12｝【12埠】1Gb*8/2.5Gb*2/10Gb*2 SFP+光纖埠/無網管,4690,,
19,IP分享器｜網卡｜網通設備,2.5Gb/10Gb 交換器,96,｛ZyXEL合勤 XGS1250-12｝【12埠】1Gb*8/10Gb*3(RJ45)/10Gb*1 SFP+光纖埠,8490,,
19,IP分享器｜網卡｜網通設備,2.5Gb/10Gb 交換器,97,｛華芸 ASW205T｝【5埠】2.5Gb埠 桌上型交換器 / 鐵殼 / 可壁掛兩用,1999,,
19,IP分享器｜網卡｜網通設備,2.5Gb/10Gb 交換器,98,｛華芸 ASW209X｝【9埠】2.5Gb*8埠/10Gb*1 SFP+光纖埠/可壁掛兩用/無網管交換器,3900,,
19,IP分享器｜網卡｜網通設備,整合式防火牆/網路VPN 路由器,100,｛ZyXEL合勤 USG FLEX 50H｝ 防火牆路由器 【5埠】1Gb*5,14300,,
19,IP分享器｜網卡｜網通設備,整合式防火牆/網路VPN 路由器,101,｛ZyXEL合勤 USG FLEX 50HP｝ 防火牆路由器 【5埠】1Gb*5 含*1 支援POE,14900,,
19,IP分享器｜網卡｜網通設備,WIFI無線延伸/分享(簡易型)網路設備,103,｛TP-LINK TL-WR802N｝300M/USB供電/AP模式/無線網卡模式/WiFi延伸分享/輕巧便攜,499,,
19,IP分享器｜網卡｜網通設備,WIFI無線延伸/分享(簡易型)網路設備,104,"｛TP-LINK TL-WA855RE｝300M/插座供電/AP模式/無線網卡模式/Wi-Fi訊號延伸器,三合一",459,,
19,IP分享器｜網卡｜網通設備,WIFI無線延伸/分享(簡易型)網路設備,105,｛TP-LINK RE315｝AC1200/Wi-Fi 5/2天線/單埠100M/AP模式/Wi-Fi訊號延伸器,699,,
19,IP分享器｜網卡｜網通設備,WIFI無線延伸/分享(簡易型)網路設備,106,｛TP-LINK RE505X｝AX1500/Wi-Fi 6/2天線/1Gb/AP模式/Wi-Fi訊號延伸器,1199,,熱賣
19,IP分享器｜網卡｜網通設備,WIFI無線延伸/分享(簡易型)網路設備,107,｛TP-LINK RE705X｝AX3000/Wi-Fi 6/2天線/1Gb/AP模式/Wi-Fi訊號延伸器,1599,,
19,IP分享器｜網卡｜網通設備,WIFI無線延伸/分享(簡易型)網路設備,108,｛TP-LINK RE235BE｝BE3600/Wi-Fi 7/2天線/2.5Gb/AP模式/Wi-Fi訊號延伸器,1999,,
19,IP分享器｜網卡｜網通設備,WIFI無線延伸/分享(簡易型)網路設備,109,｛TP-LINK RE655BE｝BE11000/Wi-Fi 7/4天線/2.5Gb/AP模式/Wi-Fi訊號延伸器,3999,,
19,IP分享器｜網卡｜網通設備,WIFI無線延伸/分享(簡易型)網路設備,110,｛MERCUSYS水星 ME25BE｝BE3600/Wi-Fi 7/2天線/1Gb/Wi-Fi訊號延伸器/一鍵設定),1499,,
19,IP分享器｜網卡｜網通設備,4G＆5G LTE 無線路由器/SIM卡,112,｛TP-LINK M7450｝AC1200/4G LTE 行動WIFI分享，內含3000mAh電池方便攜帶,3499,,
19,IP分享器｜網卡｜網通設備,4G＆5G LTE 無線路由器/SIM卡,113,｛TP-LINK TL-MR100-Outdoor｝300M/4G LTE 行動WIFI分享/IP65防水/戶外型,1699,,
19,IP分享器｜網卡｜網通設備,4G＆5G LTE 無線路由器/SIM卡,114,｛TP-LINK TL-MR6400｝300M/雙天線/SIM卡/4G LTE無線路由器,2299,,熱賣 酷幣100
19,IP分享器｜網卡｜網通設備,4G＆5G LTE 無線路由器/SIM卡,115,｛TP-LINK TL-MR6500v｝300M/雙天線/SIM卡/支援VoIP電話/4G LTE無線路由器,2399,,
19,IP分享器｜網卡｜網通設備,4G＆5G LTE 無線路由器/SIM卡,116,｛TP-LINK Archer MR400｝AC1200/雙天線/SIM卡/3*100M/4G LTE無線路由器,2799,,熱賣
19,IP分享器｜網卡｜網通設備,4G＆5G LTE 無線路由器/SIM卡,117,｛TP-LINK Archer MX700｝AX1500/SIM卡/1Gb/4G LTE無線路由器,3299,,
19,IP分享器｜網卡｜網通設備,4G＆5G LTE 無線路由器/SIM卡,118,｛TP-LINK Archer MR600｝AC1200/雙天線/SIM卡/1Gb/4G LTE無線路由器,3999,,
19,IP分享器｜網卡｜網通設備,4G＆5G LTE 無線路由器/SIM卡,119,｛TP-LINK Deco X20-4G｝AX1800/AX Mesh/1Gb/4G LTE 無線路由器,3799,,
19,IP分享器｜網卡｜網通設備,4G＆5G LTE 無線路由器/SIM卡,120,｛TP-LINK Deco X50-4G｝AX3000/AX Mesh/1Gb/4G LTE 無線路由器,4999,,
19,IP分享器｜網卡｜網通設備,4G＆5G LTE 無線路由器/SIM卡,121,｛TP-LINK Archer NX200｝AX1800/1Gb/5G＆4G LTE 無線路由器,7999,,酷幣500
19,IP分享器｜網卡｜網通設備,4G＆5G LTE 無線路由器/SIM卡,122,｛華碩 4G-BE58｝BE3600/Wi-Fi 7/雙頻/3*1Gb/1*2.5Gb/SIM卡/ 三年換新,4999,,
19,IP分享器｜網卡｜網通設備,4G＆5G LTE 無線路由器/SIM卡,123,｛MERCUSYS水星 MB110-4G｝300M/雙天線/2*100M/4G LTE 無線路由器,1299,,
19,IP分享器｜網卡｜網通設備,4G＆5G LTE 無線路由器/SIM卡,124,｛MERCUSYS水星 MB115-4G｝300M/四天線/3*100M/4G LTE 無線路由器,1299,,
19,IP分享器｜網卡｜網通設備,4G＆5G LTE 無線路由器/SIM卡,125,｛MERCUSYS水星 MT110｝150M/行動WiFi/4G LTE/內含2200mAh電池方便攜帶,969,,
19,IP分享器｜網卡｜網通設備,單頻.無線路由器/AP基地台,127,｛TP-LINK TL-WR840N｝300M/雙天線/4*100M/小套房、小坪數適用,499,,熱賣
19,IP分享器｜網卡｜網通設備,單頻.無線路由器/AP基地台,128,｛MERCUSYS水星 MW325R｝300M/四天線/4*100M/小套房、學生宿舍適用,399,,
19,IP分享器｜網卡｜網通設備,單頻.無線路由器/AP基地台,129,｛華碩 RT-N12+ B1｝300M/雙天線/4*100M/三年換新,699,,
19,IP分享器｜網卡｜網通設備,AC Wi-Fi 5 雙頻 系列無線路由器/AP基地台,131,｛TP-LINK Archer C24｝AC750/四天線/4*100M/路由器、基地台、訊號延伸三合一,649,,
19,IP分享器｜網卡｜網通設備,AC Wi-Fi 5 雙頻 系列無線路由器/AP基地台,132,｛TP-LINK Archer C54｝AC1200/四天線/4*100M/路由器、基地台、訊號延伸三合一,749,,
19,IP分享器｜網卡｜網通設備,AC Wi-Fi 5 雙頻 系列無線路由器/AP基地台,133,｛TP-LINK Archer C64｝AC1200/雙頻/四天線/4埠1Gb/MU-MIMO/三年保固,949,,熱賣
19,IP分享器｜網卡｜網通設備,AC Wi-Fi 5 雙頻 系列無線路由器/AP基地台,134,｛MERCUSYS水星 AC10｝AC1200/雙頻/四天線/100M*2,499,,
19,IP分享器｜網卡｜網通設備,AC Wi-Fi 5 雙頻 系列無線路由器/AP基地台,135,｛MERCUSYS水星 AC12G｝AC1300/雙頻/四天線/1Gb*3,749,,
19,IP分享器｜網卡｜網通設備,AC Wi-Fi 5 雙頻 系列無線路由器/AP基地台,136,｛華碩 RT-AC52｝AC750/雙頻/四天線/4*100M/支援MOD/三年換新,1099,,
19,IP分享器｜網卡｜網通設備,AC Wi-Fi 5 雙頻 系列無線路由器/AP基地台,137,｛華碩 RT-AC1200 V2｝AC1200/雙頻/四天線/4*100M/三年換新-[內洽驚喜價]▼下殺到 9/30 23:59,1188,1299,熱賣 價格異動 下殺
19,IP分享器｜網卡｜網通設備,Wi-Fi 6 雙頻 / 三頻 系列無線路由器/AP基地台,139,｛TP-LINK Archer AX12｝AX1500/Wi-Fi 6/4*天線/3*1Gb/App簡單設定/入門首選,1199,,
19,IP分享器｜網卡｜網通設備,Wi-Fi 6 雙頻 / 三頻 系列無線路由器/AP基地台,140,｛TP-LINK Archer AX23｝AX1800/Wi-Fi 6/4*天線/4*1Gb/支援OneMesh,1999,,熱賣
19,IP分享器｜網卡｜網通設備,Wi-Fi 6 雙頻 / 三頻 系列無線路由器/AP基地台,141,｛TP-LINK Archer AX53｝AX3000/Wi-Fi 6/4*高功率天線/4*1Gb/支援OneMesh,1999,,熱賣 酷幣100
19,IP分享器｜網卡｜網通設備,Wi-Fi 6 雙頻 / 三頻 系列無線路由器/AP基地台,142,｛TP-LINK EAP610｝AX1800/Wi-Fi 6/吸頂式/1Gb*1/支援PoE/Omada 雲端管理,3199,,熱賣
19,IP分享器｜網卡｜網通設備,Wi-Fi 6 雙頻 / 三頻 系列無線路由器/AP基地台,143,｛MERCUSYS水星 MR60X｝AX1500/Wi-Fi 6/4*天線/3*1Gb/中文APP,899,,
19,IP分享器｜網卡｜網通設備,Wi-Fi 6 雙頻 / 三頻 系列無線路由器/AP基地台,144,｛MERCUSYS水星 MR80X｝AX3000/Wi-Fi 6/4*天線/3*1Gb/中文APP,1599,,酷幣200
19,IP分享器｜網卡｜網通設備,Wi-Fi 6 雙頻 / 三頻 系列無線路由器/AP基地台,145,｛華碩 RT-AX1800S｝AX1800/Wi-Fi 6/4*高功率天線/4*1Gb-[內洽驚喜價],2290,,
19,IP分享器｜網卡｜網通設備,Wi-Fi 6 雙頻 / 三頻 系列無線路由器/AP基地台,146,｛華碩 RT-AX1800HP｝AX1800/Wi-Fi 6/4*高功率大天線/4*1Gb/三年換新▼下殺到 9/30 23:59,2288,2399,價格異動 下殺
19,IP分享器｜網卡｜網通設備,Wi-Fi 6 雙頻 / 三頻 系列無線路由器/AP基地台,147,｛華碩 RT-AX3000S｝1.3GHz雙核心/AX3000/雙頻/4*天線/4*1Gb/三年換新-[內洽驚喜價],2790,,
19,IP分享器｜網卡｜網通設備,Wi-Fi 6 雙頻 / 三頻 系列無線路由器/AP基地台,148,｛ZyXEL合勤 NWA50AX｝AX1800/1Gb PoE/手機APP 雲端管理/台灣製造,3610,,熱賣
19,IP分享器｜網卡｜網通設備,Wi-Fi 6 雙頻 / 三頻 系列無線路由器/AP基地台,149,｛ZyXEL合勤 NWA50AX PRO｝AX3000/2.5Gb PoE/手機APP 雲端管理/台灣製造,4450,,
19,IP分享器｜網卡｜網通設備,Wi-Fi 6 雙頻 / 三頻 系列無線路由器/AP基地台,150,｛ZyXEL合勤 NWA90AX｝AX1800/1Gb PoE/手機APP 雲端管理/企業級資安防護,3990,,
19,IP分享器｜網卡｜網通設備,Wi-Fi 6 雙頻 / 三頻 系列無線路由器/AP基地台,151,｛ZyXEL合勤 NWA90AX PRO｝AX3000/2.5Gb PoE/手機APP 雲端管理/企業級資安防護,5690,,
19,IP分享器｜網卡｜網通設備,Wi-Fi 6 雙頻 / 三頻 系列無線路由器/AP基地台,152,｛ZyXEL合勤 USG Lite 60AX｝AX6000/2*2.5Gb/4*1Gb/支援防火牆/內建基礎資安防禦,6250,,
19,IP分享器｜網卡｜網通設備,Wi-Fi 6 雙頻 / 三頻 系列無線路由器/AP基地台,154,｛MSI RadiX AXE6600｝AXE6600/1*2.5Gb/4*1Gb/三年保固 到府收送,7990,,
19,IP分享器｜網卡｜網通設備,Wi-Fi 6E＆7 三頻 系列無線路由器/AP基地台,156,｛TP-LINK Archer AXE75｝AXE5400/Wi-Fi 6E/三頻/6*天線/5*1Gb,2999,,
19,IP分享器｜網卡｜網通設備,Wi-Fi 6E＆7 三頻 系列無線路由器/AP基地台,157,｛TP-LINK WR3002X｝AX3000/Wi-Fi 6/雙頻/1*2.5Gb/1*1Gb/便攜式路由器,1890,,
19,IP分享器｜網卡｜網通設備,Wi-Fi 6E＆7 三頻 系列無線路由器/AP基地台,158,｛TP-LINK WR3602BE｝BE3600/Wi-Fi 7/雙頻/2*天線/1*2.5Gb/1*1Gb/便攜式路由器,2999,,
19,IP分享器｜網卡｜網通設備,Wi-Fi 6E＆7 三頻 系列無線路由器/AP基地台,159,｛TP-LINK Archer BE220｝BE3600/Wi-Fi 7/雙頻/4*天線/4*1Gb,1990,,
19,IP分享器｜網卡｜網通設備,Wi-Fi 6E＆7 三頻 系列無線路由器/AP基地台,160,｛TP-LINK Archer BE230｝BE3600/Wi-Fi 7/雙頻/4*天線/3*1Gb/2.5Gb,2799,,
19,IP分享器｜網卡｜網通設備,Wi-Fi 6E＆7 三頻 系列無線路由器/AP基地台,161,｛TP-LINK Archer BE400｝BE6500/Wi-Fi 7/雙頻/6*天線/3*1Gb/2.5Gb,4399,,
19,IP分享器｜網卡｜網通設備,Wi-Fi 6E＆7 三頻 系列無線路由器/AP基地台,162,｛TP-LINK Archer BE550｝BE9300/Wi-Fi 7/三頻/320MHz頻道/5*2.5Gb/高通晶片,5999,,熱賣 酷幣400
19,IP分享器｜網卡｜網通設備,Wi-Fi 6E＆7 三頻 系列無線路由器/AP基地台,163,｛TP-LINK Archer BE600｝BE9700/Wi-Fi 7/三頻/320MHz頻道/1*10Gb+4*2.5Gb,6999,,
19,IP分享器｜網卡｜網通設備,Wi-Fi 6E＆7 三頻 系列無線路由器/AP基地台,164,｛TP-LINK Archer BE805｝BE19000/Wi-Fi 7/三頻/320MHz頻道/2*10Gb/4*1Gb▼下殺到 9/20 23:59,9999,12999,熱賣 價格異動 下殺
19,IP分享器｜網卡｜網通設備,Wi-Fi 6E＆7 三頻 系列無線路由器/AP基地台,166,｛TP-LINK Archer GE230｝BE3600/Wi-Fi 7/雙頻/3*1Gb/1*2.5Gb/遊戲加速技術,2999,,
19,IP分享器｜網卡｜網通設備,Wi-Fi 6E＆7 三頻 系列無線路由器/AP基地台,167,｛TP-LINK Archer GE550｝BE9300/Wi-Fi 7/三頻/2*5Gb/3*2.5Gb/遊戲加速技術,6999,,熱賣
19,IP分享器｜網卡｜網通設備,Wi-Fi 6E＆7 三頻 系列無線路由器/AP基地台,168,｛TP-LINK Archer GE800｝BE19000/Wi-Fi 7/三頻/8*隱藏天線/2*10Gb/遊戲加速技術,16999,,
19,IP分享器｜網卡｜網通設備,Wi-Fi 6E＆7 三頻 系列無線路由器/AP基地台,170,｛MERCUSYS水星 MR27BE｝BE3600/雙頻/Wi-Fi 7/4*天線/2*2.5Gb,2299,,
19,IP分享器｜網卡｜網通設備,Wi-Fi 6E＆7 三頻 系列無線路由器/AP基地台,171,｛MERCUSYS水星 MR47BE｝BE9300/三頻/Wi-Fi 7/6*天線/4*2.5Gb,4999,,酷幣1000
19,IP分享器｜網卡｜網通設備,Wi-Fi 6E＆7 三頻 系列無線路由器/AP基地台,172,｛華碩 TUF Gaming BE3600｝Wi-Fi 7/雙頻/4*天線/4*1Gb/1*2.5Gb-[內洽驚喜價],3799,,
19,IP分享器｜網卡｜網通設備,Wi-Fi 6E＆7 三頻 系列無線路由器/AP基地台,173,｛華碩 TUF Gaming BE9400｝Wi-Fi 7/三頻/6*天線/USB3.0*1/4*2.5Gb-[內洽驚喜價],7999,,熱賣
19,IP分享器｜網卡｜網通設備,Wi-Fi 6E＆7 三頻 系列無線路由器/AP基地台,174,｛華碩 RT-BE58 GO｝BE3600/Wi-Fi 7/雙頻 1*2.5Gb/1*1Gb/三年換新,2899,,
19,IP分享器｜網卡｜網通設備,Wi-Fi 6E＆7 三頻 系列無線路由器/AP基地台,175,｛華碩 RT-BE3600S｝BE3600/Wi-Fi 7雙頻/1*2.5Gb/3*1Gb/三年換新-[內洽驚喜價],2890,,
19,IP分享器｜網卡｜網通設備,Wi-Fi 6E＆7 三頻 系列無線路由器/AP基地台,176,｛華碩 RT-BE3600HP｝BE3600/Wi-Fi 7/雙頻/1*2.5Gb/4*1Gb/三年換新,3290,,
19,IP分享器｜網卡｜網通設備,Wi-Fi 6E＆7 三頻 系列無線路由器/AP基地台,177,｛華碩 RT-BE58U｝BE3600/Wi-Fi 7/雙頻/1*2.5Gb/4*1Gb/三年換新,3699,,
19,IP分享器｜網卡｜網通設備,Wi-Fi 6E＆7 三頻 系列無線路由器/AP基地台,178,｛華碩 PRT-BE5000｝BE5000/Wi-Fi 7/5*隱藏天線/雙頻/2*2.5Gb/3*1Gb/三年換新,4399,,
19,IP分享器｜網卡｜網通設備,Wi-Fi 6E＆7 三頻 系列無線路由器/AP基地台,179,｛華碩 RT-BE82U｝BE6500/Wi-Fi 7/雙頻/4*2.5Gb/三年換新-[內洽驚喜價],4999,,
19,IP分享器｜網卡｜網通設備,Wi-Fi 6E＆7 三頻 系列無線路由器/AP基地台,180,｛華碩 RT-BE86U｝BE6800/Wi-Fi 7/雙頻/3*2.5Gb/10Gb/三年換新,7199,,
19,IP分享器｜網卡｜網通設備,Wi-Fi 6E＆7 三頻 系列無線路由器/AP基地台,181,｛華碩 RT-BE88U｝BE7200/Wi-Fi 7/雙頻/4*2.5Gb/4*1Gb/1*10Gb RJ45&SFP+,9999,,
19,IP分享器｜網卡｜網通設備,Wi-Fi 6E＆7 三頻 系列無線路由器/AP基地台,182,｛華碩 RT-BE92U｝BE9700/Wi-Fi 7/三頻/4*2.5Gb/10Gb/三年換新-[內洽驚喜價],8699,,
19,IP分享器｜網卡｜網通設備,Wi-Fi 6E＆7 三頻 系列無線路由器/AP基地台,183,｛華碩 ROG STRIX GS-BE18000｝Wi-Fi 7/三頻/8*隱藏天線/7*2.5Gb-[內洽驚喜價],12999,,
19,IP分享器｜網卡｜網通設備,Wi-Fi 6E＆7 三頻 系列無線路由器/AP基地台,184,｛華碩 ROG Rapture GT-BE25000｝Wi-Fi 7/四頻/8*天線/4*2.5Gb/雙10Gb[內洽驚喜價],23990,,
19,IP分享器｜網卡｜網通設備,Wi-Fi 6E＆7 三頻 系列無線路由器/AP基地台,185,｛華碩 ROG Rapture GT-BE25000 Edition 20｝Wi-Fi 7/四頻/8*天線/4*2.5Gb/雙10Gb,25888,,
19,IP分享器｜網卡｜網通設備,Wi-Fi 6E＆7 三頻 系列無線路由器/AP基地台,186,｛華碩 ROG Rapture GT-BE19000AI｝Wi-Fi 7/三頻/8*天線/4*2.5Gb/雙10Gb,27990,,
19,IP分享器｜網卡｜網通設備,Wi-Fi 6E＆7 三頻 系列無線路由器/AP基地台,187,｛ZyXEL合勤 NWA50BE｝BE5100/2.5Gb PoE/手機APP 雲端管理/台灣製造,3900,,
19,IP分享器｜網卡｜網通設備,Wi-Fi 6E＆7 三頻 系列無線路由器/AP基地台,188,｛ZyXEL合勤 NWA50BE PRO ｝BE6500/2.5Gb PoE/手機APP 雲端管理/台灣製造,4695,,
19,IP分享器｜網卡｜網通設備,Wi-Fi 6E＆7 三頻 系列無線路由器/AP基地台,189,｛ZyXEL合勤 NWA90BE｝BE5100/2.5Gb PoE/企業級安全防護台灣製造,5190,,
19,IP分享器｜網卡｜網通設備,Wi-Fi 6E＆7 三頻 系列無線路由器/AP基地台,190,｛ZyXEL合勤 NWA90BE PRO｝BE6500 2.5Gb PoE/企業級安全防護/台灣製造,5690,,
19,IP分享器｜網卡｜網通設備,Mesh網狀路由器 無線新技術,192,｛TP-LINK Deco M4 兩入組｝AC1200/Mesh/隱藏雙天線/1Gb*2,2599,,
19,IP分享器｜網卡｜網通設備,Mesh網狀路由器 無線新技術,193,｛TP-LINK Deco M4 三入組｝AC1200/Mesh/隱藏雙天線/1Gb*2,3699,,
19,IP分享器｜網卡｜網通設備,Mesh網狀路由器 無線新技術,194,｛TP-LINK Deco X10 兩入組｝AX1500/AX Mesh/隱藏雙天線/1Gb*2,3199,,
19,IP分享器｜網卡｜網通設備,Mesh網狀路由器 無線新技術,195,｛TP-LINK Deco X10 三入組｝AX1500/AX Mesh/隱藏雙天線/1Gb*2,4399,,
19,IP分享器｜網卡｜網通設備,Mesh網狀路由器 無線新技術,196,｛TP-LINK Deco X20 兩入組｝AX1800/AX Mesh/隱藏雙天線/1Gb*2,3999,,
19,IP分享器｜網卡｜網通設備,Mesh網狀路由器 無線新技術,197,｛TP-LINK Deco X20 三入組｝AX1800/AX Mesh/隱藏雙天線/1Gb*2,5699,,
19,IP分享器｜網卡｜網通設備,Mesh網狀路由器 無線新技術,198,｛TP-LINK Deco X50 兩入組｝AX3000/AX Mesh/隱藏雙天線/1Gb*3,4599,,熱賣
19,IP分享器｜網卡｜網通設備,Mesh網狀路由器 無線新技術,199,｛TP-LINK Deco X50 三入組｝AX3000/AX Mesh/隱藏雙天線/1Gb*3,6399,,熱賣
19,IP分享器｜網卡｜網通設備,Mesh網狀路由器 無線新技術,200,｛TP-LINK Deco BE22 兩入組｝BE3600/雙頻/Mesh WiFi 7/隱藏四天線/1Gb*2,4999,,
19,IP分享器｜網卡｜網通設備,Mesh網狀路由器 無線新技術,201,｛TP-LINK Deco BE22 三入組｝BE3600/雙頻/Mesh WiFi 7隱藏四天線/1Gb*2,6999,,
19,IP分享器｜網卡｜網通設備,Mesh網狀路由器 無線新技術,202,｛TP-LINK Deco BE25 兩入組｝BE5000/雙頻/Mesh WiFi 7/隱藏四天線/2.5Gb*2,5699,,酷幣200
19,IP分享器｜網卡｜網通設備,Mesh網狀路由器 無線新技術,203,｛TP-LINK Deco BE25 三入組｝BE5000/雙頻/Mesh WiFi 7/隱藏四天線/2.5Gb*2,7999,,
19,IP分享器｜網卡｜網通設備,Mesh網狀路由器 無線新技術,204,｛TP-LINK Deco BE65 單入組｝BE11000/三頻/Mesh WiFi 7/隱藏四天線/2.5Gb*4,6999,,
19,IP分享器｜網卡｜網通設備,Mesh網狀路由器 無線新技術,205,｛TP-LINK Deco BE65 兩入組｝BE11000/三頻/Mesh WiFi 7/隱藏四天線/2.5Gb*4,11999,,熱賣 酷幣300
19,IP分享器｜網卡｜網通設備,Mesh網狀路由器 無線新技術,206,｛TP-LINK Deco BE65 三入組｝BE11000/三頻/Mesh WiFi 7/隱藏四天線/2.5Gb*4,16999,,酷幣300
19,IP分享器｜網卡｜網通設備,Mesh網狀路由器 無線新技術,207,｛TP-LINK Deco BE65-POE 三入組｝BE11000/三頻/Mesh WiFi 7/隱藏四天線/5Gb*2,17999,,
19,IP分享器｜網卡｜網通設備,Mesh網狀路由器 無線新技術,208,｛TP-LINK Deco BE85 兩入組｝BE22000/三頻/Mesh WiFi 7/2.5Gb*2/10Gb*2,32999,,酷幣3000
19,IP分享器｜網卡｜網通設備,Mesh網狀路由器 無線新技術,210,｛TP-LINK Deco BE85 三入組｝BE22000/三頻/Mesh WiFi 7/2.5Gb*2/10Gb*2,48888,,
19,IP分享器｜網卡｜網通設備,Mesh網狀路由器 無線新技術,211,｛MERCUSYS水星 Halo H30G 三入組｝AC1300/Mesh/隱藏雙天線/2*1Gb (限網單),1790,,
19,IP分享器｜網卡｜網通設備,Mesh網狀路由器 無線新技術,212,｛MERCUSYS水星 Halo H80X 兩入組｝AX3000/Mesh/隱藏雙天線/3*1Gb,2999,,
19,IP分享器｜網卡｜網通設備,Mesh網狀路由器 無線新技術,213,｛MERCUSYS水星 Halo H80X 三入組｝AX3000/Mesh/隱藏雙天線/3*1Gb,4199,,
19,IP分享器｜網卡｜網通設備,Mesh網狀路由器 無線新技術,215,｛華碩 ZENWIFI XD4 Plus 單入組｝AX1800/AX Mesh/隱藏雙天線/可壁掛,2290,,
19,IP分享器｜網卡｜網通設備,Mesh網狀路由器 無線新技術,216,｛華碩 ZENWIFI XD4 Plus 兩入組｝AX1800/AX Mesh/隱藏雙天線/可壁掛-[內洽驚喜價],3999,,
19,IP分享器｜網卡｜網通設備,Mesh網狀路由器 無線新技術,217,｛華碩 ZENWIFI BD5 單入組｝BE5000/Wi-Fi 7/雙頻/MESH/隱藏四天線/2.5Gb/支援壁掛,3499,,
19,IP分享器｜網卡｜網通設備,Mesh網狀路由器 無線新技術,218,｛華碩 ZENWIFI BD5 兩入組｝BE5000/Wi-Fi 7/雙頻/MESH/隱藏四天線/2.5Gb▼下殺到 9/21 23:59,5499,5999,價格異動 下殺
19,IP分享器｜網卡｜網通設備,Mesh網狀路由器 無線新技術,219,｛華碩 ZENWIFI BD5 三入組｝BE5000/Wi-Fi 7/雙頻/MESH/隱藏四天線/2.5Gb-[內洽驚喜價],7999,,
19,IP分享器｜網卡｜網通設備,Mesh網狀路由器 無線新技術,220,｛華碩 ZENWIFI BT8 單入組｝BE14000/Wi-Fi 7/三頻/MESH/隱藏八天線/2.5Gb,7999,,
19,IP分享器｜網卡｜網通設備,Mesh網狀路由器 無線新技術,221,｛華碩 ZENWIFI BT8 兩入組｝BE14000/Wi-Fi 7/三頻/MESH/隱藏八天線/2.5Gb▼下殺到 9/21 23:59,12999,14990,價格異動 下殺
19,IP分享器｜網卡｜網通設備,Mesh網狀路由器 無線新技術,222,｛華碩 ZENWIFI BT10 單入組｝BE18000/Wi-Fi 7/三頻/MESH/隱藏八天線/10Gb*2,12990,,
19,IP分享器｜網卡｜網通設備,Mesh網狀路由器 無線新技術,223,｛華碩 ZENWIFI BT10 兩入組｝BE18000/Wi-Fi 7/三頻/MESH/隱藏八天線/10Gb*2,24990,,
19,IP分享器｜網卡｜網通設備,Mesh網狀路由器 無線新技術,224,｛TOTOLINK X30｝AX3000/Wi-Fi 6/雙頻/MESH/隱藏四天線/1Gb*4,1099,,
19,IP分享器｜網卡｜網通設備,Mesh網狀路由器 無線新技術,225,｛TOTOLINK X30SE｝AX3000/Wi-Fi 6/雙頻/MESH/隱藏四天線/1Gb*1,849,,
19,IP分享器｜網卡｜網通設備,Mesh網狀路由器 無線新技術,226,｛TOTOLINK BE3600 一入組｝BE3600/Wi-Fi 7/雙頻/MESH/隱藏四天線/1Gb,1299,,熱賣
19,IP分享器｜網卡｜網通設備,Mesh網狀路由器 無線新技術,227,｛TOTOLINK BE3600 二入組｝BE3600/Wi-Fi 7/雙頻/MESH/隱藏四天線/1Gb,2550,,熱賣
19,IP分享器｜網卡｜網通設備,Mesh網狀路由器 無線新技術,228,｛TOTOLINK BE3600 三入組｝BE3600/Wi-Fi 7/雙頻/MESH/隱藏四天線/1Gb,3799,,
19,IP分享器｜網卡｜網通設備,Mesh網狀路由器 無線新技術,229,｛TOTOLINK BE5100 一入組｝BE5100/Wi-Fi 7/雙頻/MESH/隱藏四天線/2*1Gb/WAN*2.5Gb,1650,,熱賣
19,IP分享器｜網卡｜網通設備,Mesh網狀路由器 無線新技術,230,｛TOTOLINK BE5100 二入組｝BE5100/Wi-Fi 7/雙頻/MESH/隱藏四天線/2*1Gb/WAN*2.5Gb,3290,,熱賣
19,IP分享器｜網卡｜網通設備,Mesh網狀路由器 無線新技術,231,｛TOTOLINK BE5100 三入組｝BE5100/Wi-Fi 7/雙頻/MESH/隱藏四天線/2*1Gb/WAN*2.5Gb,4899,,
19,IP分享器｜網卡｜網通設備,Mesh網狀路由器 無線新技術,232,｛MSI Roamii BE Pro 二入組｝BE11000/Wi-Fi 7/三頻/MESH/隱藏六天線/4*2.5Gb,8990,,
19,IP分享器｜網卡｜網通設備,Wi-Fi 4 單頻USB無線網卡,234,｛MERCUSYS水星 MW150US｝150Mbps/超迷你型/隱藏天線,119,,
19,IP分享器｜網卡｜網通設備,Wi-Fi 4 單頻USB無線網卡,235,｛MERCUSYS水星 MW300UM｝300Mbps/迷你型/隱藏天線,199,,
19,IP分享器｜網卡｜網通設備,Wi-Fi 4 單頻USB無線網卡,236,｛華碩 USB-N10 NANO B1｝150Mbps/隱藏天線/超迷你設計/鍍金接頭/三年換新,199,,
19,IP分享器｜網卡｜網通設備,Wi-Fi 5 AC/ Wi-FI 6&7 USB無線網卡,238,｛TP-LINK Archer T2U Nano｝AC600/Wi-Fi 5/迷你型/微型設計/鍍金接口不易氧化,299,,熱賣
19,IP分享器｜網卡｜網通設備,Wi-Fi 5 AC/ Wi-FI 6&7 USB無線網卡,239,｛TP-LINK Archer T2U Plus｝AC600/Wi-Fi 5/5dBi高增益天線,399,,
19,IP分享器｜網卡｜網通設備,Wi-Fi 5 AC/ Wi-FI 6&7 USB無線網卡,240,｛TP-LINK Archer T2UB Nano｝AC600/Wi-Fi 5/超迷你型/Wi-Fi 藍牙4.2 二合一,399,,
19,IP分享器｜網卡｜網通設備,Wi-Fi 5 AC/ Wi-FI 6&7 USB無線網卡,241,｛TP-LINK Archer T3U｝AC1300/Wi-Fi 5/迷你機身便攜/MU-MIMO/USB3.0,449,,
19,IP分享器｜網卡｜網通設備,Wi-Fi 5 AC/ Wi-FI 6&7 USB無線網卡,242,｛TP-LINK Archer T3U Nano｝AC1300/Wi-Fi 5/超迷你機身/MU-MIMO/USB2.0,449,,
19,IP分享器｜網卡｜網通設備,Wi-Fi 5 AC/ Wi-FI 6&7 USB無線網卡,243,｛TP-LINK Archer T3U PLUS｝AC1300/Wi-Fi 5/高增益可調天線/MU-MIMO/USB3.0,499,,
19,IP分享器｜網卡｜網通設備,Wi-Fi 5 AC/ Wi-FI 6&7 USB無線網卡,244,｛TP-LINK Archer TX1U Nano｝AX300/Wi-Fi 6/輕巧迷你型,189,,
19,IP分享器｜網卡｜網通設備,Wi-Fi 5 AC/ Wi-FI 6&7 USB無線網卡,245,｛TP-LINK Archer TX10UB Nano｝AX900/Wi-Fi 6/超迷你型/Wi-Fi 藍牙5.3 二合一,599,,
19,IP分享器｜網卡｜網通設備,Wi-Fi 5 AC/ Wi-FI 6&7 USB無線網卡,246,｛TP-LINK Archer TX20U Nano｝AX1800/Wi-Fi 6/微型設計簡單安裝,539,,
19,IP分享器｜網卡｜網通設備,Wi-Fi 5 AC/ Wi-FI 6&7 USB無線網卡,247,｛TP-LINK Archer TX20U Plus｝AX1800/Wi-Fi 6/雙天線/一米長USB3.0/可擺放桌面,799,,熱賣
19,IP分享器｜網卡｜網通設備,Wi-Fi 5 AC/ Wi-FI 6&7 USB無線網卡,248,｛TP-LINK Archer TX20UH｝AX1800/Wi-Fi 6/高增益天線/附延長底座(1.2米),749,,
19,IP分享器｜網卡｜網通設備,Wi-Fi 5 AC/ Wi-FI 6&7 USB無線網卡,249,｛TP-LINK Archer TX35U Plus｝AX1800/Wi-Fi 6/高增益天線/MU-MIMO/USB3.0,699,,
19,IP分享器｜網卡｜網通設備,Wi-Fi 5 AC/ Wi-FI 6&7 USB無線網卡,250,｛TP-LINK Archer TXE50UH｝AXE3000/Wi-Fi 6E/高增益天線/附延長底座/USB3.0,899,,
19,IP分享器｜網卡｜網通設備,Wi-Fi 5 AC/ Wi-FI 6&7 USB無線網卡,251,｛TP-LINK Archer TXE70UH｝AXE5400/Wi-Fi 6E/高增益天線/附延長底座/USB3.0,799,,
19,IP分享器｜網卡｜網通設備,Wi-Fi 5 AC/ Wi-FI 6&7 USB無線網卡,252,｛TP-LINK Archer TBE400UH｝BE6500/Wi-Fi 7/高增益天線/附延長底座/USB3.0,1699,,
19,IP分享器｜網卡｜網通設備,Wi-Fi 5 AC/ Wi-FI 6&7 USB無線網卡,253,｛MERCUSYS水星 MA14N｝AX300/Wi-Fi 6/輕巧迷你型,149,,
19,IP分享器｜網卡｜網通設備,Wi-Fi 5 AC/ Wi-FI 6&7 USB無線網卡,254,｛MERCUSYS水星 MA14H｝AX300/Wi-Fi 6/高增益可調式接天線,199,,
19,IP分享器｜網卡｜網通設備,Wi-Fi 5 AC/ Wi-FI 6&7 USB無線網卡,255,｛MERCUSYS水星 MA20N｝AC650/Wi-Fi 5/輕巧迷你型,229,,
19,IP分享器｜網卡｜網通設備,Wi-Fi 5 AC/ Wi-FI 6&7 USB無線網卡,256,｛MERCUSYS水星 MU6H｝AC650/Wi-Fi 5/高增益可調式天線,229,,
19,IP分享器｜網卡｜網通設備,Wi-Fi 5 AC/ Wi-FI 6&7 USB無線網卡,257,｛MERCUSYS水星 MA30H｝AC1300/Wi-Fi 5/高增益可式接天線,299,,
19,IP分享器｜網卡｜網通設備,Wi-Fi 5 AC/ Wi-FI 6&7 USB無線網卡,258,｛華碩 USB-AC53 Nano｝AC1200/Wi-Fi 5/MU-MIMO/三年換新,549,,
19,IP分享器｜網卡｜網通設備,Wi-Fi 5 AC/ Wi-FI 6&7 USB無線網卡,259,｛華碩 USB-AX55 Nano｝AX1800/Wi-Fi 6/迷你外型/隱藏天線/三年換新,1299,,
19,IP分享器｜網卡｜網通設備,Wi-Fi 5 AC/ Wi-FI 6&7 USB無線網卡,260,｛華碩 USB-AX55 Nano｝AX1800/Wi-Fi 6/迷你外型/隱藏天線/三年換新【任搭價】,999,,熱賣 搭板專案
19,IP分享器｜網卡｜網通設備,Wi-Fi 5 AC/ Wi-FI 6&7 USB無線網卡,261,｛華碩 USB-BE92 Nano｝BE6500/Wi-Fi 7/三頻/迷你外型/隱藏天線/三年換新▼下殺到 9/30 23:59,1399,1699,價格異動 下殺
19,IP分享器｜網卡｜網通設備,Wi-Fi 5 AC/ Wi-FI 6&7 USB無線網卡,262,｛華碩 USB-BE92 Nano｝BE6500/Wi-Fi 7/三頻/迷你外型/隱藏天線/三年換新【任搭價】,1499,,搭板專案
19,IP分享器｜網卡｜網通設備,Wi-Fi 5 AC/ Wi-FI 6&7 USB無線網卡,263,｛華碩 USB-BE93 MINI｝BE6500/Wi-Fi 7/三頻/迷你外型/隱藏天線/三年換新/Type-C,1799,,
19,IP分享器｜網卡｜網通設備,Wi-Fi 5 AC/ Wi-FI 6&7 USB無線網卡,264,｛華碩 ROG USB-BE92｝BE6500/Wi-Fi 7/三頻/隱藏天線/附延長底座/三年換新,1999,,
19,IP分享器｜網卡｜網通設備,Wi-Fi 5 AC/ Wi-FI 6&7 USB無線網卡,265,｛TOTOLINK A600UB｝AC650/Wi-Fi 5/雙頻/Wi-Fi 藍牙4.2 二合一,290,,
19,IP分享器｜網卡｜網通設備,Wi-Fi 5 AC/ Wi-FI 6&7 USB無線網卡,266,｛TOTOLINK X900USM｝AX900/Wi-Fi 6/雙頻/隱藏天線/迷你輕巧,290,,
19,IP分享器｜網卡｜網通設備,Wi-Fi 5 AC/ Wi-FI 6&7 USB無線網卡,267,｛TOTOLINK X6100UA｝AX1800/Wi-Fi 6/雙頻/可旋轉式天線,469,,
19,IP分享器｜網卡｜網通設備,Wi-Fi 5 AC/ Wi-FI 6&7 USB無線網卡,268,｛MSI BE6500 WiFi 7 USB｝BE6500/Wi-Fi 7/三頻/附延長底座,1990,,
19,IP分享器｜網卡｜網通設備,內接式無線網卡,270,｛華碩 PCE-BE6500｝BE6500/Wi-Fi 7/雙天線/支援三頻＆藍牙5.4/PCI-E,1999,,
19,IP分享器｜網卡｜網通設備,內接式無線網卡,271,｛華碩 PCE-BE6500｝BE6500/Wi-Fi 7/雙天線/支援三頻＆藍牙5.4/PCI-E【任搭價】,1399,,熱賣 搭板專案
19,IP分享器｜網卡｜網通設備,內接式無線網卡,272,｛華碩 PCE-BE92BT｝BE9400/Wi-Fi 7/外接磁吸底座/藍牙5.4/PCI-E 僅相容 lntel主機板,2499,,
19,IP分享器｜網卡｜網通設備,內接式無線網卡,273,｛TP-LINK Archer TX3000E｝AX3000/Wi-Fi 6/外接天線磁吸底座/藍牙/PCI-E,1290,,
19,IP分享器｜網卡｜網通設備,內接式無線網卡,274,｛TP-LINK Archer TBE400E｝ BE6500/Wi-Fi 7/雙天線/藍牙5.4/PCI-E,1299,,
19,IP分享器｜網卡｜網通設備,內接式無線網卡,275,｛TP-LINK Archer TBE550E｝BE9300/Wi-Fi 7/延伸雙天線/磁吸底座/藍牙5.4/PCI-E,1999,,
19,IP分享器｜網卡｜網通設備,內接式無線網卡,276,｛MSI HERALD BE9400｝BE9400/Wi-Fi 7/磁吸底座/支援三頻＆藍牙5.4/PCI-E,1790,,
19,IP分享器｜網卡｜網通設備,USB 藍牙接收器,278,｛華碩 USB-BT540｝藍牙 5.4 USB收發器 / 最高可達40m(開放空間 )/ 三年換新,599,,
19,IP分享器｜網卡｜網通設備,USB 藍牙接收器,279,｛華碩 USB-BT600｝藍牙 6.0 USB收發器 / 最高可達40m(開放空間 )/ 三年換新,629,,
19,IP分享器｜網卡｜網通設備,USB 藍牙接收器,280,｛TP-LINK UB500｝藍牙5.4 微型 USB 接收器 / 最高可達50m(開放空間) / 一年保,469,,
19,IP分享器｜網卡｜網通設備,USB 藍牙接收器,281,｛TP-LINK UB500 Plus} 遠距離藍牙5.4 USB 接收器 / 可調式天線 / 一年保,499,,
19,IP分享器｜網卡｜網通設備,USB 藍牙接收器,282,｛MERCUSYS水星 MA530｝藍牙 5.4 微型 USB 接收器 / 三年保,299,,
19,IP分享器｜網卡｜網通設備,USB 藍牙接收器,283,｛KTnet BTD530｝ 藍牙5.3 迷你USB接收器 / 低延遲＆抗干擾 / 一年保,399,,
20,網路NAS｜網路IPCAM,室內 網路攝影機 (IP Camera) 都有支援雙向語音,2,｛TP-LINK Tapo C200｝Wi-Fi 攝影機 / 1080P / 兩百萬畫素 / 水平360度旋轉,699,,
20,網路NAS｜網路IPCAM,室內 網路攝影機 (IP Camera) 都有支援雙向語音,3,｛TP-LINK Tapo C210｝Wi-Fi 攝影機 / 2K解析度 / 三百萬畫素 / 水平360度旋轉,939,,酷幣40
20,網路NAS｜網路IPCAM,室內 網路攝影機 (IP Camera) 都有支援雙向語音,4,【組合優惠】TP-LINK Tapo C210 Wi-Fi 攝影機 + 金士頓 Canvas Select 64G 記憶卡,1349,,熱賣
20,網路NAS｜網路IPCAM,室內 網路攝影機 (IP Camera) 都有支援雙向語音,5,｛TP-LINK Tapo C211｝Wi-Fi 攝影機 / 2K解析度 / 三百萬畫素 / 水平360度旋轉,939,,酷幣40
20,網路NAS｜網路IPCAM,室內 網路攝影機 (IP Camera) 都有支援雙向語音,6,【組合優惠】Tapo C211 Wi-Fi 攝影機 + 金士頓 Canvas Select 64G 記憶卡,1349,,熱賣
20,網路NAS｜網路IPCAM,室內 網路攝影機 (IP Camera) 都有支援雙向語音,7,｛TP-LINK Tapo C220｝Wi-Fi 攝影機 / 2K QHD / 四百萬畫素 / 水平360度旋轉,999,,
20,網路NAS｜網路IPCAM,室內 網路攝影機 (IP Camera) 都有支援雙向語音,8,｛TP-LINK Tapo C230｝Wi-Fi 攝影機 / 3K 5MP / 水平360度旋轉,1199,,
20,網路NAS｜網路IPCAM,室內 網路攝影機 (IP Camera) 都有支援雙向語音,9,【組合優惠】TP-LINK Tapo C230 Wi-Fi 攝影機 + 金士頓 Canvas Select 64G 記憶卡,1699,,熱賣
20,網路NAS｜網路IPCAM,室內 網路攝影機 (IP Camera) 都有支援雙向語音,10,｛TP-LINK Tapo C225｝Wi-Fi 攝影機 / 2K QHD / 四百萬畫素 星光全彩,1399,,
20,網路NAS｜網路IPCAM,室內 網路攝影機 (IP Camera) 都有支援雙向語音,11,｛TP-LINK Tapo C250｝Wi-Fi 攝影機 / 智慧AI偵測與通知 / 4K 8MP / AI自動變焦追蹤,1499,,
20,網路NAS｜網路IPCAM,室內 網路攝影機 (IP Camera) 都有支援雙向語音,12,｛TP-LINK Tapo C260｝Wi-Fi攝影機/4K/八百萬畫素/強化夜視功能/AI偵測▼下殺到 9/22 23:59,1899,,下殺
20,網路NAS｜網路IPCAM,室內 網路攝影機 (IP Camera) 都有支援雙向語音,13,｛TP-LINK Tapo C840｝Wi-Fi 旋轉式智慧嬰兒攝影機 2K 嬰兒哭鬧/遮擋偵測/安全圍欄/睡眠分析,5999,,
20,網路NAS｜網路IPCAM,室內 網路攝影機 (IP Camera) 都有支援雙向語音,14,【組合優惠】TP-LINK Tapo C840 攝影機 + 金士頓 Canvas Select 128G 記憶卡,6000,,
20,網路NAS｜網路IPCAM,室內 網路攝影機 (IP Camera) 都有支援雙向語音,15,｛TOTOLINK C2 Wi-Fi ｝攝影機 300萬畫素 / 360度旋轉鏡頭 (限網單),630,,
20,網路NAS｜網路IPCAM,戶外 網路攝影機 (IP Camera) 都有支援雙向語音,17,｛TP-LINK Tapo C310｝Wi-Fi 戶外攝影機 / IP66 防水防塵 / 3MP 解析度 / 三百萬畫素,999,,
20,網路NAS｜網路IPCAM,戶外 網路攝影機 (IP Camera) 都有支援雙向語音,18,｛TP-LINK Tapo C500｝Wi-Fi 戶外攝影機 / IP65 防水防塵 / 1080P / 水平360度 / 130度垂直,1199,,
20,網路NAS｜網路IPCAM,戶外 網路攝影機 (IP Camera) 都有支援雙向語音,19,｛TP-LINK Tapo C320WS｝Wi-Fi 戶外攝影機 / 防水防塵 / 2K QHD / 全彩夜視,1499,,
20,網路NAS｜網路IPCAM,戶外 網路攝影機 (IP Camera) 都有支援雙向語音,20,｛TP-LINK Tapo C520WS｝ Wi-Fi 戶外攝影機 / 防水防塵 / 2K QHD / 360°旋轉式 / 全彩夜視,1999,,
20,網路NAS｜網路IPCAM,戶外 網路攝影機 (IP Camera) 都有支援雙向語音,21,｛TP-LINK Tapo C545D｝Wi-Fi 戶外雙鏡頭攝影機 / 防水防塵 / 2K /防水防塵 / AI 偵測通知▼下殺到 9/22 23:59,2299,,下殺
20,網路NAS｜網路IPCAM,戶外 網路攝影機 (IP Camera) 都有支援雙向語音,22,｛TP-LINK Tapo C530WS｝ Wi-Fi 戶外攝影機 /防水防塵/3K 5百萬畫質/360°旋轉式/星光夜視,2299,,
20,網路NAS｜網路IPCAM,戶外 網路攝影機 (IP Camera) 都有支援雙向語音,23,｛TP-LINK Tapo C410 KIT｝電池式攝影機套組 / 2K 3MP/太陽能板/全彩夜視/IP65,2499,,
20,網路NAS｜網路IPCAM,戶外 網路攝影機 (IP Camera) 都有支援雙向語音,24,【組合價】TP-LINK Tapo C410 KIT + Lexar High-Performance 633x 64G 記憶卡,2500,,
20,網路NAS｜網路IPCAM,戶外 網路攝影機 (IP Camera) 都有支援雙向語音,25,｛TP-LINK Tapo C325WB｝Wi-Fi 戶外攝影機 /防水防塵/2K QHD/ColorPro夜間顯示器,2899,,
20,網路NAS｜網路IPCAM,戶外 網路攝影機 (IP Camera) 都有支援雙向語音,26,｛TP-LINK Tapo C425｝Wi-Fi 戶外攝影機 / 防水防塵 / 2K QHD / 彩色夜視儀 / AI 偵測,2999,,
20,網路NAS｜網路IPCAM,戶外 網路攝影機 (IP Camera) 都有支援雙向語音,27,｛TP-LINK Tapo C425 KIT｝電池式攝影機套組 / 2K QHD/太陽能板/全彩夜視/IP66,3999,,
20,網路NAS｜網路IPCAM,戶外 網路攝影機 (IP Camera) 都有支援雙向語音,28,【組合價】TP-LINK Tapo C425 KIT + Lexar High-Performance 633x 128G 記憶卡,4000,,
20,網路NAS｜網路IPCAM,戶外 網路攝影機 (IP Camera) 都有支援雙向語音,29,TP-LINK Tapo C560WS Wi-Fi 戶外攝影機 / 4K 8MP /星光級全彩夜視 / 360度AI智慧追蹤,3999,,
20,網路NAS｜網路IPCAM,戶外 網路攝影機 (IP Camera) 都有支援雙向語音,30,｛TP-LINK Tapo C460 KIT｝ 太陽能攝影機套組 /4K 8MP/磁吸式底座/AI 偵測/全彩夜視,4999,,
20,網路NAS｜網路IPCAM,戶外 網路攝影機 (IP Camera) 都有支援雙向語音,31,【組合價】TP-LINK Tapo C460 KIT + Lexar High-Performance 633x 128G 記憶卡,5000,,
20,網路NAS｜網路IPCAM,戶外 網路攝影機 (IP Camera) 都有支援雙向語音,32,｛TP-LINK Tapo C630 KIT｝旋轉式安全攝影機套組 /3K 5MP/太陽能板/全彩夜視/IP65,4999,,
20,網路NAS｜網路IPCAM,戶外 網路攝影機 (IP Camera) 都有支援雙向語音,33,【組合價】TP-LINK Tapo C630 KIT + Lexar High-Performance 633x 128G 記憶卡,5000,,
20,網路NAS｜網路IPCAM,戶外 網路攝影機 (IP Camera) 都有支援雙向語音,34,｛TP-LINK Tapo C660 KIT｝ 旋轉式攝影機套組 /4K 8MP/太陽能板/18 倍數碼變焦/AI追蹤,5999,,
20,網路NAS｜網路IPCAM,戶外 網路攝影機 (IP Camera) 都有支援雙向語音,35,【組合價】TP-LINK Tapo C660 KIT + Lexar High-Performance 633x 128G 記憶卡,6000,,
20,網路NAS｜網路IPCAM,戶外 網路攝影機 (IP Camera) 都有支援雙向語音,36,｛TP-LINK Tapo C645D KIT｝ 雙鏡頭旋轉式碁套組 /2K 3MP/太陽能板/AI追蹤/IP65,5999,,
20,網路NAS｜網路IPCAM,戶外 網路攝影機 (IP Camera) 都有支援雙向語音,37,【組合價】TP-LINK Tapo C645D KIT + Lexar High-Performance 633x 128G 記憶卡,6000,,
20,網路NAS｜網路IPCAM,戶外 網路攝影機 (IP Camera) 都有支援雙向語音,38,｛MERCUSYS水星 MC500｝ 戶外旋轉式 WiFi 防護攝影機 /1080P/ AI偵測 / IP65,699,,
20,網路NAS｜網路IPCAM,戶外 網路攝影機 (IP Camera) 都有支援雙向語音,39,｛MERCUSYS水星 MC510｝ 戶外旋轉式 WiFi 攝影機 /2K QHD/ AI偵測 / IP65,899,,酷幣79
20,網路NAS｜網路IPCAM,室內戶外兩用 網路攝影機 (IP Camera) 都有支援雙向語音,41,｛TP-LINK Tapo C236｝ Wi-Fi 攝影機 / 2K / 五百萬畫素 /智慧AI偵測 / 彩色夜視 / 旋轉功能,1499,,
20,網路NAS｜網路IPCAM,室內戶外兩用 網路攝影機 (IP Camera) 都有支援雙向語音,42,【組合優惠】TP-LINK Tapo C236 攝影機 + 金士頓 Canvas Select 128G 記憶卡,1899,,熱賣
20,網路NAS｜網路IPCAM,室內戶外兩用 網路攝影機 (IP Camera) 都有支援雙向語音,43,｛TP-LINK Tapo C245D｝ Wi-Fi 攝影機 / 2K 3MP雙鏡頭 / 122°廣角 + 6mm 雙鏡頭 /智慧偵測▼下殺到 9/22 23:59,1499,1599,價格異動 下殺
20,網路NAS｜網路IPCAM,室內戶外兩用 網路攝影機 (IP Camera) 都有支援雙向語音,44,｛TP-LINK Tapo C246D｝ Wi-Fi 攝影機 / 2K 3MP雙鏡頭 / 三百萬畫素 /智慧AI偵測 / 彩色夜視,1899,,
20,網路NAS｜網路IPCAM,室內戶外兩用 網路攝影機 (IP Camera) 都有支援雙向語音,46,｛TP-LINK Tapo C410｝ Wi-Fi 攝影機 / IP65 防水防塵 / 2K 3MP /全彩夜視/內建電池▼下殺到 9/22 23:59,1699,1799,價格異動 下殺
20,網路NAS｜網路IPCAM,室內戶外兩用 網路攝影機 (IP Camera) 都有支援雙向語音,47,【組合優惠】TP-LINK Tapo C410 攝影機 + 金士頓 Canvas Select 128G 記憶卡,2290,,熱賣
20,網路NAS｜網路IPCAM,室內戶外兩用 網路攝影機 (IP Camera) 都有支援雙向語音,48,｛TP-LINK Tapo C411 ｝Wi-Fi 攝影機 / IP65 防水防塵 / 2K 3MP /全彩夜視/內建電池▼下殺到 9/22 23:59,1699,1799,價格異動 下殺
20,網路NAS｜網路IPCAM,室內戶外兩用 網路攝影機 (IP Camera) 都有支援雙向語音,49,【組合優惠】TP-LINK Tapo C411 攝影機 + 金士頓 Canvas Select 128G 記憶卡,2290,,
20,網路NAS｜網路IPCAM,華芸 Asustor,51,｛華芸 AS1202T｝【2Bay】Realtek RTD1619B 四核 (1.7GHz/1GB DDR4/2.5Gb*1),6399,,
20,網路NAS｜網路IPCAM,華芸 Asustor,52,｛華芸 AS1204T｝【4Bay】Realtek RTD1619B 四核 (1.7GHz/1GB DDR4/2.5Gb*1),9999,,
20,網路NAS｜網路IPCAM,華芸 Asustor,55,｛華芸 AS3302T v2｝【2Bay】Realtek RTD1619B 四核 (1.7GHz/2GB/2.5Gb*1),8490,,
20,網路NAS｜網路IPCAM,華芸 Asustor,56,｛華芸 AS3304T v2｝【4Bay】Realtek RTD1619B 四核 (1.7GHz/2GB/2.5Gb*1),11999,,
20,網路NAS｜網路IPCAM,華芸 Asustor,58,｛華芸 AS5402T｝【2Bay】Intel N5105 四核 (2.0GHz/4GB/2.5Gb*2/M.2 PCIe*4),12319,,
20,網路NAS｜網路IPCAM,華芸 Asustor,59,｛華芸 AS5404T｝【4Bay】Intel N5105 四核 (2.0GHz/4GB/2.5Gb*2/M.2 PCIe*4),19999,,
20,網路NAS｜網路IPCAM,華芸 Asustor,61,｛華芸 AS6702T v2｝【2Bay】Intel N5105 四核 (2.0GHz/4GB/5Gb*2),15299,,
20,網路NAS｜網路IPCAM,華芸 Asustor,62,｛華芸 AS6704T v2｝【4Bay】Intel N5105 四核 (2.0GHz/4GB/5Gb*2),22999,,
20,網路NAS｜網路IPCAM,華芸 Asustor,64,｛華芸 AS6706T v2｝【6Bay】Intel N5105 四核 (2.0GHz/8GB/5Gb*2),26999,,
20,網路NAS｜網路IPCAM,華芸 Asustor,65,｛華芸 FS6706T｝【6Bay】Intel N5105 四核 (2.0GHz/4GB/M.2*6/2.5Gb*2),12690,,
20,網路NAS｜網路IPCAM,華芸 Asustor,66,｛華芸 FS6712X｝【12Bay】Intel N5105 四核 (2.0GHz/4GB/M.2*12/10Gb),24300,,
20,網路NAS｜網路IPCAM,華芸 Asustor,67,｛華芸 FS6806X｝【6Bay】AMD Ryzen V3C14 四核 (2.3GHz/8GB/M.2*6/10Gb),27300,,
20,網路NAS｜網路IPCAM,華芸 Asustor,68,｛華芸 FS6812X｝【12Bay】AMD Ryzen V3C14 四核 (2.3GHz/16GB/M.2*12/10Gb*2),39300,,
20,網路NAS｜網路IPCAM,華芸 Asustor,69,｛華芸 ASW205T｝【5埠】2.5Gb埠 桌上型交換器/鐵殼/可壁掛兩用,1899,,
20,網路NAS｜網路IPCAM,華芸 Asustor,70,｛華芸 ASW209X｝【9埠】2.5Gb*8埠/10Gb*1 SFP+光纖埠/可壁掛兩用/無網管交換器,3900,,
20,網路NAS｜網路IPCAM,華芸 Asustor,71,｛華芸 AS-HK1 M.2 散熱片｝三片組/1組可覆蓋二個 M.2/適用機型: FS67、AS-T10G3,1090,,
20,網路NAS｜網路IPCAM,華芸 Asustor,72,｛華芸 AS-RC13｝ 多媒體專用遙控器,490,,
20,網路NAS｜網路IPCAM,QNAP 威聯通,74,｛QNAP TS-133｝【1Bay】ARM Cortex-A55 四核 (1.8GHz/2GB/1Gb*1/U3*1/U2*1),6299,,
20,網路NAS｜網路IPCAM,QNAP 威聯通,75,｛QNAP TS-233｝【2Bay】ARM Cortex-A55 四核 (2.0GHz/2GB/1Gb*1/U3*1/U2*2),7999,,
20,網路NAS｜網路IPCAM,QNAP 威聯通,76,｛QNAP TS-216G｝【2Bay】ARM Cortex-A55 四核 (2.0GHz/4GB/2.5Gb*1/1Gb*1),9899,,
20,網路NAS｜網路IPCAM,QNAP 威聯通,77,｛QNAP TS-433-4G｝【4Bay】ARM Cortex-A55 四核 (2.0GHz/4GB/2.5Gb*1/1Gb*1),14399,,
20,網路NAS｜網路IPCAM,QNAP 威聯通,78,｛QNAP TS-264-8G｝【2Bay】Intel N5095 四核 (2.0GHz/8GB/U3*2/2.5Gb*2/HDMI*1),17199,,
20,網路NAS｜網路IPCAM,QNAP 威聯通,79,｛QNAP TS-464-8G｝【4Bay】Intel N5095 四核 (2.0GHz/8GB/U3*2/2.5Gb*2/HDMI*1),22599,,
20,網路NAS｜網路IPCAM,QNAP 威聯通,80,｛QNAP TS-664-8G｝【6Bay】Intel N5095 四核 (↑2.9GHz/8GB/U3*2/2.5Gb*2/HDMI*1),26999,,
20,網路NAS｜網路IPCAM,QNAP 威聯通,81,｛QNAP TS-673A-8G｝【6Bay】AMD V1500B 四核 (2.2GHz/8GB/2.5Gb*2/PCIe*2),34650,,
20,網路NAS｜網路IPCAM,QNAP 威聯通,82,｛QNAP TS-873A-8G｝【8Bay】AMD V1500B 四核 (2.2GHz/8GB/2.5Gb*2/PCIe*2),41800,,
20,網路NAS｜網路IPCAM,QNAP 威聯通【原廠擴充配件/交換器】,84,Toshiba 企業 4T(MG08ADA400N)5年QNAP保固【限搭購QNAP主機】,8800,9890,價格異動 下殺
20,網路NAS｜網路IPCAM,QNAP 威聯通【原廠擴充配件/交換器】,85,Toshiba 企業 8T(MG08ADA800E)5年QNAP保固【限搭購QNAP主機】,12990,14890,價格異動 下殺
20,網路NAS｜網路IPCAM,QNAP 威聯通【原廠擴充配件/交換器】,86,｛QNAP QSW-1108-8T｝【8埠】2.5GbE 無網管型交換器/鐵殼/桌上型,4298,,
20,網路NAS｜網路IPCAM,QNAP 威聯通【原廠擴充配件/交換器】,87,｛QNAP TR-002｝【2Bay】USB 3.2 Gen 1 RAID 磁碟陣列外接盒,6159,,
20,網路NAS｜網路IPCAM,QNAP 威聯通【原廠擴充配件/交換器】,88,｛QNAP TR-004｝【4Bay】USB 3.2 Gen 1 RAID 磁碟陣列外接盒,7919,,
20,網路NAS｜網路IPCAM,群暉 Synology,90,｛Synology BeeStation 4TB｝個人雲端儲存 (1Gb*1/電腦＆手機輕鬆備份/AI隱私設計),10499,,
20,網路NAS｜網路IPCAM,群暉 Synology,91,｛Synology BeeStation Plus 8TB｝個人雲端 (Intel J4125/4G D4/1Gb*1/電腦＆手機備份),19888,,
20,網路NAS｜網路IPCAM,群暉 Synology,92,｛Synology DS124｝【1Bay】Realtek RTD1619B 四核 (1.7GHz/1G DDR4/1Gb*1),4999,,
20,網路NAS｜網路IPCAM,群暉 Synology,93,｛Synology DS223J｝【2Bay】Realtek RTD1619B 四核 (1.7GHz/1G DDR4/1Gb*1),5999,,
20,網路NAS｜網路IPCAM,群暉 Synology,94,｛Synology DS223｝【2Bay】Realtek RTD1619B 四核 (1.7GHz/2GB DDR4/1Gb*1),8850,,
20,網路NAS｜網路IPCAM,群暉 Synology,95,｛Synology DS423｝【4Bay】Realtek RTD1619B 四核 (1.7GHz/2GB DDR4/1Gb*2),11800,,
20,網路NAS｜網路IPCAM,群暉 Synology,96,｛Synology DS225+｝【2Bay】Intel J4125 四核 (2.0GHz/2GB DDR4/1Gb*1/2.5Gb*1),11150,,
20,網路NAS｜網路IPCAM,群暉 Synology,98,｛Synology DS725+｝【2Bay】AMD R1600 雙核 (2.6GHz/4GB D4/M.2*2/1Gb*1/2.5Gb*1),25399,,
20,網路NAS｜網路IPCAM,群暉 Synology,100,｛Synology DS725neo+｝【2Bay】AMD R1600 雙核 (2.6GHz/4GB non-ECC/M.2*2/1Gb*1/2.5Gb*1),17990,,
20,網路NAS｜網路IPCAM,群暉 Synology,102,｛Synology DS425+｝【4Bay】Intel J4125 四核 (2.0GHz/2GB D4/M.2*2/1Gb*1/2.5Gb*1),18150,,
20,網路NAS｜網路IPCAM,群暉 Synology,104,｛Synology DS925+｝【4Bay】AMD V1500B 四核 (2.2GHz/4GB D4/M.2*2/2.5Gb*2),27199,,
20,網路NAS｜網路IPCAM,群暉 Synology,106,｛Synology DS925neo+｝【4Bay】AMD V1500B 四核 (2.2GHz/4GB non-ECC/M.2*2/2.5Gb*2),19990,,
20,網路NAS｜網路IPCAM,群暉 Synology,108,｛Synology DS1525+｝【5Bay】AMD V1500B 四核 (2.2GHz/8GB D4/M.2*2/2.5Gb*2),39999,,
20,網路NAS｜網路IPCAM,群暉 Synology,110,｛Synology DS1825+｝【8Bay】AMD Ryzen V1500B 四核 (2.2GHz/8GB/M.2*2/2.5Gb*2),47150,,
20,網路NAS｜網路IPCAM,群暉 Synology,112,｛Synology DS1823xs+｝【8Bay】AMD Ryzen V1780B 四核 (3.35GHz/8GB/10Gb*1),53850,,
20,網路NAS｜網路IPCAM,群暉 Synology【原廠擴充配件/儲存硬碟/記憶體】,114,｛Synology D4NS01-4G｝SODIMM (適用:DS225+/DS425+)支援型號→,8300,,
20,網路NAS｜網路IPCAM,群暉 Synology【原廠擴充配件/儲存硬碟/記憶體】,115,｛Synology D4ES02-4G｝ECC SODIMM (適用:DS923+/DS723+)支援型號→,6499,,
20,網路NAS｜網路IPCAM,群暉 Synology【原廠擴充配件/儲存硬碟/記憶體】,116,｛Synology D4ES04-4G｝ECC SODIMM (適用:DS925+/DS725+)支援型號→,12750,,
20,網路NAS｜網路IPCAM,群暉 Synology【原廠擴充配件/儲存硬碟/記憶體】,117,｛Synology D4ES03-8G｝ECC SODIMM (適用:DS925+/DS725+/DS1525+/DS1825+)支援型號→,16900,,
20,網路NAS｜網路IPCAM,群暉 Synology【原廠擴充配件/儲存硬碟/記憶體】,118,｛Synology D4ES03-16G｝ECC SODIMM (適用:DS925+/DS725+/DS1525+/DS1825+)支援型號→,37500,,
20,網路NAS｜網路IPCAM,群暉 Synology【原廠擴充配件/儲存硬碟/記憶體】,119,｛Synology HAT3300 PLUS 4TB｝3.5吋/5400轉/三年保固【限搭NAS主機】,8990,,
20,網路NAS｜網路IPCAM,群暉 Synology【原廠擴充配件/儲存硬碟/記憶體】,120,｛Synology HAT3300 PLUS 6TB｝3.5吋/5400轉/三年保固【限搭NAS主機】,11150,,
20,網路NAS｜網路IPCAM,群暉 Synology【原廠擴充配件/儲存硬碟/記憶體】,121,｛Synology HAT3320 PLUS 8TB｝3.5吋/7200轉/三年保固【限搭NAS主機】,15300,,
20,網路NAS｜網路IPCAM,群暉 Synology【原廠擴充配件/儲存硬碟/記憶體】,122,｛Synology HAT3310 PLUS 12TB｝3.5吋/7200轉/三年保固【限搭NAS主機】,19450,,
20,網路NAS｜網路IPCAM,群暉 Synology【原廠擴充配件/儲存硬碟/記憶體】,123,｛Synology HAT3310 PLUS 16TB｝3.5吋/7200轉/三年保固【限搭NAS主機】,23200,,
20,網路NAS｜網路IPCAM,群暉 Synology【原廠擴充配件/儲存硬碟/記憶體】,124,｛Synology HAT3320 PLUS 20TB｝3.5吋/7200轉/三年保固【限搭NAS主機】,28900,,
20,網路NAS｜網路IPCAM,群暉 Synology【原廠擴充配件/儲存硬碟/記憶體】,125,｛Synology E10G22-T1-Mini｝10GbE 網路模組 (適用DS923+/DS723+/DS1522+/DS1525+),3800,,
20,網路NAS｜網路IPCAM,群暉 Synology【原廠擴充配件/儲存硬碟/記憶體】,126,｛Synology EW201 2年延長保固卡｝須與NAS一同購買並期限註冊/支援型號 請點→,2990,,
20,網路NAS｜網路IPCAM,群暉 Synology【原廠擴充配件/儲存硬碟/記憶體】,127,｛Synology DX525｝【5Bay】擴充櫃 (適用25系列),15500,,
21,音效卡｜電視卡(盒)｜影音,影像擷取卡/盒/器,2,｛伽利略 U3THVAC｝USB3.0 影音擷取器 / FHD60Hz / USB-A、C / HDMI輸入,490,,
21,音效卡｜電視卡(盒)｜影音,影像擷取卡/盒/器,3,｛圓剛 GC571｝Live Streamer Ultra HD 實況擷取卡 / 4K60Hz HDR / VRR / PCI-E,4490,,
21,音效卡｜電視卡(盒)｜影音,影像擷取卡/盒/器,4,｛圓剛 GC575｝Live Gamer 4K 2.1 擷取卡 / 4K144Hz HDR / VRR / HDMI2.1 / PCI-E,7490,,
21,音效卡｜電視卡(盒)｜影音,影像擷取卡/盒/器,6,｛圓剛 GC311G2｝StreamLine MINI+ 擷取盒 / 4K60Hz / 低延遲 / HDMI2.0,2690,,
21,音效卡｜電視卡(盒)｜影音,影像擷取卡/盒/器,7,｛圓剛 GC551G2｝Live Gamer Extreme 3 擷取盒 / 4K60Hz / 超低延遲 / VRR / 3.5mm,3290,,
21,音效卡｜電視卡(盒)｜影音,影像擷取卡/盒/器,8,｛圓剛 GC553G2 黑｝Live Gamer Ultra 2.1 擷取盒 / 4K144 / VRR / HDMI2.1 / 3.5mm,7990,,
21,音效卡｜電視卡(盒)｜影音,影像擷取卡/盒/器,9,｛圓剛 GC535｝Streamer Ultra 2.1擷取盒 / 4K144Hz HDR / VRR / RGB24 / USB10G,5999,,
21,音效卡｜電視卡(盒)｜影音,影像擷取卡/盒/器,10,｛華碩TUF BOX-FHD120｝HDMI擷取盒 / FHD120Hz / USB10G / OBS認證,3990,,
21,音效卡｜電視卡(盒)｜影音,直播控制台,12,｛海盜船 elgato Stream Deck MK.2｝直播控制器 / 15鍵,4990,,
21,音效卡｜電視卡(盒)｜影音,直播控制台,13,｛海盜船 elgato Stream Deck +｝直播控制器 / 8鍵 / 4旋鈕 / 橫向觸控螢幕,6790,,
21,音效卡｜電視卡(盒)｜影音,直播控制台,14,｛圓剛 NEXUS AX310｝直播控制台 / USB2.0 / 5吋觸控螢幕 / RGB / 音軌旋鈕*6,5999,,
21,音效卡｜電視卡(盒)｜影音,外接音效卡,16,｛伽利略 Usb51B｝ 音效卡/Usb/2.1模擬7.1/支援Win10/鋁製外殼,190,,
21,音效卡｜電視卡(盒)｜影音,外接音效卡,17,｛伽利略 可調式USB2.0｝音效卡/支援高音質解析雙聲道DAC/免安裝驅動,390,,
21,音效卡｜電視卡(盒)｜影音,外接音效卡,18,｛Creative Sound Blaster Play! 3｝ USB介面 24-bit/96kHz/獨立麥克風輸入孔,1090,,
21,音效卡｜電視卡(盒)｜影音,外接音效卡,19,｛Creative Sound Blaster G6｝ USB-C介面/訊噪比:130db/播放解析度32-bit/384kHz/7.1/usb埠,4690,,酷幣400
21,音效卡｜電視卡(盒)｜影音,內接音效卡,21,｛Creative Sound Blaster Audigy Fx V2｝ 5.1音效卡/播放解析度24-bit/192kHz/120db訊噪比,1990,,酷幣100
21,音效卡｜電視卡(盒)｜影音,內接音效卡,22,｛Creative Sound Blaster Audigy Fx Pro｝ 7.1音效卡/播放解析度32-bit/384kHz/120db訊噪比,2790,,酷幣200
21,音效卡｜電視卡(盒)｜影音,內接音效卡,23,｛Creative Sound Blaster AE-X｝音效卡/同軸輸出與光纖輸入/32-bit/384kHz/130db訊噪比,6690,,熱賣 酷幣600
22,喇叭｜耳機｜麥克風,【促銷強打活動】,2,｛華碩 ROG Pelta｝ 無線三模耳機(黑)/有線-2.4g-藍牙/鍍鈦單體/吊桿式麥克風/Rgb,3990,,熱賣 酷幣300
22,喇叭｜耳機｜麥克風,【促銷強打活動】,3,｛華碩 ROG Delta S Wireless｝ 無線耳機/無線-藍牙/Ai降噪/50mm單體,3990,,熱賣 酷幣300
22,喇叭｜耳機｜麥克風,【促銷強打活動】,4,｛華碩 ROG Delta II｝ 無線三模電競耳機(黑)/有線/2.4G/藍芽/鍍鈦單體/Dual Flow技術/Rgb,7490,,熱賣 酷幣300
22,喇叭｜耳機｜麥克風,【促銷強打活動】,6,｛海盜船 Virtuoso Max Wireless｝ 雙模耳機(黑)/無線-藍牙/杜比/主動式降噪/全指向麥克風,9890,,熱賣
22,喇叭｜耳機｜麥克風,【促銷強打活動】,7,｛海盜船 Virtuoso Max Wireless｝ 雙模耳機(銀)/無線-藍牙/杜比/主動式降噪/全指向麥克風,9890,,熱賣
22,喇叭｜耳機｜麥克風,【促銷強打活動】,8,｛Razer BlackShark V2 HyperSpeed｝ 三模耳機(黑)/有線/無線/藍牙/THX認證/70小時續航/輕量化,2990,,熱賣 酷幣150
22,喇叭｜耳機｜麥克風,【促銷強打活動】,9,｛Razer BlackShark V2 HyperSpeed｝ 三模耳機(白)/有線/無線/藍牙/THX認證/70小時續航/輕量化,2990,,熱賣 酷幣150
22,喇叭｜耳機｜麥克風,【促銷強打活動】,10,｛Razer BlackShark V3X HyperSpeed｝ 三模耳機/有線/無線/藍牙/TriForce驅動單體/心型指向麥克風,3290,,熱賣 酷幣250
22,喇叭｜耳機｜麥克風,【促銷強打活動】,11,｛HyperX Cloud Stinger 3｝ 無線耳機(白)/2.4g/藍牙/超長續航/50mm單體/降噪麥克風/PS可用,3290,,熱賣
22,喇叭｜耳機｜麥克風,麥克風,14,｛華碩 Rog Carnyx｝ 電容式麥克風(黑)/192 kHz-24/高通濾波器/內建防噴網罩/金屬減震架,5490,,熱賣
22,喇叭｜耳機｜麥克風,麥克風,16,｛華碩 Rog Carnyx｝ 電容式麥克風(白)/192 kHz-24/高通濾波器/內建防噴網罩/金屬減震架,5490,,熱賣
22,喇叭｜耳機｜麥克風,麥克風,18,｛羅技 G Yeti Orb Usb｝ 麥克風(黑)/電容式麥克風/心型收音模式/Rgb,2290,,
22,喇叭｜耳機｜麥克風,麥克風,19,｛羅技 G Yeti Orb Usb｝ 麥克風(白)/電容式麥克風/心型收音模式/Rgb,2290,,
22,喇叭｜耳機｜麥克風,麥克風,20,｛羅技 G Yeti Gx Usb｝ 麥克風(黑)/動態麥克風收音頭/超級心型收音模式/智慧音訊鎖定/Rgb,4990,,
22,喇叭｜耳機｜麥克風,麥克風,21,｛羅技 G Yeti Gx Usb｝ 麥克風(白)/動態麥克風收音頭/超級心型收音模式/智慧音訊鎖定/Rgb,4990,,
22,喇叭｜耳機｜麥克風,麥克風,22,｛Blue Yeti Nano｝ 麥克風(灰)/Usb/心型和全向收音模式/靜音控制/無延遲耳機輸出,3490,,
22,喇叭｜耳機｜麥克風,麥克風,23,｛Blue Yeti Nano｝ 麥克風(黑)/Usb/心型和全向收音模式/靜音控制/無延遲耳機輸出,3490,,
22,喇叭｜耳機｜麥克風,麥克風,24,｛Blue Yeti｝ 麥克風 (黑)/Usb/3 受音頭技術/心型、雙向、全向、立體聲模式/側向式,4990,,
22,喇叭｜耳機｜麥克風,麥克風,25,｛Blue Yeti｝ 麥克風 (藍)/Usb/3 受音頭技術/心型、雙向、全向、立體聲模式/側向式,4990,,
22,喇叭｜耳機｜麥克風,麥克風,26,｛Blue Yeti｝ 麥克風 (炫光白)/Usb/3 受音頭技術/心型、雙向、全向、立體聲模式/側向式,4990,,
22,喇叭｜耳機｜麥克風,麥克風,27,｛Blue Yeti｝ 麥克風 (粉)/Usb/3 受音頭技術/心型、雙向、全向、立體聲模式/側向式,4990,,
22,喇叭｜耳機｜麥克風,麥克風,28,｛圓剛 BA311L｝ 輕巧多角度創作者支架/360°旋轉功能和三個可調節關節,1990,,熱賣
22,喇叭｜耳機｜麥克風,麥克風,29,｛圓剛 AM310G2｝ 黑鳩 麥克風/有線Usb-c/心型指向/96kHz/24/AI降噪技術/即時聲音監控,1575,,
22,喇叭｜耳機｜麥克風,麥克風,30,｛圓剛 AM350｝ 黑鳩 電容式麥克風/有線USB/防爆音/多重降噪設計,2990,,熱賣
22,喇叭｜耳機｜麥克風,麥克風,31,｛HyperX SoloCast 2｝ 麥克風/有線/心型指向/內建防震架與防噴濾網,1490,,熱賣
22,喇叭｜耳機｜麥克風,麥克風,32,｛HyperX DuoCast｝ USB 麥克風/觸控式靜音/狀態指示燈/Rgb,1790,,熱賣
22,喇叭｜耳機｜麥克風,麥克風,34,｛HyperX QuadCast 2｝ 電競麥克風(黑)/有線/USB供電/觸控式靜音控制/內建防震支架,3490,,酷幣300
22,喇叭｜耳機｜麥克風,麥克風,35,｛HyperX QuadCast 2｝ 電競麥克風(白)/有線/USB供電/觸控式靜音控制/內建防震支架,3890,,酷幣300
22,喇叭｜耳機｜麥克風,麥克風,36,｛HyperX QuadCast 2S｝ 電競麥克風/有線/USB供電/觸控式靜音控制/內建防震支架/多功能旋鈕/Rgb,3990,,熱賣 酷幣300
22,喇叭｜耳機｜麥克風,麥克風,37,｛Razer Seiren V3 Mini｝ 魔音海妖 麥克風(黑)/電容式/超心型指向收音模式/內建防震器,1288,,
22,喇叭｜耳機｜麥克風,麥克風,38,｛Razer Seiren V3 Mini｝ 魔音海妖 麥克風(粉)/電容式/超心型指向收音模式/內建防震器,1288,,
22,喇叭｜耳機｜麥克風,麥克風,39,｛Razer Seiren V3 Mini｝ 魔音海妖 麥克風(白)/電容式/超心型指向收音模式/內建防震器,1288,,
22,喇叭｜耳機｜麥克風,麥克風,40,｛Razer Seiren V3 Chroma｝ 魔音海妖 麥克風(黑)/有線/超心型指向電容式/AI智慧音訊處理,2990,,
22,喇叭｜耳機｜麥克風,麥克風,41,｛Razer Seiren V3 Chroma｝ 魔音海妖 麥克風(白)/有線/超心型指向電容式/AI智慧音訊處理,2990,,
22,喇叭｜耳機｜麥克風,麥克風,42,｛Razer Seiren V3 Chroma｝ 魔音海妖 麥克風(粉)/有線/超心型指向電容式/AI智慧音訊處理,2990,,
22,喇叭｜耳機｜麥克風,麥克風,43,｛Razer Seiren V3 PRO｝ 魔音海妖 麥克風/雙TypeC&XLR連接/30mm動態收音頭/內建防震器,8390,,
22,喇叭｜耳機｜麥克風,麥克風,44,Razer BlackShark V2 X 電競耳機(黑)+Razer Seiren V3 Mini 麥克風(三色擇一)(組合優惠),2190,,熱賣
22,喇叭｜耳機｜麥克風,羅技 喇叭,46,｛羅技 Ue Miniroll｝ 藍芽喇叭(潮玩黑)/最高12小時使用/最多2台裝置/防塵-防水,1890,,
22,喇叭｜耳機｜麥克風,羅技 喇叭,47,｛羅技 Ue Miniroll｝ 藍芽喇叭(海水藍)/最高12小時使用/最多2台裝置/防塵-防水,1890,,
22,喇叭｜耳機｜麥克風,羅技 喇叭,48,｛羅技 Ue Miniroll｝ 藍芽喇叭(質感灰)/最高12小時使用/最多2台裝置/防塵-防水,1890,,
22,喇叭｜耳機｜麥克風,羅技 喇叭,49,｛羅技 Ue Miniroll｝ 藍芽喇叭(蜜糖粉)/最高12小時使用/最多2台裝置/防塵-防水,1890,,
22,喇叭｜耳機｜麥克風,羅技 喇叭,50,｛羅技 Wonderboom 4｝防水無線藍牙喇叭(潮玩黑)/360°環繞音效/Usb-C接口/防塵-防污-防水,2490,,
22,喇叭｜耳機｜麥克風,羅技 喇叭,51,｛羅技 Wonderboom 4｝防水無線藍牙喇叭(海水藍)/360°環繞音效/Usb-C接口/防塵-防污-防水,2490,,
22,喇叭｜耳機｜麥克風,羅技 喇叭,52,｛羅技 Wonderboom 4｝防水無線藍牙喇叭(質感灰)/360°環繞音效/Usb-C接口/防塵-防污-防水,2490,,
22,喇叭｜耳機｜麥克風,羅技 喇叭,53,｛羅技 Wonderboom 4｝防水無線藍牙喇叭(蜜糖粉)/360°環繞音效/Usb-C接口/防塵-防污-防水,2490,,
22,喇叭｜耳機｜麥克風,羅技 喇叭,54,｛羅技 Z150｝ 二件式喇叭(黑)/有線/耳機孔/清晰的立體聲/操控方便/3W,749,,
22,喇叭｜耳機｜麥克風,羅技 喇叭,55,｛羅技 Z200｝ 二件式喇叭(黑)/有線/低音調整/耳機孔,1450,,
22,喇叭｜耳機｜麥克風,羅技 喇叭,56,｛羅技 Z313｝ 2.1聲道喇叭(三件式)/有線/總輸出功率:50w Rms,1790,,
22,喇叭｜耳機｜麥克風,羅技 喇叭,57,｛羅技 Z407｝ 藍牙喇叭/無線藍牙5.0/總輸出功率:80W Rms,3690,,酷幣200
22,喇叭｜耳機｜麥克風,羅技 喇叭,58,｛羅技 Z623｝ 2.1聲道喇叭(三件式)/有線/輸出功率:200w Rms/Thx,3990,,酷幣200
22,喇叭｜耳機｜麥克風,羅技 喇叭,59,｛羅技 G560｝ 電競喇叭(三件式)/有線/藍牙/總輸出功率:120w Rms/Rgb/環繞音效,6490,,酷幣200
22,喇叭｜耳機｜麥克風,羅技 喇叭,60,｛羅技 Z906｝ 5.1聲道喇叭(六件式)/有線/總輸出功率:500w Rms/杜比/THX,9790,,酷幣200
22,喇叭｜耳機｜麥克風,Ktnet 喇叭,62,｛Ktnet Q21｝ Usb 二件式 迷你多媒體喇叭/USB供電/即插即用/迷你輕巧方便攜帶/3W*2,150,,
22,喇叭｜耳機｜麥克風,Ktnet 喇叭,63,｛Ktnet Q61｝ Usb 二件式 多媒體有線喇叭/USB供電/高中低音層次分明/立體聲環繞音效/3W*2,199,,
22,喇叭｜耳機｜麥克風,Ktnet 喇叭,64,｛Ktnet Q71｝ Rgb 多媒體Usb喇叭/USB供電/RGB炫彩燈效/線控式音量控制器/3W*2,220,,
22,喇叭｜耳機｜麥克風,Ktnet 喇叭,65,｛Ktnet QB81｝ 二件式藍牙喇叭/USB供電/藍牙+3.5Aux/RGB炫彩/線控式音量控制器/3W*2,299,,
22,喇叭｜耳機｜麥克風,Ktnet 喇叭,66,｛Ktnet QS100｝ Usb LED 單件多媒體立體聲喇叭/USB供電/雙50mm喇叭單體,299,,
22,喇叭｜耳機｜麥克風,Razer 喇叭,68,｛Razer Nommo V2 X｝ 天狼星 喇叭/有線-藍牙5.0/2個3吋全音域驅動單體/虛擬7.1,3990,,酷幣300
22,喇叭｜耳機｜麥克風,Razer 喇叭,69,｛Razer Nommo V2｝ 天狼星 喇叭/有線-藍牙5.3/2個3吋全音域驅動單體/1個5.5吋重低音/Rgb,6990,,酷幣400
22,喇叭｜耳機｜麥克風,Razer 喇叭,70,｛Razer Leviathan V2 X SoundBar｝ 利維坦巨獸喇叭/Type C供電/藍牙5.0/Rgb,2988,,酷幣200
22,喇叭｜耳機｜麥克風,Razer 喇叭,71,｛Razer Leviathan V2｝ 利維坦巨獸喇叭/藍牙5.2/THX Spatial Audio/7.1聲道/Rgb,5290,,酷幣400
22,喇叭｜耳機｜麥克風,Creative 創新未來 喇叭,73,｛Creative Pebble USB｝ 桌上型喇叭(黑)/有線/4.4W/USB供電,790,,熱賣 酷幣50
22,喇叭｜耳機｜麥克風,Creative 創新未來 喇叭,74,｛Creative Pebble USB｝ 桌上型喇叭(白)/有線/4.4W/USB供電,790,,熱賣 酷幣50
22,喇叭｜耳機｜麥克風,Creative 創新未來 喇叭,75,｛Creative Pebble Se｝ 桌上型喇叭(黑)/有線Typ-c/4.4W/Rgb,990,,熱賣 酷幣50
22,喇叭｜耳機｜麥克風,Creative 創新未來 喇叭,76,｛Creative Pebble Se｝ 桌上型喇叭(白)/有線Typ-c/4.4W/Rgb,990,,熱賣 酷幣50
22,喇叭｜耳機｜麥克風,Creative 創新未來 喇叭,77,｛Creative Pebble V2｝ 桌上型喇叭(黑)/有線/總功率 8W/Usb-c供電,1090,,熱賣 酷幣100
22,喇叭｜耳機｜麥克風,Creative 創新未來 喇叭,78,｛Creative Pebble V3｝ 藍牙喇叭(黑)/無線-藍牙/總功率 16W/Usb-c供電,1290,,熱賣 酷幣100
22,喇叭｜耳機｜麥克風,Creative 創新未來 喇叭,79,｛Creative Pebble V3｝ 藍牙喇叭(白)/無線-藍牙/總功率 16W/Usb-c供電,1290,,熱賣 酷幣100
22,喇叭｜耳機｜麥克風,Creative 創新未來 喇叭,80,｛Creative Pebble X｝ 藍牙喇叭/有線-藍芽/總功率 15W/Rgb,2890,,熱賣 酷幣200
22,喇叭｜耳機｜麥克風,Creative 創新未來 喇叭,81,｛Creative Pebble X Plus｝ 藍牙喇叭/有線-藍芽/總功率 15W/Rgb/附重低音,4390,,熱賣 酷幣400
22,喇叭｜耳機｜麥克風,Creative 創新未來 喇叭,82,｛Creative T60｝ 藍牙喇叭/藍牙5.0/30W RMS/附Usb-c線/Clear Dialog和Surround技術,2490,,熱賣 酷幣200
22,喇叭｜耳機｜麥克風,Creative 創新未來 喇叭,83,｛Creative GS3 Soundbar｝ 喇叭(黑)/USB-C供電/藍芽5.4/Rgb/24W RMS,1890,,熱賣 酷幣100
22,喇叭｜耳機｜麥克風,Creative 創新未來 喇叭,84,｛Creative GS3 Soundbar｝ 喇叭(白)/USB-C供電/藍芽5.4/Rgb/24W RMS(限網單),1890,,熱賣 酷幣100
22,喇叭｜耳機｜麥克風,Creative 創新未來 喇叭,85,｛Creative GS5 Soundbar｝ 喇叭(黑)/USB-C供電/藍芽5.3/Rgb/60W RMS/附遙控器,3290,,熱賣 酷幣300
22,喇叭｜耳機｜麥克風,Creative 創新未來 喇叭,86,｛Creative Stage SE Mini｝ 喇叭/USB-C供電/藍牙5.3/22W RMS(限網單),1490,,熱賣 酷幣50
22,喇叭｜耳機｜麥克風,Creative 創新未來 喇叭,87,｛Creative Stage Air V2 Soundbar｝ 喇叭/藍牙5.3/Usb供電/AUX輸入端口/內置電池支援6小時,1790,,熱賣 酷幣100
22,喇叭｜耳機｜麥克風,華碩 ROG ROG/TUF 耳麥 喇叭,89,｛ 華碩 ROG Gjallar Soundbar｝ 喇叭/USB-C/光纖/AUX/藍牙杜比全景聲(限網單),17900,,熱賣
22,喇叭｜耳機｜麥克風,華碩 ROG ROG/TUF 耳麥 喇叭,90,｛ 華碩 ROG Throne II Core｝ 電競耳機架/鋁合金框架/防滑底座,1490,,熱賣 酷幣100
22,喇叭｜耳機｜麥克風,華碩 ROG ROG/TUF 耳麥 喇叭,91,｛ 華碩 ROG Cetra True Wireless｝ 真無線耳機(黑)/主動降噪/IPX4/虛擬7.1/Armoury Crate軟體,2790,,熱賣 酷幣200
22,喇叭｜耳機｜麥克風,華碩 ROG ROG/TUF 耳麥 喇叭,92,｛ 華碩 ROG Cetra True Wireless｝ 真無線耳機(白)/主動降噪/IPX4/虛擬7.1/Armoury Crate軟體,2790,,熱賣 酷幣200
22,喇叭｜耳機｜麥克風,華碩 ROG ROG/TUF 耳麥 喇叭,93,｛ 華碩 ROG Cetra True Wireless SpeedNova｝ 真無線耳機(黑)/2.4g+藍牙/骨傳導AI麥克風/Rgb,4990,,酷幣300
22,喇叭｜耳機｜麥克風,華碩 ROG ROG/TUF 耳麥 喇叭,94,｛ 華碩 ROG Cetra True Wireless SpeedNova｝ 真無線耳機(白)/2.4g+藍牙/骨傳導AI麥克風/Rgb,4990,,酷幣300
22,喇叭｜耳機｜麥克風,華碩 ROG ROG/TUF 耳麥 喇叭,95,｛ 華碩 ROG Cetra Open Wireless｝ 真無線耳機/14.2mm類鑽碳單體/開放式耳道設計/可拆卸反光頸帶,6490,,熱賣 酷幣300
22,喇叭｜耳機｜麥克風,華碩 ROG ROG/TUF 耳麥 喇叭,96,｛ 華碩 ROG Pelta Core｝ 電競耳機(黑)/有線/50mm ROG 鈦膜振膜驅動單元/桿式麥克風/Rgb,2990,,熱賣
22,喇叭｜耳機｜麥克風,華碩 ROG ROG/TUF 耳麥 喇叭,97,｛ 華碩 ROG Pelta｝ 無線三模耳機(黑)/有線/2.4g/藍牙/鍍鈦單體/吊桿式麥克風/Rgb,3990,,熱賣 酷幣300
22,喇叭｜耳機｜麥克風,華碩 ROG ROG/TUF 耳麥 喇叭,98,｛ 華碩 ROG Pelta｝ 無線三模耳機(白)/有線/2.4g/藍牙/鍍鈦單體/吊桿式麥克風/Rgb,3990,,熱賣 酷幣300
22,喇叭｜耳機｜麥克風,華碩 ROG ROG/TUF 耳麥 喇叭,99,｛ 華碩 ROG Delta S Core｝ 電競耳機/有線/獨家 Essence 單體/3.5mm/虛擬 7.1/輕量化,1990,,熱賣 酷幣100
22,喇叭｜耳機｜麥克風,華碩 ROG ROG/TUF 耳麥 喇叭,100,｛ 華碩 ROG Delta S Wireless｝ 無線耳機/無線-藍牙/Ai降噪/50mm單體,3990,,酷幣300
22,喇叭｜耳機｜麥克風,華碩 ROG ROG/TUF 耳麥 喇叭,101,｛ 華碩 ROG Delta II｝ 無線三模電競耳機(黑)/有線/2.4G/藍芽/鍍鈦單體/Dual Flow技術/Rgb,7490,,酷幣300
22,喇叭｜耳機｜麥克風,華碩 ROG ROG/TUF 耳麥 喇叭,103,｛ 華碩 ROG Delta II｝ 無線三模電競耳機(白)/有線/2.4G/藍芽/鍍鈦單體/Dual Flow技術/Rgb,7490,,酷幣300
22,喇叭｜耳機｜麥克風,華碩 ROG ROG/TUF 耳麥 喇叭,105,｛ 華碩 ROG Delta II-KJP｝ 聯名無線三模電競耳機/有線/2.4G/藍芽/鍍鈦單體,8990,,熱賣 酷幣300
22,喇叭｜耳機｜麥克風,華碩 ROG ROG/TUF 耳麥 喇叭,106,｛ 華碩 ROG Kithara｝ 遊戲耳機/有線/100mm HIFIMAN 平面磁驅動單元/開放式設計/全頻段MEMS麥克風,9990,,酷幣300
22,喇叭｜耳機｜麥克風,華碩 ROG ROG/TUF 耳麥 喇叭,107,｛ 華碩 TUF Gaming H1 Gen II｝ 電競耳麥/有線Usb-A/白色Logo燈光/虛擬7.1/297g輕量設計,1490,,酷幣100
22,喇叭｜耳機｜麥克風,華碩 ROG ROG/TUF 耳麥 喇叭,108,｛ 華碩 TUF Gaming H1 Wireless｝ 無線耳機/無線/虛擬 7.1/40mm單體/編織頭帶/懸掛式,1790,,酷幣100
22,喇叭｜耳機｜麥克風,華碩 ROG ROG/TUF 耳麥 喇叭,109,｛ 華碩 TUF Gaming H3｝ 電競耳機/有線/50mm單體/類比麥克風/虛擬7.1,1290,,酷幣100
22,喇叭｜耳機｜麥克風,MSI 微星 耳麥,111,｛ 微星 Maestro 300｝輕量化電競耳機/有線/40單體/輕量247g/可拆式單向(心形)麥克風,2390,,
22,喇叭｜耳機｜麥克風,MSI 微星 耳麥,112,｛ 微星 Maestro 500 Black｝三模耳機/有線/無線/藍牙/主動式降噪/40mm單體,2890,,熱賣
22,喇叭｜耳機｜麥克風,MSI 微星 耳麥,113,｛ 微星 Maestro 500 Navy｝三模耳機/有線/無線/藍牙/主動式降噪/40mm單體,2890,,熱賣
22,喇叭｜耳機｜麥克風,MSI 微星 耳麥,114,｛ 微星 Maestro 500 W Ivory｝三模耳機(象牙白)/有線/無線/藍牙/主動式降噪/40mm單體,2890,,熱賣
22,喇叭｜耳機｜麥克風,Razer 耳麥,116,｛Razer Hammerhead V3｝ 有線入耳式耳機(黑)/3.5mm/附USB-C轉接器/11mm動態單體,1590,,酷幣50
22,喇叭｜耳機｜麥克風,Razer 耳麥,117,｛Razer Hammerhead V3｝ 有線入耳式耳機(白)/3.5mm/附USB-C轉接器/11mm動態單體,1590,,酷幣50
22,喇叭｜耳機｜麥克風,Razer 耳麥,118,｛Razer Barracuda X 2022｝ 梭魚 無線耳機/虛擬7.1/Flowknit 記憶泡綿耳墊/心型指向麥克風,2288,,酷幣200
22,喇叭｜耳機｜麥克風,Razer 耳麥,119,｛Razer Barracuda X Chroma｝ 梭魚 無線耳機(黑)/虛擬7.1/285g/心型指向麥克風/6區耳罩Rgb,3488,,酷幣300
22,喇叭｜耳機｜麥克風,Razer 耳麥,120,｛Razer Barracuda X Chroma｝ 梭魚 無線耳機(水銀白)/虛擬7.1/285g/心型指向麥克風/6區耳罩Rgb,3488,,酷幣300
22,喇叭｜耳機｜麥克風,Razer 耳麥,121,｛Razer Barracuda Pro｝ 雙模無線耳機/2.4g-藍牙/混合式主動抗噪/Thx/整合式波束賦形抗噪麥克風,4290,,酷幣400
22,喇叭｜耳機｜麥克風,Razer 耳麥,122,｛Razer BlackShark V2 X｝ 電競耳機(黑色)/有線/3.5mm/虛擬7.1/50mm單體,1280,,酷幣50
22,喇叭｜耳機｜麥克風,Razer 耳麥,123,｛Razer BlackShark V2 X｝ 電競耳機(白色)/有線/3.5mm/虛擬7.1/50mm單體,1280,,酷幣50
22,喇叭｜耳機｜麥克風,Razer 耳麥,124,｛Razer BlackShark V2 X｝ 電競耳機(粉色)/有線/3.5mm/虛擬7.1/50mm單體,1280,,酷幣50
22,喇叭｜耳機｜麥克風,Razer 耳麥,125,Razer BlackShark V2 X 電競耳機(黑色)+Razer Seiren V3 Mini 麥克風(三色擇一)(組合優惠),2190,,熱賣 酷幣200
22,喇叭｜耳機｜麥克風,Razer 耳麥,126,｛Razer BlackShark V2 HyperSpeed｝ 三模耳機(黑)/有線/無線/藍牙/THX認證/70小時續航/輕量化,2990,,酷幣200
22,喇叭｜耳機｜麥克風,Razer 耳麥,127,｛Razer BlackShark V2 HyperSpeed｝ 三模耳機(白)/有線/無線/藍牙/THX認證/70小時續航/輕量化,2990,,酷幣200
22,喇叭｜耳機｜麥克風,Razer 耳麥,128,｛Razer BlackShark V3X HyperSpeed｝ 三模耳機/有線/無線/藍牙/TriForce驅動單體/心型指向麥克風,3290,,酷幣300
22,喇叭｜耳機｜麥克風,Razer 耳麥,129,｛Razer BlackShark V3｝ 三模耳機(黑)/有線/無線/藍牙/鈦金屬驅動單體/超寬頻麥克風,4690,,酷幣400
22,喇叭｜耳機｜麥克風,Razer 耳麥,130,｛Razer BlackShark V3｝ 三模耳機(白)/有線/無線/藍牙/鈦金屬驅動單體/超寬頻麥克風,4690,,酷幣400
22,喇叭｜耳機｜麥克風,Razer 耳麥,133,｛Razer BlackShark V3 Pro｝ 無線耳機(黑)/有線(Usb-3.5mm)/2.4g/藍牙/混合式主動抗噪,7490,,熱賣 酷幣400
22,喇叭｜耳機｜麥克風,Razer 耳麥,135,｛Razer BlackShark V3 Pro｝ 無線耳機(白)/有線(Usb-3.5mm)/2.4g/藍牙/混合式主動抗噪,7490,,酷幣400
22,喇叭｜耳機｜麥克風,Razer 耳麥,137,｛Razer Kraken V3X｝電競耳麥/有線-Usb/40mm/虛擬7.1/心形麥克風/黑色/Rgb,1488,,酷幣50
22,喇叭｜耳機｜麥克風,Razer 耳麥,138,｛Razer Kraken Kitty V3X｝ 電競耳機(黑)/有線/40mm/貓耳造型/虛擬7.1/心形指向麥克風,1990,,酷幣50
22,喇叭｜耳機｜麥克風,Razer 耳麥,139,｛Razer Kraken Kitty V3X｝ 電競耳機(白)/有線/40mm/貓耳造型/虛擬7.1/心形指向麥克風,1990,,酷幣50
22,喇叭｜耳機｜麥克風,Razer 耳麥,140,｛Razer Kraken Kitty V3X｝ 電競耳機(粉)/有線/40mm/貓耳造型/虛擬7.1/心形指向麥克風,1990,,酷幣50
22,喇叭｜耳機｜麥克風,Razer 耳麥,141,｛Razer Kraken Kitty V3 PRO｝ 三模耳機(黑)/有線/無線/藍牙/貓咪耳朵設計/伸縮式麥克風/Rgb,6490,,酷幣400
22,喇叭｜耳機｜麥克風,Razer 耳麥,142,｛Razer Kraken Kitty V3 PRO｝ 三模耳機(白)/有線/無線/藍牙/貓咪耳朵設計/伸縮式麥克風/Rgb,6490,,酷幣400
22,喇叭｜耳機｜麥克風,Razer 耳麥,143,｛Razer Kraken Kitty V3 PRO｝ 三模耳機(粉)/有線/無線/藍牙/貓咪耳朵設計/伸縮式麥克風/Rgb,6490,,酷幣400
22,喇叭｜耳機｜麥克風,Razer 耳麥,144,｛Razer Kraken V3｝ 電競耳機/有線/虛擬7.1/記憶海綿/鋼加固頭帶/Rgb,2490,,酷幣200
22,喇叭｜耳機｜麥克風,Razer 耳麥,145,｛Razer Kraken V4 X｝ 電競耳麥/有線/TriForce 40毫米驅動器/7.1 聲道環繞音效/Rgb,2280,,酷幣200
22,喇叭｜耳機｜麥克風,Razer 耳麥,146,｛Razer Kraken V4 X Sensa HD｝電競耳麥/有線/HD觸覺回饋/記憶泡棉耳罩/Rgb,3390,,
22,喇叭｜耳機｜麥克風,Razer 耳麥,147,｛Razer Kraken V4 X Minecraft｝ 限定版耳機/有線/TriForce 40毫米驅動器/7.1環繞音效/Rgb,2990,,酷幣200
22,喇叭｜耳機｜麥克風,Razer 耳麥,148,｛Razer Kraken V4｝ 三模耳麥/有線/無線/藍牙/TriForce 鈦金屬40mm驅動單體/Rgb,4990,,酷幣400
22,喇叭｜耳機｜麥克風,Razer 耳麥,149,｛Razer Kraken V4 Pro｝ 無線耳機/有線(Usb/3.5mm)/無線/藍牙/生物纖維驅動單體,9990,,酷幣400
22,喇叭｜耳機｜麥克風,Vivo 耳機,151,｛Vivo Buds Pro｝ 真無線藍牙耳機(黑色)/55dB智慧主動降噪/超長續航/AI通話降噪,2490,,
22,喇叭｜耳機｜麥克風,Vivo 耳機,152,｛Vivo Buds Pro｝ 真無線藍牙耳機(白色)/55dB智慧主動降噪/超長續航/AI通話降噪,2490,,
22,喇叭｜耳機｜麥克風,Cherry 耳機,154,｛Cherry HW2.2｝ 三模耳機(春沙白)/有線/無線/藍牙/虛擬7.1/50MM單體/ENC智能環境降噪▼下殺到 9/30 23:59,1590,1690,價格異動 下殺
22,喇叭｜耳機｜麥克風,Cherry 耳機,155,｛Cherry HW2.2｝ 三模耳機(夏花粉)/有線/無線/藍牙/虛擬7.1/50MM單體/ENC智能環境降噪▼下殺到 9/30 23:59,1590,1890,價格異動 下殺
22,喇叭｜耳機｜麥克風,Cherry 耳機,156,｛Cherry HW2.2｝ 三模耳機(秋夜黑)/有線/無線/藍牙/虛擬7.1/50MM單體/ENC智能環境降噪▼下殺到 9/30 23:59,1590,1690,價格異動 下殺
22,喇叭｜耳機｜麥克風,Cherry 耳機,157,｛Cherry HW2.2｝ 三模耳機(東晴藍)/有線/無線/藍牙/虛擬7.1/50MM單體/ENC智能環境降噪▼下殺到 9/30 23:59,1590,1890,價格異動 下殺
22,喇叭｜耳機｜麥克風,Cherry 耳機,158,｛Cherry XTRFY H3W｝ 無線耳機(黑)/2.4g/藍牙/53MM單體/全指向麥克風/降噪▼下殺到 9/30 23:59,3290,3590,價格異動 下殺
22,喇叭｜耳機｜麥克風,Gigastone 耳機,160,｛Gigastone Hi-Fi TM1｝真無線耳機(黑)/藍牙5.4/IPX4防水/高續航/支援語音助理,399,,
22,喇叭｜耳機｜麥克風,Gigastone 耳機,161,｛Gigastone Hi-Fi TM1｝真無線耳機(白)/藍牙5.4/IPX4防水/高續航/支援語音助理,399,,
22,喇叭｜耳機｜麥克風,Gigastone 耳機,162,｛Gigastone Hi-Fi TAL1｝真無線耳機(黑)/ANC主動降噪/ENC通話降噪/藍牙5.4/IPX4防水,599,,
22,喇叭｜耳機｜麥克風,Gigastone 耳機,163,｛Gigastone Hi-Fi TAL1｝真無線耳機(白)/ANC主動降噪/ENC通話降噪/藍牙5.4/IPX4防水,599,,
22,喇叭｜耳機｜麥克風,Gigastone 耳機,164,｛Gigastone Hi-Fi TAQ1｝真無線耳機(藍色)ANC主動降噪/藍牙5.1/IPX4防水/HIFI高保真音質,899,,熱賣
22,喇叭｜耳機｜麥克風,Gigastone 耳機,165,｛Gigastone Hi-Fi TAQ1｝真無線耳機(白色)/ANC主動降噪/藍牙5.1/IPX4防水/HIFI高保真音質,899,,熱賣
22,喇叭｜耳機｜麥克風,HyperX 耳麥,167,｛HyperX Cloud Earbuds II｝ 黑 入耳式耳機/有線3.5mm/14mm單體/附4種耳塞尺寸/內建麥克風,790,,
22,喇叭｜耳機｜麥克風,HyperX 耳麥,168,｛HyperX Cloud Earbuds II｝ 紅 入耳式耳機/有線3.5mm/14mm單體/附4種耳塞尺寸/內建麥克風,790,,熱賣
22,喇叭｜耳機｜麥克風,HyperX 耳麥,169,｛HyperX Cloud Earbuds III｝ 黑 入耳式耳機/有線3.5mm/附4種耳塞尺寸/線控麥克風,990,,
22,喇叭｜耳機｜麥克風,HyperX 耳麥,170,｛HyperX Cloud Earbuds III｝ 紅 入耳式耳機/有線3.5mm/附4種耳塞尺寸/線控麥克風,990,,
22,喇叭｜耳機｜麥克風,HyperX 耳麥,171,｛HyperX Cloud Stinger 2 Core｝ 電競耳麥(黑)/有線/40mm/DTS/音量控制,990,,
22,喇叭｜耳機｜麥克風,HyperX 耳麥,172,｛HyperX Cloud Stinger 3｝ 電競耳機(黑)/有線/50mm單體/金屬頭帶/人造皮革耳墊/記憶泡棉耳罩,1990,,熱賣
22,喇叭｜耳機｜麥克風,HyperX 耳麥,174,｛HyperX Cloud Stinger 3｝ 電競耳機(白)/有線/50mm單體/金屬頭帶/人造皮革耳墊/PS可用,1990,,熱賣
22,喇叭｜耳機｜麥克風,HyperX 耳麥,176,｛HyperX Cloud Stinger 3｝ 無線耳機(黑)/2.4g/藍牙/超長續航/50mm單體/降噪麥克風,3290,,熱賣
22,喇叭｜耳機｜麥克風,HyperX 耳麥,177,｛HyperX Cloud Stinger 3｝ 無線耳機(白)/2.4g/藍牙/超長續航/50mm單體/降噪麥克風/PS可用,3290,,熱賣
22,喇叭｜耳機｜麥克風,HyperX 耳麥,179,｛HyperX Cloud Jet｝ 雙模耳機(黑)/無線-藍芽/40單體/HyperX專屬音效/旋轉靜音降噪麥克風,1590,,熱賣
22,喇叭｜耳機｜麥克風,HyperX 耳麥,180,｛HyperX Cloud Jet｝ 雙模耳機(藍)/無線-藍芽/40單體/HyperX專屬音效/旋轉靜音降噪麥克風,1590,,
22,喇叭｜耳機｜麥克風,HyperX 耳麥,181,｛HyperX Cloud Flight 2｝ 無線耳麥(黑)/2.4g/藍牙5.3/50mm單體/駐極體電容式麥克風/Rgb,3490,,
22,喇叭｜耳機｜麥克風,HyperX 耳麥,182,｛HyperX Cloud Flight 2｝ 無線耳麥(白)/2.4g/藍牙5.3/50mm單體/駐極體電容式麥克風/Rgb,3490,,
22,喇叭｜耳機｜麥克風,HyperX 耳麥,183,｛HyperX Cloud III｝ 電競耳麥(黑)/有線/DTS/53mm單體/降噪麥克風/全金屬結構,2190,,熱賣
22,喇叭｜耳機｜麥克風,HyperX 耳麥,184,｛HyperX Cloud III｝ 電競耳麥(黑紅)/有線/DTS/53mm單體/降噪麥克風/全金屬結構,2190,,熱賣
22,喇叭｜耳機｜麥克風,HyperX 耳麥,185,｛HyperX Cloud III｝ 電競耳麥(粉)/有線/DTS/53mm單體/降噪麥克風/全金屬結構,2190,,熱賣
22,喇叭｜耳機｜麥克風,HyperX 耳麥,186,｛HyperX Cloud III｝ 電競耳麥(白)/有線/DTS/53mm單體/降噪麥克風/全金屬結構,2190,,熱賣
22,喇叭｜耳機｜麥克風,HyperX 耳麥,187,｛HyperX Cloud III｝ 無線耳麥(黑)/2.4g/DTS/53mm單體/降噪麥克風/全金屬結構,3190,,熱賣
22,喇叭｜耳機｜麥克風,HyperX 耳麥,188,｛HyperX Cloud III｝ 無線耳麥(黑紅)/2.4g/DTS/53mm單體/降噪麥克風/全金屬結構,3190,,熱賣
22,喇叭｜耳機｜麥克風,HyperX 耳麥,189,｛HyperX Cloud III S｝ 無線耳麥(黑)/2.4g/藍芽/53mm單體/金屬框架/續航力長達120小時,4790,,
22,喇叭｜耳機｜麥克風,HyperX 耳麥,190,｛HyperX Cloud III S｝ 無線耳麥(黑紅)/2.4g/藍芽/53mm單體/金屬框架/續航力長達120小時,4790,,
22,喇叭｜耳機｜麥克風,HyperX 耳麥,191,｛HyperX Cloud III S｝ 無線耳麥(白)/2.4g/藍芽/53mm單體/金屬框架/續航力長達120小時,4790,,
22,喇叭｜耳機｜麥克風,HyperX 耳麥,192,｛HyperX Cloud Alpha 2 三模耳機/有線/無線/藍牙/附重新編程RGB基地台/53mm雙腔驅動單元,9990,,
22,喇叭｜耳機｜麥克風,Glorious 耳麥,194,Glorious GHS Eternal RGB 電競耳機(黑)/有線/懸浮式頭帶/可拆式麥克風/快捷控制,2390,,
22,喇叭｜耳機｜麥克風,Glorious 耳麥,195,Glorious GHS Eternal RGB 電競耳機(白)/有線/懸浮式頭帶/可拆式麥克風/快捷控制,2390,,
22,喇叭｜耳機｜麥克風,Fractal Design 耳麥,197,｛Fractal Design Scape Dark｝雙模耳機(黑)/無線/藍芽5.3/磁吸式感應充電座/降噪,5399,,
22,喇叭｜耳機｜麥克風,Fractal Design 耳麥,198,｛Fractal Design Scape Light｝雙模耳機(灰)/無線/藍芽5.3/磁吸式感應充電座/降噪,5399,,
22,喇叭｜耳機｜麥克風,SteelSeries 賽睿 耳麥,200,｛SteelSeries Arctis GameBuds｝ 真無線耳機(黑)/2.4G(T-ypec接收器)/藍牙/主動式降噪,3990,,
22,喇叭｜耳機｜麥克風,SteelSeries 賽睿 耳麥,201,｛SteelSeries Tusq｝ 入耳式電競耳機/有線/雙麥克風/人體工學/輕巧的耳掛式避震器,990,,
22,喇叭｜耳機｜麥克風,SteelSeries 賽睿 耳麥,202,｛SteelSeries Arctis Nova 3P｝ 無線耳機(夜澈黑)/2.4g/藍牙5.3/釹磁驅動單體/優化快充,2788,,
22,喇叭｜耳機｜麥克風,SteelSeries 賽睿 耳麥,203,｛SteelSeries Arctis Nova 3P｝ 無線耳機(星澈藍)/2.4g/藍牙5.3/釹磁驅動單體/優化快充,2788,,
22,喇叭｜耳機｜麥克風,SteelSeries 賽睿 耳麥,204,｛SteelSeries Arctis Nova 3P｝ 無線耳機(夢澈紫)/2.4g/藍牙5.3/釹磁驅動單體/優化快充,2788,,
22,喇叭｜耳機｜麥克風,SteelSeries 賽睿 耳麥,205,｛SteelSeries Arctis Nova 7 Gen 2｝ 無線耳機(白)/2.4g/藍牙/快充/鋼材結構/行動應用程式控制,5588,,熱賣
22,喇叭｜耳機｜麥克風,SteelSeries 賽睿 耳麥,206,｛SteelSeries Arctis Nova 7 Gen 2｝ 無線耳機(桃)/2.4g/藍牙/快充/鋼材結構/行動應用程式控制,5588,,熱賣
22,喇叭｜耳機｜麥克風,SteelSeries 賽睿 耳麥,207,｛SteelSeries Arctis Nova Pro Wireless｝Ps版 無線耳機(白)/2.4g/藍牙/Sonar軟體/PC可用,8290,,熱賣
22,喇叭｜耳機｜麥克風,SteelSeries 賽睿 耳麥,209,｛SteelSeries Nova Pro Omni｝ 無線耳機(黑)/Hi-Res無線認證/主動式降噪/40mm釹磁單體,13990,,
22,喇叭｜耳機｜麥克風,SteelSeries 賽睿 耳麥,210,｛SteelSeries Nova Pro Omni｝ 無線耳機(白)/Hi-Res無線認證/主動式降噪/40mm釹磁單體,13990,,
22,喇叭｜耳機｜麥克風,SteelSeries 賽睿 耳麥,211,｛SteelSeries Nova Pro Omni｝ 無線耳機(午夜藍)/Hi-Res無線認證/主動式降噪/40mm釹磁單體,13990,,
22,喇叭｜耳機｜麥克風,SteelSeries 賽睿 耳麥,212,｛SteelSeries Arctis Nova Elite｝ 無線電競耳機(黑)/無線傳輸高解析音訊,19900,,熱賣
22,喇叭｜耳機｜麥克風,SteelSeries 賽睿 耳麥,215,｛SteelSeries Arctis Nova Elite｝ 無線電競耳機(靜謐綠金)/無線傳輸高解析音訊,19900,,熱賣
22,喇叭｜耳機｜麥克風,海盜船 耳麥,219,｛海盜船 Hs35 V2｝電競耳機(黑)/有線/50mm單體/全指向麥克風/整合控制/沒有附轉接器,790,,熱賣
22,喇叭｜耳機｜麥克風,海盜船 耳麥,220,｛海盜船 Hs35 V3｝電競耳機(黑)/有線/50mm單體/固定式全向性麥克風/浮動式頭帶,1190,,
22,喇叭｜耳機｜麥克風,海盜船 耳麥,221,｛海盜船 Hs35 V3｝電競耳機(白)/有線/50mm單體/固定式全向性麥克風/浮動式頭帶,1190,,
22,喇叭｜耳機｜麥克風,海盜船 耳麥,223,｛海盜船 Hs35 V3｝無線耳機(黑)/有線/2.4G/藍牙/Dolby Atmos音效/浮動式頭帶,2090,,
22,喇叭｜耳機｜麥克風,海盜船 耳麥,224,｛海盜船 Hs35 V3｝無線耳機(白)/有線/2.4G/藍牙/Dolby Atmos音效/浮動式頭帶,2090,,
22,喇叭｜耳機｜麥克風,海盜船 耳麥,225,｛海盜船 Hs80 Max Wireless｝ 無線耳機(消光灰)無線-藍牙/全指向麥克風/杜比全景環繞音效/Rgb,3290,,熱賣
22,喇叭｜耳機｜麥克風,海盜船 耳麥,226,｛海盜船 Hs80 Max Wireless｝ 無線耳機(雪貂白)無線-藍牙/全指向麥克風/杜比全景環繞音效/Rgb,3290,,熱賣
22,喇叭｜耳機｜麥克風,海盜船 耳麥,227,｛海盜船 Void Wireless V2｝ 雙模耳機(黑)/無線/藍芽/杜比/303g輕量化/Rgb,2490,,熱賣
22,喇叭｜耳機｜麥克風,海盜船 耳麥,228,｛海盜船 Void Wireless V2｝ 雙模耳機(白)/無線/藍芽/杜比/303g輕量化/Rgb,2490,,熱賣
22,喇叭｜耳機｜麥克風,海盜船 耳麥,229,｛海盜船 Void Wireless V2 Max｝ 雙模耳機(黑)/無線/藍芽/杜比/50單體/超長續航,3490,,熱賣
22,喇叭｜耳機｜麥克風,海盜船 耳麥,230,｛海盜船 Virtuoso Max Wireless｝ 雙模耳機(黑)/無線-藍牙/杜比/主動式降噪/全指向麥克風,9890,,熱賣
22,喇叭｜耳機｜麥克風,海盜船 耳麥,231,｛海盜船 Virtuoso Max Wireless｝ 雙模耳機(銀)/無線-藍牙/杜比/主動式降噪/全指向麥克風,9890,,熱賣
22,喇叭｜耳機｜麥克風,羅技 耳麥,233,2026/07/20-09/27購買羅技 G PRO 全系列 即享登錄抽 2026 Apple 全新發表 iPhone,1,,
22,喇叭｜耳機｜麥克風,羅技 耳麥,234,｛羅技 H151｝ (黑)立體聲耳麥/3.5mm/有線/可調式頭帶,589,,
22,喇叭｜耳機｜麥克風,羅技 耳麥,235,｛羅技 H340｝ USB 耳麥/有線/立體聲音質/濾噪麥克風,949,,
22,喇叭｜耳機｜麥克風,羅技 耳麥,236,｛羅技 H390｝ USB 耳麥(石墨灰)/有線-Usb/抗噪音麥克風/音量及靜音線控制裝置,1290,,
22,喇叭｜耳機｜麥克風,羅技 耳麥,237,｛羅技 H390｝ USB 耳麥(玫瑰粉)/有線-Usb/抗噪音麥克風/音量及靜音線控制裝置,1290,,
22,喇叭｜耳機｜麥克風,羅技 耳麥,238,｛羅技 H390｝ USB 耳麥(珍珠白)/有線-Usb/抗噪音麥克風/音量及靜音線控制裝置,1290,,
22,喇叭｜耳機｜麥克風,羅技 耳麥,239,｛羅技 H540｝ USB 耳麥/有線/雷射微調/皮革耳罩,1590,,
22,喇叭｜耳機｜麥克風,羅技 耳麥,240,｛羅技 G335｝ 有線遊戲耳機麥克風/有線/記憶泡棉耳墊/隨插即用/40mm單體/黑,1490,,
22,喇叭｜耳機｜麥克風,羅技 耳麥,241,｛羅技 G335｝ 有線遊戲耳機麥克風/有線/記憶泡棉耳墊/隨插即用/40mm單體/白,1490,,
22,喇叭｜耳機｜麥克風,羅技 耳麥,242,｛羅技 G431｝ 電競耳機/有線/50mm單體/DTS Headphone:X 2.0音效/人造皮革耳墊,1490,,
22,喇叭｜耳機｜麥克風,羅技 耳麥,243,｛羅技 G321 Lightspeed｝ 無線耳機(黑)/2.4g/藍牙5.2/輕量210克/16kHz翻轉靜音麥克風,1490,,
22,喇叭｜耳機｜麥克風,羅技 耳麥,244,｛羅技 G321 Lightspeed｝ 無線耳機(白)/2.4g/藍牙5.2/輕量210克/16kHz翻轉靜音麥克風,1490,,
22,喇叭｜耳機｜麥克風,羅技 耳麥,245,｛羅技 G325 Lightspeed｝ 雙模無線耳機(暗夜黑)/2.4G/藍牙/透氣針織布料/AI降噪/輕量化,2690,,酷幣100
22,喇叭｜耳機｜麥克風,羅技 耳麥,246,｛羅技 G325 Lightspeed 雙模無線耳機(極地白)/2.4G/藍牙/透氣針織布料/AI降噪/輕量化,2690,,酷幣100
22,喇叭｜耳機｜麥克風,羅技 耳麥,247,｛羅技 G325 Lightspeed｝ 雙模無線耳機(丁香紫)/2.4G/藍牙/透氣針織布料/AI降噪/輕量化,2690,,酷幣100
22,喇叭｜耳機｜麥克風,羅技 耳麥,248,｛羅技 G Pro X｝專業電競耳麥/有線/PRO-G 50單體/DTS,3990,,酷幣200
22,喇叭｜耳機｜麥克風,羅技 耳麥,252,｛羅技 G Pro X 2 Lightspeed｝無線電競耳機(黑)/有線-無線-藍牙/石墨烯單體/Blue Voice技術,5990,,酷幣200
22,喇叭｜耳機｜麥克風,羅技 耳麥,253,｛羅技 G Pro X 2 Lightspeed｝無線電競耳機(白)/有線-無線-藍牙/石墨烯單體/Blue Voice技術,5990,,酷幣200
22,喇叭｜耳機｜麥克風,羅技 耳麥,254,｛羅技 G Pro X 2 Lightspeed｝無線電競耳機(桃色)/有線-無線-藍牙/石墨烯單體/Blue Voice技術,5990,,酷幣200
22,喇叭｜耳機｜麥克風,羅技 耳麥,255,｛羅技 G535 Wireless｝ 無線電競耳機/Lightspeed 技術/輕量化/40mm單體/Discord認證,2990,,酷幣100
22,喇叭｜耳機｜麥克風,羅技 耳麥,256,｛羅技 G522 Lightspeed｝ 無線三模耳機(神秘黑)/有線-無線-藍牙/Pro-G單體/Rgb,3990,,酷幣200
22,喇叭｜耳機｜麥克風,羅技 耳麥,257,｛羅技 G522 Lightspeed｝ 無線三模耳機(極光白)/有線-無線-藍牙/Pro-G單體/Rgb,3990,,酷幣200
22,喇叭｜耳機｜麥克風,羅技 耳麥,260,｛羅技 G733｝ 無線耳機/無線/Pro-G 40單體/輕量化/RGB/黑,2990,,酷幣100
22,喇叭｜耳機｜麥克風,羅技 耳麥,261,｛羅技 G733｝ 無線耳機/無線/Pro-G 40單體/輕量化/RGB/白,2990,,酷幣100
22,喇叭｜耳機｜麥克風,羅技 耳麥,262,｛羅技 G733｝ 無線耳機/無線/Pro-G 40單體/輕量化/RGB/藍,2990,,酷幣100
22,喇叭｜耳機｜麥克風,羅技 耳麥,263,｛羅技 G733｝ 無線耳機/無線/Pro-G 40單體/輕量化/RGB/紫,2990,,酷幣100
22,喇叭｜耳機｜麥克風,羅技 耳麥,264,｛羅技 G735｝ 無線美型RGB遊戲耳麥(白)/無線-藍牙/40mm單體/輕巧/Rgb,4690,,酷幣200
23,燒錄器 CD/DVD/BD,終極DVD燒錄器 SATA介面,3,｛華碩 DRW-08D6MT｝8XHHDVD緊湊型內接燒錄器(黑) / 支援M-Disc,890,,
23,燒錄器 CD/DVD/BD,USB DVD外接燒錄器,5,｛華碩 SDRW-08D2S-U｝8XDVD外接燒錄器(黑) / 支援Mac,849,,熱賣
23,燒錄器 CD/DVD/BD,USB DVD外接燒錄器,6,｛華碩 SDRW-08D2S-U｝8XDVD外接燒錄器(白) / 支援Mac,849,,
23,燒錄器 CD/DVD/BD,USB DVD外接燒錄器,7,｛華碩 SDRW-08U9M-U｝超薄 / 8XDVD(黑) / 支援M-Disc / 內含Type A、C連接線,990,,
23,燒錄器 CD/DVD/BD,USB DVD外接燒錄器,8,｛華碩 SDRW-08U9M-U｝超薄 / 8XDVD(銀) / 支援M-Disc / 內含Type A、C連接線,990,,
23,燒錄器 CD/DVD/BD,USB DVD外接燒錄器,9,｛華碩 SDRW-08U7C-U｝超薄 / 8XDVD(黑) / 支援M-Disc / 內含Type C連接線 / 燒錄片*3,990,,
23,燒錄器 CD/DVD/BD,USB 外接藍光COMBO燒錄器,11,｛華碩 SBC-06D2X-U｝藍光COMBO燒錄器 / 6X藍光讀 / 8XDVD燒錄 / 含直立架(黑),2990,,
23,燒錄器 CD/DVD/BD,USB 外接藍光燒錄器,13,｛華碩 SBW-06D2X-U｝6X 藍光燒錄器 / 支援Mac / 附直立架,3290,,
23,燒錄器 CD/DVD/BD,USB 外接藍光燒錄器,14,｛華碩 BW-16D1H-U PRO｝16X藍光燒錄器 / USB5G / 黑 / 附支架 / 支援Mac,4990,,
24,USB週邊｜硬碟座｜讀卡機,高速 M.2外接盒,4,｛華碩 ESD-A1A 墨石黑｝Cobble / 雙模 / IP55 / USB-C to C▼下殺到 9/30 23:59,888,999,價格異動 下殺
24,USB週邊｜硬碟座｜讀卡機,高速 M.2外接盒,5,｛華碩 ESD-A1A 塵霧灰｝Cobble / 雙模 / IP55 / USB-C to C▼下殺到 9/30 23:59,888,999,價格異動 下殺
24,USB週邊｜硬碟座｜讀卡機,高速 M.2外接盒,6,｛華碩 ESD-T1A｝TUF Gaming A1 / 雙模 / USB-C to C▼下殺到 9/30 23:59,1088,1290,價格異動 下殺
24,USB週邊｜硬碟座｜讀卡機,高速 M.2外接盒,8,｛華碩 ESD-S1C Lite｝ROG Strix Arion Lite / NVMe / USB-C to C▼下殺到 9/30 23:59,1188,1590,價格異動 下殺
24,USB週邊｜硬碟座｜讀卡機,高速 M.2外接盒,10,｛華碩 ESD-S1C 黑｝ROG Strix Arion / NVMe / 附雙USB線,1790,,
24,USB週邊｜硬碟座｜讀卡機,高速 M.2外接盒,12,｛華碩 ESD-S1C 白｝ROG Strix Arion / NVMe / 附雙USB線,1890,,
24,USB週邊｜硬碟座｜讀卡機,高速 M.2外接盒,14,｛酷碼 Oracle Air｝NVMe / 鋁合金 / 免螺絲快拆設計 / 雙層散熱,1690,,
24,USB週邊｜硬碟座｜讀卡機,高速 M.2外接盒,15,｛CyberSLIM M2E｝NGFF / NVMe / 灰 / 免螺絲 / USB-A to C,699,,
24,USB週邊｜硬碟座｜讀卡機,高速 M.2外接盒,16,｛伽利略 M2NVU35｝黑 / 鋁合金 / 免螺絲 / 翻蓋式 / USB-A、C,650,,
24,USB週邊｜硬碟座｜讀卡機,高速 M.2外接盒,17,｛伽利略 M2NVU32｝雙模 / 黑 / 鋁合金 / 免螺絲 / USB-A、C,785,,
24,USB週邊｜硬碟座｜讀卡機,高速 M.2外接盒,18,｛伽利略 NV10GB｝鋁合金 / 免螺絲 / 翻蓋式 / USB-A、C,900,,
24,USB週邊｜硬碟座｜讀卡機,高速 M.2外接盒,19,｛銀欣 RVS03｝雙模 / 黑 / USB-C to C,1170,,
24,USB週邊｜硬碟座｜讀卡機,高速 M.2外接盒,20,｛銀欣 MS13｝雙模 / 黑 / RGB / USB-A、C▼下殺到 9/30 23:59,1100,1250,價格異動 下殺
24,USB週邊｜硬碟座｜讀卡機,高速 M.2外接盒,21,｛KTnet EM500｝NVMe / 黑 / 鋁合金 / USB-C to C,499,,
24,USB週邊｜硬碟座｜讀卡機,高速 M.2外接盒,22,｛KTnet EM600｝雙模 / 黑 / 鋁合金 / USB-C to C、A,699,,
24,USB週邊｜硬碟座｜讀卡機,高速 M.2外接盒,23,｛Probox HM6-P32C｝NVMe / 銀 / 鋁合金 / USB-C to C,599,,
24,USB週邊｜硬碟座｜讀卡機,高速 M.2外接盒,24,【M.2加購價】｛Apexgaming M2E-01S｝雙模 / USB-C to A,399,,熱賣
24,USB週邊｜硬碟座｜讀卡機,高速 M.2外接盒,25,｛Apexgaming M2E-01S｝雙模 / 銀 / RGB / 鋁合金 / USB-C to A,899,,
24,USB週邊｜硬碟座｜讀卡機,高速 M.2外接盒,27,｛華碩 ESD-T1W｝TUF Gaming A2 / 雙模 / USB-C to C▼下殺到 9/30 23:59,1588,1990,價格異動 下殺
24,USB週邊｜硬碟座｜讀卡機,高速 M.2外接盒,29,｛華碩 ESD-S1W｝ROG Strix Aiolos / 雙模 / USB-C to C,2490,,
24,USB週邊｜硬碟座｜讀卡機,高速 M.2外接盒,30,｛伽利略 DMC322B｝【雙槽】雙M.2硬碟外接拷貝機 / USB-A、C,2250,,
24,USB週邊｜硬碟座｜讀卡機,高速 M.2外接盒,32,｛銀欣 MS12｝NVMe / 黑 / 20Gb / USB-C to C▼下殺到 9/30 23:59,1590,1850,價格異動 下殺
24,USB週邊｜硬碟座｜讀卡機,高速 M.2外接盒,34,｛華碩 ESD-P1NL｝ProArt PA40SU / 四段式智慧風扇,2790,,
24,USB週邊｜硬碟座｜讀卡機,高速 M.2外接盒,35,｛CyberSLIM M2-U4｝NVMe / 黑 / 免螺絲 / USB-C,3690,,
24,USB週邊｜硬碟座｜讀卡機,高速 M.2外接盒,36,｛伽利略 M2NVU4F｝鋁合金 / 散熱風扇 / 翻蓋式 / 免螺絲 / USB-C,1990,,
24,USB週邊｜硬碟座｜讀卡機,高速 M.2外接盒,37,｛銀欣 MS12-40G｝NVMe / 黑 / 40Gb / USB-C to C,2790,,
24,USB週邊｜硬碟座｜讀卡機,高速 M.2外接盒,38,｛Probox HM7-P4C｝NVMe / 銀 / 鋁合金 / USB-C to C,2499,,
24,USB週邊｜硬碟座｜讀卡機,2.5吋 硬碟外接盒,42,｛伽利略 HD-332U31S｝黑 / 可拆式硬碟連接器 / 支援UASP,299,,熱賣
24,USB週邊｜硬碟座｜讀卡機,2.5吋 硬碟外接盒,43,｛伽利略 HD-336U31S｝透明 /免螺絲設計 / 支援UASP,280,,
24,USB週邊｜硬碟座｜讀卡機,2.5吋 硬碟外接盒,44,｛伽利略 HD-335U31S｝黑 / 免螺絲設計 / 支援UASP / 鋁合金,240,,
24,USB週邊｜硬碟座｜讀卡機,2.5吋 硬碟外接盒,45,｛創見 StoreJet 25CK3｝黑 / 軍規防震外殼 / 支援7及9.5mm / 二年保,477,,
24,USB週邊｜硬碟座｜讀卡機,2.5吋 硬碟外接盒,46,｛創見 StoreJet 25S3｝銀 / 鋁合金外殼 / 支援UASP / 二年保,390,,
24,USB週邊｜硬碟座｜讀卡機,2.5吋 硬碟外接盒,47,｛CyberSLIM V25U3 黑｝免螺絲 / 快速抽換設計,239,,熱賣 酷幣9
24,USB週邊｜硬碟座｜讀卡機,2.5吋 硬碟外接盒,48,｛CyberSLIM V25U3 白｝免螺絲 / 快速抽換設計,239,,酷幣9
24,USB週邊｜硬碟座｜讀卡機,2.5吋 硬碟外接盒,49,｛銀欣 TS15｝黑 / 鋁合金 / USB-C / 額外提供USB-A*2擴充埠,499,,
24,USB週邊｜硬碟座｜讀卡機,2.5吋 硬碟外接盒,51,｛伽利略 HD-333U31S｝黑 / USB-A / 可拆式硬碟連接器,480,,
24,USB週邊｜硬碟座｜讀卡機,2.5吋 硬碟外接盒,52,｛CyberSLIM B25U31 黑｝免螺絲 / USB-A / 支援UASP,380,,
24,USB週邊｜硬碟座｜讀卡機,2.5吋 硬碟外接盒,53,｛CyberSLIM B25U31 紅｝免螺絲 / USB-A / 支援UASP,380,,
24,USB週邊｜硬碟座｜讀卡機,3.5吋 硬碟外接盒,55,｛伽利略 35C-U3B｝【雙尺寸/USB5G】免螺絲設計 / 內建風扇 / 支援20TB硬碟,630,,
24,USB週邊｜硬碟座｜讀卡機,3.5吋 硬碟外接盒,56,｛伽利略 35C-U3D｝【雙尺寸/USB5G】鋁合金 / 可直立 / 支援20TB硬碟,690,,
24,USB週邊｜硬碟座｜讀卡機,3.5吋 硬碟外接盒,57,｛伽利略 325-5G｝【雙尺寸/USB5G】抽取式 / 鋁合金 / 支援20TB硬碟,990,,
24,USB週邊｜硬碟座｜讀卡機,3.5吋 硬碟外接盒,58,｛伽利略 35D-U3ES｝【雙尺寸/USB5G/4Bay】免螺絲 / eSATA / 支援20TB硬碟,2980,,
24,USB週邊｜硬碟座｜讀卡機,3.5吋 硬碟外接盒,60,｛伽利略 35D-U315｝【雙尺寸/USB10G/5Bay】USB-C / 免螺絲抽換 / 單顆20TB【訂】,4199,,訂購
24,USB週邊｜硬碟座｜讀卡機,3.5吋 硬碟外接盒,62,｛伽利略 35D-U38｝【雙尺寸/USB5G/8Bay】免螺絲抽換 / 單顆22TB【訂】,7500,,訂購
24,USB週邊｜硬碟座｜讀卡機,3.5吋 硬碟外接盒,64,｛CyberSLIM V80-6G｝【3.5吋/USB5G】免螺絲設計 / 內層防震 / 單顆10TB,490,,
24,USB週邊｜硬碟座｜讀卡機,3.5吋 硬碟外接盒,65,｛世暉 ProBox HF7-SU31C｝【3.5吋/USB10G/4Bay】外接盒 / Type-C【訂】,3890,,訂購
24,USB週邊｜硬碟座｜讀卡機,磁碟陣列外接盒,67,｛伽利略 HD-339U32R｝【2.5吋/USB5G/2Bay】鋁合金 / USB-A、C,890,,
24,USB週邊｜硬碟座｜讀卡機,磁碟陣列外接盒,68,｛伽利略 HD-338U32R｝【雙尺寸/USB5G/2Bay】鋁合金 / USB-A、C,1290,,
24,USB週邊｜硬碟座｜讀卡機,磁碟陣列外接盒,69,｛伽利略 35D-U322RMS｝【雙尺寸/USB10G/2Bay】鋁合金 / USB-A、C / 抽取式,2290,,
24,USB週邊｜硬碟座｜讀卡機,磁碟陣列外接盒,70,｛伽利略 35D-U324NSR｝【三尺寸/USB10G/4Bay】NvMe / SATA / USB-C / 抽取式,4299,,
24,USB週邊｜硬碟座｜讀卡機,磁碟陣列外接盒,71,｛伽利略 35D-U3ES5R｝【雙尺寸/USB5G/5Bay】USB-A / 抽取式,4890,,
24,USB週邊｜硬碟座｜讀卡機,M.2 PCIe 外接硬碟座,74,｛伽利略 M2NVU36｝【M.2/USB10G】雙規 / 鋁合金 / USB-A、C,650,,
24,USB週邊｜硬碟座｜讀卡機,M.2 PCIe 外接硬碟座,75,｛伽利略 DMC322D｝【M.2/USB20G/2Bay】硬碟對烤座 / USB-A、C,1990,,
24,USB週邊｜硬碟座｜讀卡機,M.2 PCIe 外接硬碟座,76,｛伽利略 DMC322E｝【M.2/USB20G/2Bay】硬碟對烤座 / 風扇 / USB-A、C,2690,,
24,USB週邊｜硬碟座｜讀卡機,M.2 PCIe 外接硬碟座,77,｛CyberSLIM M2F｝【M.2/USB10G】雙規 / 無須額外供電 / 獨立電源按鈕 / USB-C,499,,
24,USB週邊｜硬碟座｜讀卡機,M.2 PCIe 外接硬碟座,78,｛CyberSLIM M2-DC｝【M.2/USB20G/2Bay】硬碟對烤座 / USB-A、C,1690,,
24,USB週邊｜硬碟座｜讀卡機,M.2 PCIe 外接硬碟座,79,｛Probox HM8-P32C｝【M.2/USB20G/2Bay】硬碟對烤座 / USB-C,1999,,
24,USB週邊｜硬碟座｜讀卡機,3.5吋 / 2.5吋 外接硬碟座,81,｛伽利略 CU3H09B｝【雙尺寸/2Bay】USB(5G*3A) + 快充(1A) / 支援20TB,1520,,
24,USB週邊｜硬碟座｜讀卡機,3.5吋 / 2.5吋 外接硬碟座,82,｛伽利略 RHU07｝【雙尺寸/3Bay】USB(5G*2A) / 支援20TB,1350,,
24,USB週邊｜硬碟座｜讀卡機,3.5吋 / 2.5吋 外接硬碟座,83,｛伽利略 RHU11｝【雙尺寸/1Bay】隨插即用 / 支援UASP / 支援18TB,630,,
24,USB週邊｜硬碟座｜讀卡機,3.5吋 / 2.5吋 外接硬碟座,84,｛伽利略 2535C-U32MS｝【三尺寸/ USB10G/1Bay】隨插即用 /支援20TB,999,,
24,USB週邊｜硬碟座｜讀卡機,3.5吋 / 2.5吋 外接硬碟座,85,｛伽利略 2535B-U3I2S｝【雙尺寸/USB5G/3Bay】離線備份 / 支援IDE,1299,,
24,USB週邊｜硬碟座｜讀卡機,3.5吋 / 2.5吋 外接硬碟座,87,｛CyberSLIM S1-DS6G｝【雙尺寸/1Bay】支援20TB,493,,
24,USB週邊｜硬碟座｜讀卡機,3.5吋 / 2.5吋 外接硬碟座,88,｛CyberSLIM S2-U3C 6G Plus｝【雙尺寸/2Bay】離線備份 / 支援20TB,828,,
24,USB週邊｜硬碟座｜讀卡機,3.5吋 / 2.5吋 外接硬碟座,89,｛CyberSLIM S4-U3 ｝【雙尺寸/4Bay】一對三對烤 / 離線備份,3600,,
24,USB週邊｜硬碟座｜讀卡機,3.5吋 / 2.5吋 外接硬碟座,90,｛UNITEK Y-1078｝【雙尺寸/1Bay】USB5G,699,,
24,USB週邊｜硬碟座｜讀卡機,USB3.2 Gen1 HUB,94,｛伽利略 PEC-HS080｝【4Port/USB5G】USB(4A),249,,
24,USB週邊｜硬碟座｜讀卡機,USB3.2 Gen1 HUB,95,｛伽利略 AB3-L412｝【4Port/USB5G】USB(4A) / 線長120CM,360,,
24,USB週邊｜硬碟座｜讀卡機,USB3.2 Gen1 HUB,96,｛伽利略 CA3H2RA｝【5Port/USB5G】USB(2A1C) / Micro SD / SD,459,,
24,USB週邊｜硬碟座｜讀卡機,USB3.2 Gen1 HUB,97,｛伽利略 CU3GL04A｝【3Port/USB5G】USB(3A) / RJ45 / USB-A、C,515,,
24,USB週邊｜硬碟座｜讀卡機,USB3.2 Gen1 HUB,98,｛伽利略 PEC-HC707｝【7Port/USB5G】USB(7A) / 獨立開關 / 專用變壓器 / 鋁合金,1230,,
24,USB週邊｜硬碟座｜讀卡機,USB3.2 Gen1 HUB,99,｛伽利略 H418S-BK｝【4Port/USB10G】USB(4A) / 線長80CM / 黑,620,,
24,USB週邊｜硬碟座｜讀卡機,USB3.2 Gen1 HUB,100,｛伽利略 H418S-WH｝【4Port/USB10G】USB(4A) / 線長80CM / 銀,620,,
24,USB週邊｜硬碟座｜讀卡機,USB3.2 Gen1 HUB,101,｛伽利略 H418S-BK + 專用變壓器｝【4Port/USB10G】USB(4A) / 線長80CM / 黑,850,,
24,USB週邊｜硬碟座｜讀卡機,USB3.2 Gen1 HUB,102,｛伽利略 H418S-WH + 專用變壓器｝【4Port/USB10G】USB(4A) / 線長80CM / 銀,850,,
24,USB週邊｜硬碟座｜讀卡機,USB3.2 Gen1 HUB,103,｛伽利略 H718S-BK｝【7Port/USB10G】USB(7A) / 鋁合金 / 黑 / 專用變壓器,1290,,
24,USB週邊｜硬碟座｜讀卡機,USB3.2 Gen1 HUB,104,｛CyberSLIM U3HUB4｝【4Port/USB5G】USB(4A) / 白,199,,
24,USB週邊｜硬碟座｜讀卡機,USB3.2 Gen1 HUB,106,｛伽利略 U3H390S｝【4Port/USB10G】USB(10G*1A / 480M*3A) / USB-A、C,199,,
24,USB週邊｜硬碟座｜讀卡機,USB3.2 Gen1 HUB,107,｛伽利略 CUHR2C｝【4-in-1/USB5G】四合一多功能HUB,520,,
24,USB週邊｜硬碟座｜讀卡機,USB3.2 Gen1 HUB,109,｛伽利略 CU32H2AC｝【4Port/USB10G】USB(2A2C),540,,
24,USB週邊｜硬碟座｜讀卡機,USB3.2 Gen1 HUB,110,｛伽利略 H718AC-BK｝【7Port/USB10G】USB(4A3C) / 鋁合金 / 專用變壓器,1590,,
24,USB週邊｜硬碟座｜讀卡機,USB3.2 Gen1 HUB,111,｛伽利略 U6HDP｝【6-in-1/USB10G】六合一多功能HUB,1150,,
24,USB週邊｜硬碟座｜讀卡機,USB3.2 Gen1 HUB,113,｛伽利略 U10HLR｝【10-in-1/USB10G】十合一多功能HUB,1750,,
24,USB週邊｜硬碟座｜讀卡機,USB3.2 Gen1 HUB,115,｛伽利略 CM073｝【10-in-1/USB10G】十合一多功能HUB,1790,,
24,USB週邊｜硬碟座｜讀卡機,USB3.2 Gen1 HUB,117,｛伽利略 H1010G｝【10Port/USB10G】USB(6A4C) / 鋁合金 / 專用變壓器,2100,,
24,USB週邊｜硬碟座｜讀卡機,USB3.2 Gen1 HUB,118,｛3C Pig TC-UJ｝【4Port/USB5G】USB(3A) / RJ-45,469,,
24,USB週邊｜硬碟座｜讀卡機,USB3.2 Gen1 HUB,119,｛3C Pig TC-UC｝【4Port/USB10G】USB(2A2C),499,,
24,USB週邊｜硬碟座｜讀卡機,USB3.2 Gen1 HUB,120,｛3C Pig TC-TCUH｝【3Port/USB5G】USB(1A1C) / 4K HDMI*1,565,,
24,USB週邊｜硬碟座｜讀卡機,USB3.2 Gen1 HUB,121,｛3C Pig TC-URHC｝【4Port/USB5G】USB(1A1C) / 4K HDMI*1 / RJ45*1,690,,
24,USB週邊｜硬碟座｜讀卡機,USB3.2 Gen1 HUB,122,｛3C Pig TC-COMBO｝【10-in-1/USB5G】十合一多功能HUB,990,,
24,USB週邊｜硬碟座｜讀卡機,USB3.2 Gen1 HUB,125,｛Gigastone HUB-P7｝【7Port/USB5G】USB(2A2C) / MicroSD、SD / HDMI▼下殺到 9/30 23:59,699,899,價格異動 下殺
24,USB週邊｜硬碟座｜讀卡機,USB3.2 Gen1 HUB,126,｛Gigastone HUB-P870｝【8Port/USB5G】USB(2A2C) / MicroSD / SD / HDMI / RJ-45▼下殺到 9/30 23:59,629,799,價格異動 下殺
24,USB週邊｜硬碟座｜讀卡機,USB3.2 Gen1 HUB,127,｛Ktnet T701｝【7Port/USB5G】USB(1A1C) / MicroSD、SD / HDMI / RJ-45,750,,
24,USB週邊｜硬碟座｜讀卡機,USB3.2 Gen1 HUB,128,｛UNITEK V1126A｝【2Port/USB5G】HDMI 4K60Hz / VGA MST轉接器,599,,
24,USB週邊｜硬碟座｜讀卡機,USB3.2 Gen1 HUB,129,｛UNITEK D1049A｝【4Port/USB5G】HDMI / VGA / USB(1A1C(PD)),539,,
24,USB週邊｜硬碟座｜讀卡機,USB3.2 Gen1 HUB,130,｛UNITEK V1404B｝【2Port/USB5G】雙HDMI 4K60Hz MST轉接器,1399,,
24,USB週邊｜硬碟座｜讀卡機,Docking Station,132,｛ASUS ROG Bulwark Dock DG300｝ USB(10G*3A1C) / RJ-45 / HDMI2.1 七合一基座,4290,,
24,USB週邊｜硬碟座｜讀卡機,Docking Station,133,｛伽利略 U13HLR｝【13-in-1】十三合一 多功能擴充盒,1150,,
24,USB週邊｜硬碟座｜讀卡機,Docking Station,135,｛UNITEK D1022A｝【11-in-1】十一合一 多功能擴充底座,1650,,
24,USB週邊｜硬碟座｜讀卡機,讀卡機,139,｛伽利略 RHU03｝多介面 / 雙Micro SD / USB(480M*3A / 5G*2A) / 晶片卡,590,,
24,USB週邊｜硬碟座｜讀卡機,讀卡機,141,｛伽利略 RU056｝IC晶片讀卡機 / 自然人憑證 / 報稅 / 網路ATM / 白,209,,
24,USB週邊｜硬碟座｜讀卡機,讀卡機,142,｛伽利略 G-C230｝多合一讀卡機 / IC 晶片卡 / MSXC / SDHC / SDXC / 黑,199,,
24,USB週邊｜硬碟座｜讀卡機,讀卡機,143,｛伽利略 SCR812｝多合一讀卡機 / 直立式 / IC 晶片卡 / Micro SD / 黑,290,,
24,USB週邊｜硬碟座｜讀卡機,讀卡機,144,｛力祥 EZ100PU(NK0119)｝IC晶片卡 / 自然人憑證 / 報稅 / 網路ATM,149,,
24,USB週邊｜硬碟座｜讀卡機,讀卡機,147,｛創見 TS-RDF5K 黑｝支援SD / MicroSD / 二年保,196,,
24,USB週邊｜硬碟座｜讀卡機,讀卡機,148,｛創見 TS-RDF5W 白｝支援SD / MicroSD / 二年保,196,,
24,USB週邊｜硬碟座｜讀卡機,讀卡機,149,｛伽利略 RU064｝USBA、C雙介面高速170MB/s讀卡機 / 支援SD / MicroSD,299,,
24,USB週邊｜硬碟座｜讀卡機,讀卡機,150,｛UNITEK Y-9313D｝USB-A、C 讀卡機 CF / SD / Micro SD,499,,
25,行車紀錄器｜USB視訊鏡頭,視訊鏡頭,2,｛Razer Kiyo V2 X｝ 清姬 直播網路攝影機(黑)/1440P 60FPS/自動對焦/廣角鏡頭/內建麥克風,2990,,酷幣300
25,行車紀錄器｜USB視訊鏡頭,視訊鏡頭,3,｛Razer Kiyo V2 X｝ 清姬 直播網路攝影機(白)/1440P 60FPS/自動對焦/廣角鏡頭/內建麥克風,2990,,酷幣300
25,行車紀錄器｜USB視訊鏡頭,視訊鏡頭,4,｛Razer Kiyo V2 X｝ 清姬 直播網路攝影機(粉)/1440P 60FPS/自動對焦/廣角鏡頭/內建麥克風,2990,,酷幣300
25,行車紀錄器｜USB視訊鏡頭,視訊鏡頭,5,｛Razer Kiyo V2-4K｝ 清姬 直播網路攝影機(黑)/4K 30FPS/AI自動取景/一鍵影像強化/HDR,4490,,酷幣500
25,行車紀錄器｜USB視訊鏡頭,視訊鏡頭,6,｛Razer Kiyo V2-4K｝ 清姬 直播網路攝影機(白)/4K 30FPS/AI自動取景/一鍵影像強化/HDR,4490,,酷幣500
25,行車紀錄器｜USB視訊鏡頭,視訊鏡頭,7,｛Razer Kiyo V2-4K｝ 清姬 直播網路攝影機(粉)/4K 30FPS/AI自動取景/一鍵影像強化/HDR,4490,,酷幣500
25,行車紀錄器｜USB視訊鏡頭,視訊鏡頭,8,｛圓剛 PW313D｝ 雙鏡頭網路攝影機/Ai降噪麥克風/自動對焦/附腳架/CamEngine免費軟體,3490,,
25,行車紀錄器｜USB視訊鏡頭,視訊鏡頭,9,｛圓剛 PW313｝ 高畫質網路攝影機/動態1080P 30FPS/靜態200萬畫素/旋轉式鏡頭/固定對焦,935,,
25,行車紀錄器｜USB視訊鏡頭,視訊鏡頭,10,｛圓剛 PW315｝ 高畫質定焦網路攝影機/AI人臉追蹤、美肌、AR臉部動態濾鏡/超廣角/雙麥克風,1590,,熱賣
25,行車紀錄器｜USB視訊鏡頭,視訊鏡頭,11,｛圓剛 PW513 4K｝ 高畫質網路攝影機/2160P 30Fps/800萬像素/固定對焦/94°廣角/Sony感光,3790,,熱賣
25,行車紀錄器｜USB視訊鏡頭,視訊鏡頭,12,｛圓剛 PW515 4K｝ 自動對焦AI網路攝影機/Sony感光/超廣角100°/HDR/3D影像降噪(3DNR)技術,4590,,
25,行車紀錄器｜USB視訊鏡頭,視訊鏡頭,13,｛羅技 C270｝ /動態HD720P/靜態300萬畫素/有線/單聲道麥克風/固定焦距,799,,
25,行車紀錄器｜USB視訊鏡頭,視訊鏡頭,14,｛羅技 C922 Pro Stream｝ /動態1080P 30FPS/軟體最高1500萬畫素/附腳架/自動對焦,3390,,
25,行車紀錄器｜USB視訊鏡頭,視訊鏡頭,15,｛羅技 Brio 100｝ 網路攝影機 石墨黑/1080p 30Fps/USB/200萬畫素/自動光線校正,1290,,
25,行車紀錄器｜USB視訊鏡頭,視訊鏡頭,16,｛羅技 Brio 100｝ 網路攝影機 珍珠白/1080p 30Fps/USB/200萬畫素/自動光線校正,1290,,
25,行車紀錄器｜USB視訊鏡頭,視訊鏡頭,17,｛羅技 Brio 100｝ 網路攝影機 玫瑰粉/1080p 30Fps/USB/200萬畫素/自動光線校正,1290,,
25,行車紀錄器｜USB視訊鏡頭,視訊鏡頭,18,｛羅技 Brio 300｝ 網路攝影機 石墨黑/1080p 30Fps/USB-C/200萬畫素/自動光線校正/1倍數位變焦,1990,,
25,行車紀錄器｜USB視訊鏡頭,視訊鏡頭,19,｛羅技 Brio 300｝ 網路攝影機 珍珠白/1080p 30Fps/USB-C/200萬畫素/自動光線校正/1倍數位變焦,1990,,
25,行車紀錄器｜USB視訊鏡頭,視訊鏡頭,20,｛羅技 Brio 300｝ 網路攝影機 玫瑰粉/1080p 30Fps/USB-C/200萬畫素/自動光線校正/1倍數位變焦,1990,,
25,行車紀錄器｜USB視訊鏡頭,視訊鏡頭,21,｛羅技 Brio 500｝ 網路攝影機 石墨黑/1080p 30Fps/USB-C/400萬畫素/自動對焦/4倍數位變焦,3590,,
25,行車紀錄器｜USB視訊鏡頭,視訊鏡頭,22,｛羅技 Brio 500｝ 網路攝影機 珍珠白/1080p 30Fps/USB-C/400萬畫素/自動對焦/4倍數位變焦,3590,,
25,行車紀錄器｜USB視訊鏡頭,視訊鏡頭,23,｛羅技 Brio 500｝ 網路攝影機 玫瑰粉/1080p 30Fps/USB-C/400萬畫素/自動對焦/4倍數位變焦,3590,,
25,行車紀錄器｜USB視訊鏡頭,視訊鏡頭,24,｛羅技 MX Brio Ultra HD｝ 網路攝影機 石墨黑/1920x1080 60Fps/500萬畫素/自動光線校正,6990,,
25,行車紀錄器｜USB視訊鏡頭,視訊鏡頭,25,｛羅技 MX Brio Ultra HD｝ 網路攝影機 珍珠白/1920x1080 60Fps/500萬畫素/自動光線校正,6990,,
25,行車紀錄器｜USB視訊鏡頭,【機車用可攜式-行車記錄器】,27,｛Mio MP20｝ 勁系列 前後雙鏡頭機車行車記錄器/1080P/30fps/IP67防水防塵/支援Ota更新,1999,,熱賣 酷幣200
25,行車紀錄器｜USB視訊鏡頭,【機車用可攜式-行車記錄器】,28,｛Mio MP30｝ 勁系列 2K前後雙鏡頭機車行車記錄器/1440P/IP67防水防塵/支援Ota更新,3488,,熱賣 酷幣500
26,UPS不斷電｜印表機｜掃描,CyberPower 碩天科技 不斷電系統UPS【監控軟體須至官網下載】原廠2年保固(含電池),4,｛CyberPower Ut650g｝/650Va/375w/在線互動式/自動穩壓/(4突波+4備援)插座,1190,,
26,UPS不斷電｜印表機｜掃描,CyberPower 碩天科技 不斷電系統UPS【監控軟體須至官網下載】原廠2年保固(含電池),5,｛CyberPower Cp650HGa｝/650VA/375W/離線式/USB監控/2年保,1690,,
26,UPS不斷電｜印表機｜掃描,CyberPower 碩天科技 不斷電系統UPS【監控軟體須至官網下載】原廠2年保固(含電池),6,｛CyberPower Cp1000avrlcda｝/1000VA/600W/模擬正弦波/在線互動/LED顯/USB監控,3290,,熱賣
26,UPS不斷電｜印表機｜掃描,CyberPower 碩天科技 不斷電系統UPS【監控軟體須至官網下載】原廠2年保固(含電池),7,｛CyberPower Cp1000pfclcda｝/1000VA/600W/正弦波/在線互動/自動穩壓/突波保護,4690,,熱賣
26,UPS不斷電｜印表機｜掃描,CyberPower 碩天科技 不斷電系統UPS【監控軟體須至官網下載】原廠2年保固(含電池),8,｛CyberPower Cp1500pfclcda｝/1500VA/1000W/正弦波/在線互動/自動穩壓/突波保護,6290,,熱賣
26,UPS不斷電｜印表機｜掃描,CyberPower 碩天科技 不斷電系統UPS【監控軟體須至官網下載】原廠2年保固(含電池),10,｛CyberPower GX150C2M｝/1500VA/1000W/純正弦波/在線互動/自動穩壓/主動式PFC相容式/Rgb,7390,,熱賣
26,UPS不斷電｜印表機｜掃描,Eaton 伊頓飛瑞 不斷電系統UPS,14,｛Eaton 5E600LV｝ 600VA/360W 在線互動式/模擬正弦波/內建電壓調節器/直立式/1年保固,1490,,
26,UPS不斷電｜印表機｜掃描,Eaton 伊頓飛瑞 不斷電系統UPS,15,｛Eaton 5E1000LV｝ 1000VA/600W 在線互動式/模擬正弦波/內建電壓調節器/直立式/1年保固,2590,,熱賣
26,UPS不斷電｜印表機｜掃描,Eaton 伊頓飛瑞 不斷電系統UPS,16,｛Eaton 5E1650LV｝ 1650VA/1000W 在線互動式/模擬正弦波/直立式/1年保固,5490,,熱賣
26,UPS不斷電｜印表機｜掃描,Eaton 伊頓飛瑞 不斷電系統UPS,18,｛Eaton A-500｝(白色) 500VA/300W/離線式/市電突波保護功能/1年保固,1190,,
26,UPS不斷電｜印表機｜掃描,Eaton 伊頓飛瑞 不斷電系統UPS,19,｛Eaton A-500｝(黑色) 500VA/300W/離線式/市電突波保護功能/1年保固,1190,,
26,UPS不斷電｜印表機｜掃描,Eaton 伊頓飛瑞 不斷電系統UPS,20,｛Eaton A-1000｝(白色) 1000VA/600W/離線式/突波、雷擊防護/1年保固,2190,,
26,UPS不斷電｜印表機｜掃描,Eaton 伊頓飛瑞 不斷電系統UPS,21,｛Eaton A-1000｝(黑色) 1000VA/600W/離線式/突波、雷擊防護/1年保固,2190,,
26,UPS不斷電｜印表機｜掃描,Eaton 伊頓飛瑞 不斷電系統UPS,22,｛Eaton 5SC1000｝ 1000VA/700W/在線互動式/純正弦波輸出/直立式/3年零件保固/2年電池保固,6450,,熱賣
26,UPS不斷電｜印表機｜掃描,Eaton 伊頓飛瑞 不斷電系統UPS,24,｛Eaton 5SC1500｝ 1440VA/1080W/在線互動式/純正弦波輸出/直立式/3年零件保固/2年電池保固,8990,,熱賣
26,UPS不斷電｜印表機｜掃描,科風 不斷電系統UPS (一年保固),28,｛科風 WAR-500A｝在線互動式/500VA/250W/模擬正弦波/直立式/AVR自動穩壓功能,1190,,
26,UPS不斷電｜印表機｜掃描,科風 不斷電系統UPS (一年保固),29,｛科風 WAR-1000AP｝在線互動式/1000VA/500W/模擬正弦波/直立式/AVR自動穩壓功能,2190,,
26,UPS不斷電｜印表機｜掃描,科風 不斷電系統UPS (一年保固),30,｛科風 BNT-500A｝ 在線互動式/500VA/300W/模擬正弦波/直立式/ABM智慧電池管理,1590,,
26,UPS不斷電｜印表機｜掃描,科風 不斷電系統UPS (一年保固),31,｛科風 BNT-1000AP｝在線互動式/1000VA/600W/模擬正弦波/直立式/ABM智慧電池管理,3190,,
26,UPS不斷電｜印表機｜掃描,科風 不斷電系統UPS (一年保固),32,｛科風 BNT-1500AP｝在線互動式/1500VA/900W/模擬正弦波/直立式/ABM智慧電池管理,3990,,
26,UPS不斷電｜印表機｜掃描,科風 不斷電系統UPS (一年保固),33,｛科風 BNT-2000AP｝ 在線互動式/2000VA/1200W/模擬正弦波/直立式/ABM智慧電池管理,4590,,
26,UPS不斷電｜印表機｜掃描,Apc 施耐德電機 不斷電系統UPS【全美最大UPS】原廠2年保固(含電池),37,｛Apc Bv500-TW｝/500VA/300W/(備援+突波*6)插座/在線互動式,1349,,
26,UPS不斷電｜印表機｜掃描,Apc 施耐德電機 不斷電系統UPS【全美最大UPS】原廠2年保固(含電池),39,｛Apc Bv650-TW｝/650VA/375W/(備援+突波*6)插座/在線互動式,1549,,
26,UPS不斷電｜印表機｜掃描,Apc 施耐德電機 不斷電系統UPS【全美最大UPS】原廠2年保固(含電池),41,｛Apc Bv800-TW｝/800VA/450W/(備援+突波*6)插座/在線互動式,1999,,
26,UPS不斷電｜印表機｜掃描,Apc 施耐德電機 不斷電系統UPS【全美最大UPS】原廠2年保固(含電池),43,｛Apc Bv1000-TW｝/1000VA/600W/(備援+突波*6)插座/在線互動式,2389,,
26,UPS不斷電｜印表機｜掃描,連供噴墨 / 點陣式印表機,46,｛EPSON LQ-310｝80行 / 雙介面 / 點陣式印表機,7600,,
26,UPS不斷電｜印表機｜掃描,連供噴墨 / 點陣式印表機,47,｛EPSON L121｝超值入門輕巧款 單功能(列印)連續供墨,3290,,
26,UPS不斷電｜印表機｜掃描,連供噴墨 / 點陣式印表機,49,｛EPSON L3210｝高速三合一(列印 / 影印 / 掃描)連續供墨複合機,4990,,
26,UPS不斷電｜印表機｜掃描,連供噴墨 / 點陣式印表機,51,｛EPSON L3550｝高速三合一 Wi-Fi(列印 / 影印 / 掃描)連續供墨複合機,5590,,
26,UPS不斷電｜印表機｜掃描,連供噴墨 / 點陣式印表機,53,｛EPSON L5590｝高速雙網傳真(WiFi＆有線網路/列印/影印/掃描/傳真)連續供墨印表機,6990,,
26,UPS不斷電｜印表機｜掃描,連供噴墨 / 點陣式印表機,56,｛EPSON L6290｝雙網四合一 Wi-Fi(列印/影印/掃描/傳真)雙面列印 / 連續供墨複合機,9540,,
27,介面擴充卡｜專業Raid卡,M.2 SSD PCI-E 擴充卡,2,｛伽利略 M2PE42｝【PCI-E 1X】NVMe / 1埠,310,,
27,介面擴充卡｜專業Raid卡,M.2 SSD PCI-E 擴充卡,3,｛伽利略 M2PE41｝【PCI-E 4X】NVMe / 1埠,340,,
27,介面擴充卡｜專業Raid卡,M.2 SSD PCI-E 擴充卡,4,｛伽利略 M2PE51｝【PCI-E 5.0 X1】NVMe / 1埠,450,,
27,介面擴充卡｜專業Raid卡,M.2 SSD PCI-E 擴充卡,5,｛伽利略 M2PE54｝【PCI-E 5.0 X4】NVMe / 1埠,480,,
27,介面擴充卡｜專業Raid卡,M.2 SSD PCI-E 擴充卡,6,｛華碩 HYPER M.2 X16 GEN 4 CARD｝NVMe / 4埠,2490,,
27,介面擴充卡｜專業Raid卡,M.2 SSD PCI-E 擴充卡,8,｛華碩 HYPER M.2 X16 GEN 5 CARD｝NVMe / 4埠,2990,,
27,介面擴充卡｜專業Raid卡,M.2 SSD PCI-E 擴充卡,9,｛銀欣 ECM21-E｝【PCI-E 4X】NVMe / 1埠,567,,
27,介面擴充卡｜專業Raid卡,Thunderbolt 擴充卡,12,｛華碩 ThunderboltEX 4｝【PCI-E 4X】40 Gbps雙向頻寬 / TB4 *2 / Mini DP1.4 *2,3490,,
27,介面擴充卡｜專業Raid卡,Thunderbolt 擴充卡,13,｛華碩 ThunderboltEX 5｝【PCI-E 4X】120 Gbps / TB5 *2 / Mini DP2.1 *3,3990,,
27,介面擴充卡｜專業Raid卡,USB40G 擴充卡,15,｛華碩 USB4 PCIe Gen4 Card｝【PCI-E 4X】USB(40G*2C) / DisplayPort 1.4*2,2990,,
27,介面擴充卡｜專業Raid卡,USB20G 擴充卡,17,｛銀欣 ECU06｝【PCI-E 4X】1埠USB20G(1C) / ASM 3242晶片 / 內附短擋片,1782,,
27,介面擴充卡｜專業Raid卡,USB10G 擴充卡,19,｛銀欣 ECU02-E｝【PCI-E 4X】主板20Pin USB-C(10G) / ASM 3142 / 內附短擋片,1080,,
27,介面擴充卡｜專業Raid卡,USB5G 擴充卡,21,｛伽利略 PEN219｝【PCI-E 1X】USB(5G*2A) / 主板19Pin USB5G*1 / Renesas晶片,590,,
27,介面擴充卡｜專業Raid卡,USB5G 擴充卡,22,｛伽利略 PTU314C｝【PCI-E】USB(5G*4A1C) / 主板19Pin USB5G*1,749,,
27,介面擴充卡｜專業Raid卡,USB5G 擴充卡,23,｛伽利略 PE3117｝【PCI-E 1X】USB(5G*7A ),850,,
27,介面擴充卡｜專業Raid卡,SATA 擴充卡,25,｛伽利略 PES320A｝【PCI-E 1X】2埠,600,,
27,介面擴充卡｜專業Raid卡,SATA 擴充卡,26,｛伽利略 PES340A｝【PCI-E 4X】4埠,1090,,
27,介面擴充卡｜專業Raid卡,RS-232 / Parallel (印表機埠) 擴充卡,28,｛伽利略 PEP01A｝【PCI-E X1】Parallel 1埠,590,,
27,介面擴充卡｜專業Raid卡,RS-232 / Parallel (印表機埠) 擴充卡,29,｛伽利略 PETR02A｝【PCI-E 1X】RS-232 2埠,590,,
28,網路、傳輸線、轉頭｜KVM,RJ-45 網路線材,2,CAT.5E 1米 支援10/100 Mbps快速傳輸 / 穩定性高 / 30天保固,15,,
28,網路、傳輸線、轉頭｜KVM,RJ-45 網路線材,3,CAT.5E 3米 支援10/100 Mbps快速傳輸 / 穩定性高 / 30天保固,30,,
28,網路、傳輸線、轉頭｜KVM,RJ-45 網路線材,4,CAT.5E 5米 支援10/100 Mbps快速傳輸 / 穩定性高 / 30天保固,50,,
28,網路、傳輸線、轉頭｜KVM,RJ-45 網路線材,5,CAT.5E 10米 支援10/100 Mbps快速傳輸 / 穩定性高 / 30天保固,100,,
28,網路、傳輸線、轉頭｜KVM,RJ-45 網路線材,6,CAT.5E 20米 支援10/100 Mbps快速傳輸 / 穩定性高 / 30天保固,180,,
28,網路、傳輸線、轉頭｜KVM,RJ-45 網路線材,7,CAT.5E 30米 支援10/100 Mbps快速傳輸 / 穩定性高 / 30天保固,240,,
28,網路、傳輸線、轉頭｜KVM,RJ-45 網路線材,8,CAT.5E 100米(箱) 支援10/100Mbps快速傳輸 / 穩定性高 / 不含接頭 / 30天保固,799,,
28,網路、傳輸線、轉頭｜KVM,RJ-45 網路線材,9,CAT.5E 305米(箱) 支援10/100 Mbps快速傳輸 / 穩定性高 / 不含接頭 / 30天保固,2190,,
28,網路、傳輸線、轉頭｜KVM,RJ-45 網路線材,10,CAT.6 2米 支援10/100/1000 Mbps(Gigabit)超高速傳輸 / 抗干擾 / 30天保,70,,
28,網路、傳輸線、轉頭｜KVM,RJ-45 網路線材,11,CAT.6 3米 支援10/100/1000 Mbps(Gigabit)超高速傳輸 / 抗干擾 / 30天保,100,,
28,網路、傳輸線、轉頭｜KVM,RJ-45 網路線材,12,CAT.6 5米 支援10/100/1000 Mbps(Gigabit)超高速傳輸 / 抗干擾 / 30天保,110,,
28,網路、傳輸線、轉頭｜KVM,RJ-45 網路線材,13,CAT.6 10米 支援10/100/1000 Mbps(Gigabit)超高速傳輸 / 抗干擾 / 30天保,190,,
28,網路、傳輸線、轉頭｜KVM,RJ-45 網路線材,14,CAT.6 15米 支援10/100/1000 Mbps(Gigabit)超高速傳輸 / 抗干擾 / 30天保,250,,
28,網路、傳輸線、轉頭｜KVM,RJ-45 網路線材,15,CAT.6 20米 支援10/100/1000 Mbps(Gigabit)超高速傳輸 / 抗干擾 / 30天保,350,,
28,網路、傳輸線、轉頭｜KVM,RJ-45 網路線材,16,CAT.6 30米 支援10/100/1000 Mbps(Gigabit)超高速傳輸 / 抗干擾 / 30天保,450,,
28,網路、傳輸線、轉頭｜KVM,RJ-45 網路線材,17,3C Pig CAT.6 100米(箱) 支援到1Gbps UTP / 白 / 不含接頭 / 30天保,1590,,
28,網路、傳輸線、轉頭｜KVM,RJ-45 網路線材,18,3C Pig CAT.6 300米(箱) 支援到1Gbps UTP / 白 / 不含接頭 / 30天保,2790,,
28,網路、傳輸線、轉頭｜KVM,RJ-45 網路線材,20,｛LINDY 林帝 47590｝CAT.6A 0.3米 支援到1Gbps U/FTP純銅鍍金接點 / 極細線 / 灰,99,,
28,網路、傳輸線、轉頭｜KVM,RJ-45 網路線材,21,｛LINDY 林帝 47591｝CAT.6A 0.5米 支援到1Gbps U/FTP純銅鍍金接點 / 極細線 / 灰,119,,
28,網路、傳輸線、轉頭｜KVM,RJ-45 網路線材,22,｛LINDY 林帝 47592｝CAT.6A 1米 支援到1Gbps U/FTP純銅鍍金接點 / 極細線 / 灰,139,,
28,網路、傳輸線、轉頭｜KVM,RJ-45 網路線材,23,｛LINDY 林帝 47594｝CAT.6A 2米 支援到1Gbps U/FTP純銅鍍金接點 / 極細線 / 灰,179,,
28,網路、傳輸線、轉頭｜KVM,RJ-45 網路線材,24,｛LINDY 林帝 47175｝CAT.6A 0.3米 支援到1Gbps S/FTP純銅鍍金接點 / 黑,119,,
28,網路、傳輸線、轉頭｜KVM,RJ-45 網路線材,25,｛LINDY 林帝 47176｝CAT.6A 0.5米 支援到1Gbps S/FTP純銅鍍金接點 / 黑,139,,
28,網路、傳輸線、轉頭｜KVM,RJ-45 網路線材,26,｛LINDY 林帝 47177｝CAT.6A 1米 支援到1Gbps S/FTP純銅鍍金接點 / 黑,169,,
28,網路、傳輸線、轉頭｜KVM,RJ-45 網路線材,27,｛LINDY 林帝 47179｝CAT.6A 2米 支援到1Gbps S/FTP純銅鍍金接點 / 黑,209,,
28,網路、傳輸線、轉頭｜KVM,RJ-45 網路線材,28,｛LINDY 林帝 47180｝CAT.6A 3米 支援到1Gbps S/FTP純銅鍍金接點 / 黑,269,,
28,網路、傳輸線、轉頭｜KVM,RJ-45 網路線材,29,｛LINDY 林帝 47440｝CAT8.1 0.3米 支援到40Gbps S/FTP純銅鍍金接點 / 灰,129,,
28,網路、傳輸線、轉頭｜KVM,RJ-45 網路線材,30,｛LINDY 林帝 47442｝CAT8.1 1米 支援到40Gbps S/FTP純銅鍍金接點 / 灰,179,,
28,網路、傳輸線、轉頭｜KVM,RJ-45 網路線材,31,｛LINDY 林帝 47445｝CAT8.1 3米 支援到40Gbps S/FTP純銅鍍金接點 / 灰,279,,
28,網路、傳輸線、轉頭｜KVM,RJ-45 網路線材,33,｛UNITEK C1811GBK｝CAT6 3米 支援10/100/1000 Mbps(1 Gb) UTP / 扁線 / 黑,129,,
28,網路、傳輸線、轉頭｜KVM,RJ-45 網路線材,34,｛UNITEK C1812GBK｝CAT6 5米 支援10/100/1000 Mbps(1 Gb) UTP / 扁線 / 黑,209,,
28,網路、傳輸線、轉頭｜KVM,RJ-45 網路線材,35,｛UNITEK C1813GBK｝CAT6 10米 支援10/100/1000 Mbps(1 Gb) UTP / 扁線 / 黑,239,,
28,網路、傳輸線、轉頭｜KVM,RJ-45 網路線材,36,｛UNITEK C1814GBK｝CAT6 15米 支援10/100/1000 Mbps(1 Gb) UTP / 扁線 / 黑,319,,
28,網路、傳輸線、轉頭｜KVM,RJ-45 網路線材,37,｛UNITEK C1815GBK｝CAT6 20米 支援10/100/1000 Mbps(1 Gb) UTP / 扁線 / 黑,399,,
28,網路、傳輸線、轉頭｜KVM,RJ-45 網路線材,38,｛UNITEK C1811EBK｝CAT7 3米 支援10/100/1000/10000 Mbps(10 Gbps) SSTP / 黑,299,,
28,網路、傳輸線、轉頭｜KVM,RJ-45 網路線材,39,｛UNITEK C1812EBK｝CAT7 5米 支援10/100/1000/10000 Mbps(10 Gbps) SSTP / 黑,339,,
28,網路、傳輸線、轉頭｜KVM,RJ-45 網路線材,40,｛UNITEK C1813EBK｝CAT7 10米 支援10/100/1000/10000 Mbps(10 Gbps) SSTP / 黑,499,,
28,網路、傳輸線、轉頭｜KVM,RJ-45 網路線材,42,群加 CAT7 1.5米 支援10/100/1000/10000 Mbps(10 Gbps) FTP純銅鍍金頭 / 耐彎折設計,259,,
28,網路、傳輸線、轉頭｜KVM,RJ-45 網路線材,43,群加 CAT7 2米 支援10/100/1000/10000 Mbps(10 Gbps) FTP純銅鍍金頭 / 耐彎折設計,299,,
28,網路、傳輸線、轉頭｜KVM,RJ-45 網路線材,44,群加 CAT7 3米 支援10/100/1000/10000 Mbps(10 Gbps) FTP純銅鍍金頭 / 耐彎折設計,399,,
28,網路、傳輸線、轉頭｜KVM,RJ-45 網路線材,46,華碩 ROG CAT7 1.5米 支援10/100/1000/10000 Mbps(10 Gbps) 純銅鍍金頭/編織線,588,,
28,網路、傳輸線、轉頭｜KVM,硬碟排線,48,SATA 硬碟排線 ( 黑 ),50,,
28,網路、傳輸線、轉頭｜KVM,Type-C 轉接/線材,50,｛ASUS ROG LCR50｝240W USB-C to C 充電線 / 編織線 / 1.5米,688,,
28,網路、傳輸線、轉頭｜KVM,Type-C 轉接/線材,51,｛伽利略 C460HD｝Type-C(公) to HDMI(母) 轉接線,260,,
28,網路、傳輸線、轉頭｜KVM,Type-C 轉接/線材,52,｛3C Pig TCUSB Plus｝Type-C(母) to Type-A(公) 轉接頭 10Gbps / 120W / 鋅合金,199,,
28,網路、傳輸線、轉頭｜KVM,Type-C 轉接/線材,53,｛3C Pig PD-401｝Type-C + A to Type-C + Lightning 四合一彈簧線 / 2M,199,,
28,網路、傳輸線、轉頭｜KVM,Type-C 轉接/線材,54,｛3C Pig CA-001｝Type-A to C 磁吸式 / 60W充電線 / 黑 / 1M,249,,
28,網路、傳輸線、轉頭｜KVM,Type-C 轉接/線材,55,｛3C Pig CC-001｝Type-C to C 磁吸式 / 100W充電線 / 黑 / 1M,249,,
28,網路、傳輸線、轉頭｜KVM,Type-C 轉接/線材,56,｛3C Pig TC-C+｝Type-C 公-公 USB10G 傳輸線 / 最高支援5A100W / 1M,299,,
28,網路、傳輸線、轉頭｜KVM,Type-C 轉接/線材,57,｛3C Pig TC-C+200｝Type-C 公-公 USB20G 傳輸線 / 最高支援5A100W / 2M,350,,
28,網路、傳輸線、轉頭｜KVM,Type-C 轉接/線材,58,｛3C Pig TC-R1000｝Type-C 轉接器 USB-C to RJ-45 1Gb LAN / 支援Mac,399,,
28,網路、傳輸線、轉頭｜KVM,Type-C 轉接/線材,59,｛3C Pig TC-R2500｝Type-C 轉接器 USB-C to RJ-45 2.5Gb LAN / 支援Mac,699,,
28,網路、傳輸線、轉頭｜KVM,Type-C 轉接/線材,60,｛3C Pig TC-DP200｝Type-C to Display Port 1.4 轉接線 / 8K60Hz / 2M,699,,
28,網路、傳輸線、轉頭｜KVM,Type-C 轉接/線材,61,｛3C Pig TC-DP300｝Type-C to Display Port 1.4 轉接線 / 8K60Hz / 3M,799,,
28,網路、傳輸線、轉頭｜KVM,Type-C 轉接/線材,62,｛3C Pig TC-H200｝Type-C to HDMI 轉接線 / 4K60Hz / 2M,799,,
28,網路、傳輸線、轉頭｜KVM,Type-C 轉接/線材,63,｛3C Pig TC-H300｝Type-C to HDMI 轉接線 / 4K60Hz / 3M,899,,
28,網路、傳輸線、轉頭｜KVM,Type-C 轉接/線材,65,｛Gigastone GC-6800B｝Type-A to C USB5G / 鋁合金 / 黑 / 1.2M,149,,
28,網路、傳輸線、轉頭｜KVM,Type-C 轉接/線材,66,｛Gigastone CC-7600W｝Type-C to C 60W充電線 / 白 / 1.5M,199,,
28,網路、傳輸線、轉頭｜KVM,Type-C 轉接/線材,67,｛Gigastone CC-7800B｝Type-C to C USB10G / 100W充電傳輸線 / 黑 / 1.5M,399,,
28,網路、傳輸線、轉頭｜KVM,Type-C 轉接/線材,68,｛Gigastone CC-8800B｝Type-C to C 磁吸式 / 240W充電線 / 黑 / 1M,499,,
28,網路、傳輸線、轉頭｜KVM,Type-C 轉接/線材,69,【買一送一】｛Gigastone CC-8800B｝Type-C to C 磁吸式 / 240W充電線 / 黑 / 1M 兩條,998,,
28,網路、傳輸線、轉頭｜KVM,Type-C 轉接/線材,70,｛Gigastone CC-8800W｝Type-C to C 磁吸式 / 240W充電線 / 白 / 1M,499,,
28,網路、傳輸線、轉頭｜KVM,Type-C 轉接/線材,71,【買一送一】｛Gigastone CC-8800W｝Type-C to C 磁吸式 / 240W充電線 / 白 / 1M 兩條,998,,
28,網路、傳輸線、轉頭｜KVM,Type-C 轉接/線材,72,｛Gigastone HC-2100B｝Type-C to HDMI2.0 轉接線 / 4K60Hz / 1M,399,,
28,網路、傳輸線、轉頭｜KVM,Type-C 轉接/線材,73,【兩件優惠】｛Gigastone HC-2100B｝Type-C to HDMI2.0 轉接線 / 4K60Hz / 1M【兩條】▼下殺到 9/30 23:59,749,798,價格異動 下殺
28,網路、傳輸線、轉頭｜KVM,Type-C 轉接/線材,74,｛Gigastone HC-2300B｝Type-C to HDMI2.0 轉接線 / 4K60Hz / 2M,499,,
28,網路、傳輸線、轉頭｜KVM,Type-C 轉接/線材,75,【兩件優惠】｛Gigastone HC-2300B｝Type-C to HDMI2.0 轉接線 / 4K60Hz / 2M【兩條】▼下殺到 9/30 23:59,899,998,價格異動 下殺
28,網路、傳輸線、轉頭｜KVM,Type-C 轉接/線材,76,｛LINDY 林帝 36666｝Type-C to Type-B USB5G 傳輸線 / 1M【訂】,249,,訂購
28,網路、傳輸線、轉頭｜KVM,Type-C 轉接/線材,77,｛LINDY 林帝 36667｝Type-C to Type-B USB5G 傳輸線 / 2M【訂】,299,,訂購
28,網路、傳輸線、轉頭｜KVM,Type-C 轉接/線材,78,｛LINDY 林帝 36620｝Type-C to Micro-B USB5G 傳輸線 / 0.5M (可接外接硬碟),279,,
28,網路、傳輸線、轉頭｜KVM,Type-C 轉接/線材,79,｛LINDY 林帝 36621｝Type-C to Micro-B USB5G 傳輸線 / 1M (可接外接硬碟)【訂】,329,,訂購
28,網路、傳輸線、轉頭｜KVM,Type-C 轉接/線材,80,｛LINDY 林帝 36622｝Type-C to Micro-B USB5G 傳輸線 / 2M (可接外接硬碟)【訂】,379,,訂購
28,網路、傳輸線、轉頭｜KVM,Type-C 轉接/線材,81,｛LINDY 林帝 36623｝Type-C to Micro-B USB5G 傳輸線 / 3M (可接外接硬碟),429,,
28,網路、傳輸線、轉頭｜KVM,Type-C 轉接/線材,82,｛LINDY 林帝 41904｝Type-C(母) to Type-A(公) USB10G 轉接頭,199,,
28,網路、傳輸線、轉頭｜KVM,Type-C 轉接/線材,83,｛LINDY 林帝 41899_A｝Type-C(公) to Type-A(母) USB10G OTG轉接頭,199,,
28,網路、傳輸線、轉頭｜KVM,Type-C 轉接/線材,84,｛LINDY 林帝 36895｝Type-C(公) to Type-A(母) USB5G OTG傳輸線 / 0.15M,249,,
28,網路、傳輸線、轉頭｜KVM,Type-C 轉接/線材,85,｛LINDY 林帝 36915｝Type-C to A 公-公 USB10G 傳輸線 最大60W / 0.5M,179,,
28,網路、傳輸線、轉頭｜KVM,Type-C 轉接/線材,86,｛LINDY 林帝 36916｝Type-C to A 公-公 USB10G 傳輸線 最大60W / 1M,199,,
28,網路、傳輸線、轉頭｜KVM,Type-C 轉接/線材,87,｛LINDY 林帝 32019｝Type-C to C 公-公 L型 10Gbps 傳輸線 最大60W / DP Alt Mode / 1.5M,419,,
28,網路、傳輸線、轉頭｜KVM,Type-C 轉接/線材,88,｛LINDY 林帝 36906｝Type-C to C 公-公 20Gbps 傳輸線 最大60W / DP Alt Mode / 1M,349,,
28,網路、傳輸線、轉頭｜KVM,Type-C 轉接/線材,89,｛LINDY 林帝 36903｝Type-C to C 公-公 20Gbps 傳輸線 最大100W / DP Alt Mode / 2M,549,,
28,網路、傳輸線、轉頭｜KVM,Type-C 轉接/線材,90,｛LINDY 林帝 43245｝Type-C to DP 主動式轉接器 / 支援Thunderbolt 3 / 4K144Hz【訂】,749,,訂購
28,網路、傳輸線、轉頭｜KVM,Type-C 轉接/線材,91,｛LINDY 林帝 37000｝BLACK Type-C to C 公-公 40Gbps / PD240W / 0.5M,699,,
28,網路、傳輸線、轉頭｜KVM,Type-C 轉接/線材,92,｛LINDY 林帝 37001｝BLACK Type-C to C 公-公 40Gbps / PD240W / 1M,749,,
28,網路、傳輸線、轉頭｜KVM,Type-C 轉接/線材,93,｛LINDY 林帝 37002｝BLACK Type-C to C 公-公 40Gbps / PD240W / 2M,799,,
28,網路、傳輸線、轉頭｜KVM,Type-C 轉接/線材,94,｛LINDY 林帝 36947｝ANTHRA Type-C to C 公-公 40Gbps / 智能電流晶片100W / 0.8M,799,,
28,網路、傳輸線、轉頭｜KVM,Type-C 轉接/線材,95,｛LINDY 林帝 43242｝Type-C to VGA 轉接頭,699,,
28,網路、傳輸線、轉頭｜KVM,Type-C 轉接/線材,96,｛LINDY 林帝 43302｝Type-C to DP 主動式轉接線 / 支援TB / 4K144Hz / 2M【訂】,849,,訂購
28,網路、傳輸線、轉頭｜KVM,Type-C 轉接/線材,97,｛LINDY 林帝 43292｝Type-C to HDMI 2.0 主動式轉接線 / 支援TB / 4K60Hz / 2M【訂】,1180,,訂購
28,網路、傳輸線、轉頭｜KVM,Type-C 轉接/線材,98,Wavesplitter 威世波 Type-C to HDMI HDR主動式轉接器 / 支援8K60Hz,899,,
28,網路、傳輸線、轉頭｜KVM,Type-C 轉接/線材,99,｛UNITEK A1034NI｝Type-C(母) to Type-A(公) USB5G 轉接頭,159,,
28,網路、傳輸線、轉頭｜KVM,Type-C 轉接/線材,100,｛UNITEK A1025GNI｝Type-A(母) to Type-C(公) USB5G OTG轉接頭,159,,
28,網路、傳輸線、轉頭｜KVM,Type-C 轉接/線材,101,｛UNITEK Y-C476BK｝Type-A(母) to Type-C(公) USB5G OTG傳輸線 / 0.2米,159,,
28,網路、傳輸線、轉頭｜KVM,Type-C 轉接/線材,102,｛UNITEK Y-C474BK｝Type-A to C USB5G / 充電傳輸線 / 1米,169,,
28,網路、傳輸線、轉頭｜KVM,Type-C 轉接/線材,103,｛UNITEK C14103BK-2M｝Type-A to C USB5G / 充電傳輸線 / 2米,239,,
28,網路、傳輸線、轉頭｜KVM,Type-C 轉接/線材,104,｛UNITEK C14103BK-3M｝Type-A to C USB5G / 充電傳輸線 / 3米,299,,
28,網路、傳輸線、轉頭｜KVM,Type-C 轉接/線材,105,｛UNITEK Y-C477BK｝Type-C to C USB5G / 充電傳輸線 / 1米,199,,
28,網路、傳輸線、轉頭｜KVM,Type-C 轉接/線材,106,｛UNITEK V1409A｝Type-C to DP 1.2 轉接線 / 4K60Hz / 2米,596,,
28,網路、傳輸線、轉頭｜KVM,Type-C 轉接/線材,107,｛NITEK V1423A｝Type-C to HDMI 2.0 轉接線 / 4K60Hz / 1.8米,769,,
28,網路、傳輸線、轉頭｜KVM,Type-C 轉接/線材,108,｛UNITEK V1423B｝Type-C to HDMI 2.1 轉接線 / 8K60Hz / 1.8米,1299,,
28,網路、傳輸線、轉頭｜KVM,Thunderbolt 線材,110,｛LINDY 林帝 31120｝被動式TB4 傳輸線 / 40Gbps / 100W / Intel 原廠認證 / 1米【訂】,1380,,訂購
28,網路、傳輸線、轉頭｜KVM,HDMI 轉接/線材,112,｛伽利略 HDTVGA1｝HDMI(公) to VGA(母) 轉接線 / 不含3.5音源孔,100,,
28,網路、傳輸線、轉頭｜KVM,HDMI 轉接/線材,113,｛伽利略 HDTVGA｝HDMI (公) to VGA(母) 轉接線 / 含3.5音源孔,210,,
28,網路、傳輸線、轉頭｜KVM,HDMI 轉接/線材,114,｛伽利略 CABLE401P｝HDMI 公-公 / 鍍金頭 / 認證 / 支援4K60Hz / 1米,99,,
28,網路、傳輸線、轉頭｜KVM,HDMI 轉接/線材,115,｛伽利略 CABLE402P｝HDMI 公-公 / 鍍金頭 / 認證 / 支援4K60Hz / 2米,128,,
28,網路、傳輸線、轉頭｜KVM,HDMI 轉接/線材,116,｛伽利略 CABLE403P｝HDMI 公-公 / 鍍金頭 / 認證 / 支援4K60Hz / 3米,200,,
28,網路、傳輸線、轉頭｜KVM,HDMI 轉接/線材,117,｛伽利略 CABLE405P｝HDMI 公-公 / 鍍金頭 / 認證 / 支援4K60Hz / 5米,300,,
28,網路、傳輸線、轉頭｜KVM,HDMI 轉接/線材,118,｛伽利略 CABLE410P｝HDMI 公-公 / 鍍金頭 / 認證 / 支援4K60Hz / 10米,480,,
28,網路、傳輸線、轉頭｜KVM,HDMI 轉接/線材,119,｛伽利略 CABLE801P｝HDMI 公-公 / 鍍金頭 / 認證 / 支援8K60Hz / 1米,179,,
28,網路、傳輸線、轉頭｜KVM,HDMI 轉接/線材,120,｛伽利略 CABLE802P｝HDMI 公-公 / 鍍金頭 / 認證 / 支援8K60Hz / 2米,209,,
28,網路、傳輸線、轉頭｜KVM,HDMI 轉接/線材,121,｛伽利略 CABLE803P｝HDMI 公-公 / 鍍金頭 / 認證 / 支援8K60Hz / 3米,269,,
28,網路、傳輸線、轉頭｜KVM,HDMI 轉接/線材,122,｛伽利略 CABLE801｝HDMI 公-公 / 鍍金頭 / 認證 / 支援8K60Hz / 1米,289,,
28,網路、傳輸線、轉頭｜KVM,HDMI 轉接/線材,123,｛伽利略 CABLE802｝HDMI 公-公 / 鍍金頭 / 認證 / 支援8K60Hz / 2米,319,,
28,網路、傳輸線、轉頭｜KVM,HDMI 轉接/線材,124,｛伽利略 CABLE803｝HDMI 公-公 / 鍍金頭 / 認證 / 支援8K60Hz / 3米,439,,
28,網路、傳輸線、轉頭｜KVM,HDMI 轉接/線材,125,｛3C Pig HD-V｝HDMI(公) to VGA(母) 轉接線,130,,
28,網路、傳輸線、轉頭｜KVM,HDMI 轉接/線材,126,｛3C Pig DV-H｝HDMI(公) to DVI-D(公) 雙向 / 抗干擾 / 1.5米,270,,
28,網路、傳輸線、轉頭｜KVM,HDMI 轉接/線材,127,｛3C Pig HDMI-100｝HDMI 2.0 公-公 / 鍍金頭 / 全銅 / 抗干擾磁環 / 1米▼下殺到 9/30 23:59,95,150,價格異動 下殺
28,網路、傳輸線、轉頭｜KVM,HDMI 轉接/線材,128,｛3C Pig HDMI-200｝HDMI 2.0 公-公 / 鍍金頭 / 全銅 / 抗干擾磁環 / 2米▼下殺到 9/30 23:59,125,199,價格異動 下殺
28,網路、傳輸線、轉頭｜KVM,HDMI 轉接/線材,129,｛3C Pig HDMI-300｝HDMI 2.0 公-公 / 鍍金頭 / 全銅 / 抗干擾磁環 / 3米▼下殺到 9/30 23:59,165,299,價格異動 下殺
28,網路、傳輸線、轉頭｜KVM,HDMI 轉接/線材,130,｛3C Pig HDMI-500｝HDMI 2.0 公-公 / 鍍金頭 / 全銅 / 抗干擾磁環 / 5米▼下殺到 9/30 23:59,215,359,價格異動 下殺
28,網路、傳輸線、轉頭｜KVM,HDMI 轉接/線材,131,｛3C Pig HDMI-800｝HDMI 2.0 公-公 / 鍍金頭 / 全銅 / 抗干擾磁環 / 8米▼下殺到 9/30 23:59,255,459,價格異動 下殺
28,網路、傳輸線、轉頭｜KVM,HDMI 轉接/線材,132,｛3C Pig HDMI-280｝HDMI 2.1 公-公 / 鍍金頭 / 全銅 / 編織線 / 支援8K60Hz / 2米▼下殺到 9/30 23:59,340,399,價格異動 下殺
28,網路、傳輸線、轉頭｜KVM,HDMI 轉接/線材,133,｛3C Pig HDMI-380｝HDMI 2.1 公-公 / 鍍金頭 / 全銅 / 編織線 / 支援8K60Hz / 3米▼下殺到 9/30 23:59,350,499,價格異動 下殺
28,網路、傳輸線、轉頭｜KVM,HDMI 轉接/線材,135,｛Gigastone HH-2100B｝HDMI 2.0 公-公 / 鍍金頭 / 認證 / 支援4K60Hz / 1.2米,139,,
28,網路、傳輸線、轉頭｜KVM,HDMI 轉接/線材,136,【兩件優惠】｛Gigastone HH-2100B｝HDMI 2.0 公-公 / 1.2米【兩條】▼下殺到 9/30 23:59,249,278,價格異動 下殺
28,網路、傳輸線、轉頭｜KVM,HDMI 轉接/線材,137,｛Gigastone HH-2300B｝HDMI 2.0 公-公 / 鍍金頭 / 認證 / 支援4K60Hz / 2米,199,,
28,網路、傳輸線、轉頭｜KVM,HDMI 轉接/線材,138,【兩件優惠】｛Gigastone HH-2300B｝HDMI 2.0 公-公 / 2米【兩條】▼下殺到 9/30 23:59,349,398,價格異動 下殺
28,網路、傳輸線、轉頭｜KVM,HDMI 轉接/線材,139,｛LINDY 林帝 41232｝HDMI 4K60Hz 公-母 CEC阻斷器,149,,
28,網路、傳輸線、轉頭｜KVM,HDMI 轉接/線材,140,｛LINDY 林帝 41509｝CROMO HDMI 2.0 母-母 延長對接頭 / 鋅合金鍍金頭,299,,
28,網路、傳輸線、轉頭｜KVM,HDMI 轉接/線材,141,｛LINDY 林帝 36475｝ANTHRA HDMI 2.0 公-母 延長線 / 鍍金頭 / 0.5米,249,,
28,網路、傳輸線、轉頭｜KVM,HDMI 轉接/線材,142,｛LINDY 林帝 37315｝HDMI 公-公 耐彎曲傳輸線 / 鍍金頭 / 支援4K60Hz / 0.5米,199,,
28,網路、傳輸線、轉頭｜KVM,HDMI 轉接/線材,143,｛LINDY 林帝 37316｝HDMI 公-公 耐彎曲傳輸線 / 鍍金頭 / 支援4K60Hz / 1米,229,,
28,網路、傳輸線、轉頭｜KVM,HDMI 轉接/線材,144,｛LINDY 林帝 37317｝HDMI 公-公 耐彎曲傳輸線 / 鍍金頭 / 支援4K60Hz / 2米,329,,
28,網路、傳輸線、轉頭｜KVM,HDMI 轉接/線材,145,｛LINDY 林帝 37318｝HDMI 公-公 耐彎曲傳輸線 / 鍍金頭 / 支援4K60Hz / 3米,399,,
28,網路、傳輸線、轉頭｜KVM,HDMI 轉接/線材,146,｛LINDY 林帝 37319｝HDMI 公-公 耐彎曲傳輸線 / 鍍金頭 / 支援4K60Hz / 5米,599,,
28,網路、傳輸線、轉頭｜KVM,HDMI 轉接/線材,147,｛LINDY 林帝 41669｝CROMO HDMI 2.0 公-公 極細傳輸線 / 鍍金頭 / 0.3米,379,,
28,網路、傳輸線、轉頭｜KVM,HDMI 轉接/線材,148,｛LINDY 林帝 41670｝CROMO HDMI 2.0 公-公 極細傳輸線 / 鍍金頭 / 0.5米,399,,
28,網路、傳輸線、轉頭｜KVM,HDMI 轉接/線材,149,｛LINDY 林帝 41671｝CROMO HDMI 2.0 公-公 極細傳輸線 / 鍍金頭 / 1米,449,,
28,網路、傳輸線、轉頭｜KVM,HDMI 轉接/線材,150,｛LINDY 林帝 41672｝CROMO HDMI 2.0 公-公 極細傳輸線 / 鍍金頭 / 2米,499,,
28,網路、傳輸線、轉頭｜KVM,HDMI 轉接/線材,151,｛LINDY 林帝 37871｝CROMO HDMI 2.0 公-公 / 鍍金頭 / 支援8K60Hz / 1米,449,,
28,網路、傳輸線、轉頭｜KVM,HDMI 轉接/線材,152,｛LINDY 林帝 37872｝CROMO HDMI 2.0 公-公 / 鍍金頭 / 支援8K60Hz / 2米,549,,
28,網路、傳輸線、轉頭｜KVM,HDMI 轉接/線材,153,｛LINDY 林帝 37873｝CROMO HDMI 2.0 公-公 / 鍍金頭 / 支援8K60Hz / 3米,649,,
28,網路、傳輸線、轉頭｜KVM,HDMI 轉接/線材,154,｛LINDY 林帝 36771｝BLACK HDMI 公-公 / 鍍金頭 / 支援8K60Hz / 1米,199,,
28,網路、傳輸線、轉頭｜KVM,HDMI 轉接/線材,155,｛LINDY 林帝 36772｝BLACK HDMI 公-公 / 鍍金頭 / 支援8K60Hz / 2米,249,,
28,網路、傳輸線、轉頭｜KVM,HDMI 轉接/線材,156,｛LINDY 林帝 36773｝BLACK HDMI 公-公 / 鍍金頭 / 支援8K60Hz / 3米,299,,
28,網路、傳輸線、轉頭｜KVM,HDMI 轉接/線材,157,｛LINDY 林帝 36774｝BLACK HDMI 公-公 / 鍍金頭 / 支援8K60Hz / 5米,549,,
28,網路、傳輸線、轉頭｜KVM,HDMI 轉接/線材,158,｛LINDY 林帝 37255｝BLACK HDMI 公-公 / 鍍金頭 / 支援8K60Hz / 7.5米,899,,
28,網路、傳輸線、轉頭｜KVM,HDMI 轉接/線材,159,｛LINDY 林帝 36952｝ANTHRA HDMI 2.1 公-公 / 鍍金頭 / 認證 / 支援10K120Hz / 1米,649,,
28,網路、傳輸線、轉頭｜KVM,HDMI 轉接/線材,160,｛LINDY 林帝 36953｝ANTHRA HDMI 2.1 公-公 / 鍍金頭 / 認證 / 支援10K120Hz / 2米,749,,
28,網路、傳輸線、轉頭｜KVM,HDMI 轉接/線材,161,｛LINDY 林帝 36775｝CROMO HDMI 2.1 公-公 極細傳輸線 / 鍍金頭 / 0.5米【訂】,699,,訂購
28,網路、傳輸線、轉頭｜KVM,HDMI 轉接/線材,162,｛LINDY 林帝 36776｝CROMO HDMI 2.1 公-公 極細傳輸線 / 鍍金頭 / 1米【訂】,749,,訂購
28,網路、傳輸線、轉頭｜KVM,HDMI 轉接/線材,163,｛LINDY 林帝 38289｝HDMI2.0(公) to DP1.2(母) 帶USB電源轉接器 / 支援4K60Hz【訂】,1480,,訂購
28,網路、傳輸線、轉頭｜KVM,HDMI 轉接/線材,165,Wavesplitter 威世波 HDMI 2.1 公-公 / 鍍金頭 / 認證 / 支援10K120Hz / 0.9米,349,,
28,網路、傳輸線、轉頭｜KVM,HDMI 轉接/線材,166,Wavesplitter 威世波 HDMI 2.1 公-公 / 鍍金頭 / 認證 / 支援10K120Hz / 1.8米,399,,
28,網路、傳輸線、轉頭｜KVM,HDMI 轉接/線材,167,Wavesplitter 威世波 HDMI 2.1 公-公 / 鍍金頭 / 認證 / 支援10K120Hz / 3米,449,,
28,網路、傳輸線、轉頭｜KVM,HDMI 轉接/線材,168,｛UNITEK Y-6333｝HDMI(公) to VGA(母) 轉接線 / 含3.5mm 音源孔,339,,
28,網路、傳輸線、轉頭｜KVM,HDMI 轉接/線材,169,｛UNITEK Y-C166K｝HDMI 2.0 公-母 延長線 / 鍍金頭 / 支援4K60Hz / 3米,299,,
28,網路、傳輸線、轉頭｜KVM,HDMI 轉接/線材,170,｛UNITEK Y-C138M｝HDMI 2.0 公-公 / 鍍金頭 / 支援4K60Hz / 2米,179,,
28,網路、傳輸線、轉頭｜KVM,HDMI 轉接/線材,171,｛UNITEK Y-C139M｝HDMI 2.0 公-公 / 鍍金頭 / 支援4K60Hz / 3米,219,,
28,網路、傳輸線、轉頭｜KVM,HDMI 轉接/線材,172,｛UNITEK Y-C140M｝HDMI 1.4 公-公 / 鍍金頭 / 支援4K30Hz / 5米,230,,
28,網路、傳輸線、轉頭｜KVM,HDMI 轉接/線材,173,｛UNITEK C11060BK-1M｝HDMI 2.1 公-公 / 鍍金頭 / 支援8K60Hz / 1米,309,,
28,網路、傳輸線、轉頭｜KVM,HDMI 轉接/線材,174,｛UNITEK C11060BK-2M｝HDMI 2.1 公-公 / 鍍金頭 / 支援8K60Hz / 2米,399,,
28,網路、傳輸線、轉頭｜KVM,HDMI 轉接/線材,175,力祥 HDMI(公) to mini HDMI(公) 傳輸線 / 1.8米,220,,
28,網路、傳輸線、轉頭｜KVM,Display port 轉接/線材,177,｛伽利略 DPTHD3｝DP(公) to HDMI (母)轉接器,230,,
28,網路、傳輸線、轉頭｜KVM,Display port 轉接/線材,178,｛伽利略 CABLE518D｝DP 5K 公-公 / 鍍金頭 / 無卡榫 / 支援5K / 1.8米,258,,
28,網路、傳輸線、轉頭｜KVM,Display port 轉接/線材,179,｛伽利略 CABLE818D｝DP 8K 公-公 / 鍍金頭 / 無卡榫 / 支援8K / 1.8米,388,,
28,網路、傳輸線、轉頭｜KVM,Display port 轉接/線材,180,｛3C Pig DP-V｝DP(公) to VGA (母)轉接器 / Display Port支援1.1＆1.2版,370,,
28,網路、傳輸線、轉頭｜KVM,Display port 轉接/線材,181,｛3C Pig DP-H母｝DP(公-電腦) to HDMI(母) 轉接頭 / 支援4K,390,,
28,網路、傳輸線、轉頭｜KVM,Display port 轉接/線材,182,｛3C Pig DP-DP(5K)｝DP 1.3版 公-公 / 最高可達 5120*2280 (60Hz) / 1.8米,290,,熱賣
28,網路、傳輸線、轉頭｜KVM,Display port 轉接/線材,183,｛3C Pig DP-DP(8K)｝DP 1.4版 公-公 / 最高可達 7680*4320 (60Hz) / 1.8米,430,,熱賣
28,網路、傳輸線、轉頭｜KVM,Display port 轉接/線材,184,｛3C Pig DP-DP(16K)2M｝DP 2.1版 公-公 / 最高可達 15360*8460 (60Hz) / 2米,499,,
28,網路、傳輸線、轉頭｜KVM,Display port 轉接/線材,185,｛3C Pig DP-DP(16K)3M｝DP 2.1版 公-公 / 最高可達 15360*8460 (60Hz) / 3米,599,,
28,網路、傳輸線、轉頭｜KVM,Display port 轉接/線材,186,｛3C Pig DP-H｝DP 1.2(電腦) to HDMI 1.4(螢幕)單向 / 支援4K / 1.8米,290,,
28,網路、傳輸線、轉頭｜KVM,Display port 轉接/線材,187,｛CyberSLIM MDP-V｝MINI DP(公) to VGA(母) 轉接器【適用繪圖卡】,239,,
28,網路、傳輸線、轉頭｜KVM,Display port 轉接/線材,189,｛LINDY 林帝 36495｝ANTHRA DP 1.4版 公-母 延長線 / 鍍金頭 / 0.5米,299,,
28,網路、傳輸線、轉頭｜KVM,Display port 轉接/線材,190,｛LINDY 林帝 41014｝MINI DP(公) to HDMI(母) 轉接器 / 鍍金頭 / 支援Thunderbolt,349,,
28,網路、傳輸線、轉頭｜KVM,Display port 轉接/線材,191,｛LINDY 林帝 41333｝DP 1.4版 公-母 轉接頭 / 向右角度,249,,
28,網路、傳輸線、轉頭｜KVM,Display port 轉接/線材,192,｛LINDY 林帝 41334｝DP 1.4版 公-母 轉接頭 / 向左角度,249,,
28,網路、傳輸線、轉頭｜KVM,Display port 轉接/線材,193,｛LINDY 林帝 41365｝DP 1.2版 公-母 轉接頭 / 向上角度,349,,
28,網路、傳輸線、轉頭｜KVM,Display port 轉接/線材,194,｛LINDY 林帝 41366｝DP 1.2版 公-母 轉接頭 / 向下角度【訂】,349,,訂購
28,網路、傳輸線、轉頭｜KVM,Display port 轉接/線材,195,｛LINDY 林帝 41718｝DP(公) to HDMI(母) 轉接器,599,,
28,網路、傳輸線、轉頭｜KVM,Display port 轉接/線材,196,｛LINDY 林帝 36492｝BLACK DP 1.2版 公-公 / 2米,349,,
28,網路、傳輸線、轉頭｜KVM,Display port 轉接/線材,197,｛LINDY 林帝 36493｝BLACK DP 1.2版 公-公 / 3米,399,,
28,網路、傳輸線、轉頭｜KVM,Display port 轉接/線材,198,｛LINDY 林帝 36481｝ANTHRA DP 1.4版 公-公 / 1米,449,,
28,網路、傳輸線、轉頭｜KVM,Display port 轉接/線材,199,｛LINDY 林帝 36482｝ANTHRA DP 1.4版 公-公 / 2米,549,,
28,網路、傳輸線、轉頭｜KVM,Display port 轉接/線材,200,｛LINDY 林帝 36301｝CROMO DP 1.4版 公-公 / 1米,599,,
28,網路、傳輸線、轉頭｜KVM,Display port 轉接/線材,201,｛LINDY 林帝 36302｝CROMO DP 1.4版 公-公 / 2米,699,,
28,網路、傳輸線、轉頭｜KVM,Display port 轉接/線材,202,｛LINDY 林帝 36463｝SLIM DP 1.4版 公-公 / 窄身 / 3米【訂】,999,,訂購
28,網路、傳輸線、轉頭｜KVM,Display port 轉接/線材,203,Wavesplitter 威世波 DP 1.4 to HDMI HDR主動式轉接器 / 8K60Hz,899,,
28,網路、傳輸線、轉頭｜KVM,Display port 轉接/線材,204,Wavesplitter 威世波 DP 2.1 DP40 / 公-公 / 鍍金頭 / 支援16K30Hz / 2米,599,,
28,網路、傳輸線、轉頭｜KVM,Display port 轉接/線材,205,Wavesplitter 威世波 DP 2.1 DP40 / 公-公 / 鍍金頭 / 支援16K30Hz / 3米,849,,
28,網路、傳輸線、轉頭｜KVM,Display port 轉接/線材,206,Wavesplitter 威世波 DP 2.1 DP80 / 公-公 / 鍍金頭 / 支援16K60Hz / 2米,799,,
28,網路、傳輸線、轉頭｜KVM,Display port 轉接/線材,207,｛UNITEK Y-5118E｝DP(公) to VGA(母) 轉接線,349,,
28,網路、傳輸線、轉頭｜KVM,Display port 轉接/線材,208,｛UNITEK Y-C607BK｝DP 1.2版 公-公 / 鍍金頭 / 4K60Hz / 1.5米,299,,
28,網路、傳輸線、轉頭｜KVM,Display port 轉接/線材,209,｛UNITEK Y-C608BK｝DP 1.2版 公-公 / 鍍金頭 / 4K60Hz / 2米,319,,
28,網路、傳輸線、轉頭｜KVM,Display port 轉接/線材,210,｛UNITEK Y-C609BK｝DP 1.2版 公-公 / 鍍金頭 / 4K60Hz / 3米,389,,
28,網路、傳輸線、轉頭｜KVM,Display port 轉接/線材,211,｛UNITEK Y-C610BK｝DP 1.2版 公-公 / 鍍金頭 / 4K60Hz / 5米,399,,
28,網路、傳輸線、轉頭｜KVM,Display port 轉接/線材,212,｛UNITEK C1624BK-1M｝DP 1.4版 公-公 / 鍍金頭 / 8K60Hz / 1米,399,,
28,網路、傳輸線、轉頭｜KVM,Display port 轉接/線材,213,｛力祥 SU4006｝DP(電腦) to DVI-D(螢幕) 公-公 / 支援1080P / 單向傳輸 / 1.8米,350,,熱賣
28,網路、傳輸線、轉頭｜KVM,Display port 轉接/線材,214,｛力祥 SU4011｝Mini DP to DP 公-公 / 1.8米,290,,
28,網路、傳輸線、轉頭｜KVM,DVI 頭/線材,216,｛3C Pig D-H｝DVI-D(公) to HDMI(母) 轉接頭 / 鍍金頭 / 1080P,90,,
28,網路、傳輸線、轉頭｜KVM,DVI 頭/線材,217,｛3C Pig DV-V｝DVI-D(公) to VGA(母) 主動式轉接頭 / 轉換數位DVI為類比VGA訊號,220,,熱賣
28,網路、傳輸線、轉頭｜KVM,DVI 頭/線材,218,｛3C Pig DV-H｝DVI-D to HDMI 雙向傳輸線 / 抗干擾磁環 / 1.5米,270,,
28,網路、傳輸線、轉頭｜KVM,DVI 頭/線材,219,力祥 DVI-D 公-公 / 1.8米,190,,
28,網路、傳輸線、轉頭｜KVM,DVI 頭/線材,220,力祥 DVI-I(公) to VGA(母) 被動式轉接頭,45,,
28,網路、傳輸線、轉頭｜KVM,其他 轉接/線材,222,｛伽利略 VGATHD｝VGA(公) to HDMI(母) 轉接頭 / USB供電 / 音源線,269,,
28,網路、傳輸線、轉頭｜KVM,其他 轉接/線材,223,力祥 D-sub 公-公 / UL2919 / 1.8米,140,,
28,網路、傳輸線、轉頭｜KVM,其他 轉接/線材,224,力祥 D-sub 公-母 延長線 / UL2919 / 1.8米,140,,
28,網路、傳輸線、轉頭｜KVM,其他 轉接/線材,225,變壓器電源線 3孔AC線 / 梅花型 / 1.2M,100,,
28,網路、傳輸線、轉頭｜KVM,其他 轉接/線材,226,Ktnet 電源3Pin 轉 2Pin 轉接頭 15A / AC125V / 1650W,25,,
28,網路、傳輸線、轉頭｜KVM,其他 轉接/線材,227,｛LINDY 林帝 35327｝CROMO 3.5mm 音源延長線 公-母 / 鍍金頭 / 1米,249,,
28,網路、傳輸線、轉頭｜KVM,其他 轉接/線材,228,｛LINDY 林帝 35322｝CROMO 3.5mm 音源線 公-公 / 鍍金頭 / 2米,299,,
28,網路、傳輸線、轉頭｜KVM,其他 轉接/線材,229,｛LINDY 林帝 35323｝CROMO 3.5mm 音源線 公-公 / 鍍金頭 / 3米,349,,
28,網路、傳輸線、轉頭｜KVM,其他 轉接/線材,230,｛LINDY 林帝 37882｝Premium Gold TosLink 光纖傳輸線 公-公 / 鍍金頭 / 2米,499,,
28,網路、傳輸線、轉頭｜KVM,其他 轉接/線材,231,｛UNITEK Y-C503G｝D-sub 公-公 / 鍍金頭 / 1080P / 1.5米,139,,
28,網路、傳輸線、轉頭｜KVM,其他 轉接/線材,232,｛UNITEK Y-C504G｝D-sub 公-公 / 鍍金頭 / 1080P / 3米,199,,
28,網路、傳輸線、轉頭｜KVM,其他 轉接/線材,233,｛UNITEK Y-C505G｝D-sub 公-公 / 鍍金頭 / 1080P / 5米,249,,
28,網路、傳輸線、轉頭｜KVM,其他 轉接/線材,234,｛UNITEK Y-C926ABK｝3.5mm 音源線 公-公 / 鍍金頭 / 1米,179,,
28,網路、傳輸線、轉頭｜KVM,其他 轉接/線材,235,｛UNITEK Y-C932ABK｝3.5mm 音源線 公-母 延長線 / 鍍金頭 / 1米,179,,
28,網路、傳輸線、轉頭｜KVM,其他 轉接/線材,236,｛UNITEK Y-C957ABK｝3.5mm 音源線 1母-2公 / 鍍金頭 / 轉接線,199,,
28,網路、傳輸線、轉頭｜KVM,其他 轉接/線材,237,｛登昌恆 SHI401｝SFF8643 to 4SAS 1米,780,,
28,網路、傳輸線、轉頭｜KVM,外接轉接線,239,｛伽利略 CABLE-008｝USB to PRINTER 25pin / 支援WIN/Mac/Linux,320,,
28,網路、傳輸線、轉頭｜KVM,外接轉接線,240,｛伽利略 USB232H2｝USB to RS232線,290,,
28,網路、傳輸線、轉頭｜KVM,外接轉接線,241,｛伽利略 U3I-672｝光速線-精裝版 SATA to USB5G,460,,
28,網路、傳輸線、轉頭｜KVM,外接轉接線,242,｛伽利略 U3I-683｝光速線-簡配版 IDE+SATA to USB5G,635,,
28,網路、傳輸線、轉頭｜KVM,外接轉接線,243,｛伽利略 U3ISC-691｝光速線-尊爵版 IDE+SATA to USB5G / 搭送硬碟盒 / USB-A、C,730,,
28,網路、傳輸線、轉頭｜KVM,外接轉接線,244,｛伽利略 U3I-693｝光速線-專業加強版 IDE+SATA to USB5G / 自動鏡像,980,,
28,網路、傳輸線、轉頭｜KVM,外接轉接線,245,｛伽利略 SMNVCCA｝SATA + M.2 NVMe對烤 / USB10G / USB-A、C,965,,
28,網路、傳輸線、轉頭｜KVM,外接轉接線,246,｛UNITEK Y-1039｝USB5G 轉 SATA 轉接線 / 附電源轉接器,699,,
28,網路、傳輸線、轉頭｜KVM,USB延長線,248,｛力祥 SU0108｝USB5G Type-A 公-母 延長線 / 1.8米,190,,
28,網路、傳輸線、轉頭｜KVM,USB延長線,249,｛UNITEK Y-C459GBK｝USB5G Type-A 公-母 延長線 / 鍍金頭 / 2米,229,,
28,網路、傳輸線、轉頭｜KVM,USB延長線,250,｛UNITEK C14086BK｝USB10G Type-C 公-母 延長線 / 100W / 0.5米,349,,
28,網路、傳輸線、轉頭｜KVM,USB延長線,251,｛UNITEK C14086BK-1M｝USB10G Type-C 公-母 延長線 / 100W / 1米,399,,
28,網路、傳輸線、轉頭｜KVM,USB延長線,252,｛UNITEK C14086BK-1.5M｝USB10G Type-C 公-母 延長線 / 100W / 1.5米,439,,
28,網路、傳輸線、轉頭｜KVM,電源多孔排插,254,｛ASUS ROG LPR01｝電源延長線 1.5M 相容ROG ALLY / 部分 ROG筆電,490,,
28,網路、傳輸線、轉頭｜KVM,電源多孔排插,255,保護傘 安全插座延長線 / 6切6座獨立開關 / 過載自動斷電保護 / 耐燃材質 / 1.8米,488,,
28,網路、傳輸線、轉頭｜KVM,電源多孔排插,256,保護傘 安全插座延長線 / 6切6座獨立開關 / 過載自動斷電保護 / 耐燃材質 / 2.7米,548,,
28,網路、傳輸線、轉頭｜KVM,電源多孔排插,257,保護傘 安全插座延長線 / 6切6座獨立開關 / 過載自動斷電保護 / 耐燃材質 / 4.5米,668,,
28,網路、傳輸線、轉頭｜KVM,電源多孔排插,258,PowerSync 群加 滑蓋防塵防雷擊延長線 / 1切6座獨立開關 / 過載自動斷電保護 / 1.8米(白),449,,
28,網路、傳輸線、轉頭｜KVM,電源多孔排插,259,PowerSync 群加 滑蓋防塵防雷擊延長線 / 1切6座獨立開關 / 過載自動斷電保護 / 2.7米(白),559,,
28,網路、傳輸線、轉頭｜KVM,電源多孔排插,260,PowerSync 群加 滑蓋防塵防雷擊延長線 / 6切6座獨立開關 / 過載自動斷電保護 / 1.8米(黑),499,,
28,網路、傳輸線、轉頭｜KVM,電源多孔排插,261,PowerSync 群加 滑蓋防塵防雷擊延長線 / 6切6座獨立開關 / 過載自動斷電保護 / 2.7米(黑),599,,
28,網路、傳輸線、轉頭｜KVM,電源多孔排插,262,PowerSync 群加 磁吸式防雷擊延長線 / 6切6座獨立開關 / 過載自動斷電保護 / 1.8米(白),699,,
28,網路、傳輸線、轉頭｜KVM,電源多孔排插,263,AGM 台製防火耐燃延長線 / 6切6座獨立開關 / 省力拉環輕鬆插拔 / 1.8米(黑),799,,
28,網路、傳輸線、轉頭｜KVM,KVM SWITCH 切換器,265,｛伽利略 HKVM2S｝【2埠-USB】HDMI*2 二進一出(2K/4K@30Hz)/內附USB電腦連接線*2,880,,
28,網路、傳輸線、轉頭｜KVM,KVM SWITCH 切換器,266,｛伽利略 HKVM4S｝【4埠-USB】HDMI*4 四進一出(2K/4K@30Hz)/內附USB電腦連接線*4,1225,,
28,網路、傳輸線、轉頭｜KVM,KVM SWITCH 切換器,267,｛ATEN CS22U｝【2埠-USB】D-SUB 二進一出 / 外接式切換鍵 (帶線式0.9M),659,,熱賣
28,網路、傳輸線、轉頭｜KVM,KVM SWITCH 切換器,268,｛ATEN CS22HF｝【2埠-USB】HDMI 二進一出 / 1080p60Hz (帶線式1.2M),899,,
28,網路、傳輸線、轉頭｜KVM,KVM SWITCH 切換器,269,｛ATEN CS22H｝【2埠-USB】HDMI 二進一出 / 4K60Hz / 含音效 (帶線式1.2M),1939,,
28,網路、傳輸線、轉頭｜KVM,KVM SWITCH 切換器,270,｛ATEN CS692｝【2埠-USB】HDMI 二進一出 / 1080P / 含音效 / 外接式切換鍵 (帶線式1.2M),1588,,
28,網路、傳輸線、轉頭｜KVM,KVM SWITCH 切換器,271,｛ATEN CS72U｝【2埠-USB】D-SUB 二進一出 / 含音效 / 面板切換 (附線1.2M*2條),1390,,
28,網路、傳輸線、轉頭｜KVM,KVM SWITCH 切換器,272,｛ATEN CS82U｝【2埠-USB+PS2】D-SUB 二進一出 / 面板切換 (附線1.2M*2條),2000,,
28,網路、傳輸線、轉頭｜KVM,KVM SWITCH 切換器,273,｛ATEN CS74U｝【4埠-USB】D-SUB 四進一出 / 含音效 / 面板切換 (附線1.2M*2、1.8M*2),2800,,
28,網路、傳輸線、轉頭｜KVM,KVM SWITCH 切換器,274,｛ATEN CS64US｝【4埠-USB】D-SUB 四進一出 / 含音效 (帶線式0.9m*2條、1.2m*2條),2000,,
28,網路、傳輸線、轉頭｜KVM,KVM SWITCH 切換器,275,｛ATEN CS84U｝【4埠-USB+PS2】D-SUB 四進一出 / 面板切換 (附線1.2M*2條、1.8M*2條),4095,,
28,網路、傳輸線、轉頭｜KVM,影音分配器,277,｛LINDY 38157｝迷你型 HDMI1.4 10.2G 一進二出分配器 HDMI 一進二出/需外接USB充電,799,,
28,網路、傳輸線、轉頭｜KVM,影音分配器,278,｛LINDY 38339_A｝HDMI 8K@60Hz 雙向影像切換器 HDMI 二進一出/手動按鍵切換,899,,
28,網路、傳輸線、轉頭｜KVM,影音分配器,279,｛伽利略 HDS102EAS｝【2埠-HDMI】一進二出/4K60Hz/可音源分離,700,,
28,網路、傳輸線、轉頭｜KVM,影音分配器,280,｛伽利略 HDS104EAS｝【4埠-HDMI】一進四出/4K60Hz/可音源分離,950,,
28,網路、傳輸線、轉頭｜KVM,影音分配器,281,｛ATEN VS4812｝【2埠-HDMI】/一進二出/4K60Hz/True 4K+HDR/一鍵即開關畫面,934,,
28,網路、傳輸線、轉頭｜KVM,影音分配器,282,｛ATEN VS4814｝【4埠-HDMI】/一進四出/4K60Hz/True 4K+HDR/一鍵即開關畫面,1020,,
28,網路、傳輸線、轉頭｜KVM,影音分配器,283,｛ATEN VS5812｝【2埠-HDMI】/一進二出/8K 60Hz/4K 120Hz/48Gpbs超高速影音傳輸,1190,,
28,網路、傳輸線、轉頭｜KVM,影音分配器,284,｛銀欣 HS12｝【2埠-HDMI】HDMI2.0 一進二出/4K 60Hz/支援HDCP 2.2/USB Type-C 供電,1000,,
28,網路、傳輸線、轉頭｜KVM,影音分配器,285,｛銀欣 HS14｝【4埠-HDMI】HDMI2.0 一進四出/4K 60Hz/支援HDCP 2.2/支援HDR10 Dolby Vision,1750,,
28,網路、傳輸線、轉頭｜KVM,影音切換器,287,｛伽利略 H4301R｝HDMI 1.4b【3埠-HDMI】支援4K2K/附遙控器/紅外線延長線接收器,249,,
28,網路、傳輸線、轉頭｜KVM,影音切換器,288,｛銀欣 HSW21｝【2埠-HDMI】HDMI2.0 4K 二進一出/4K 60Hz/支援HDCP 2.2,490,,
28,網路、傳輸線、轉頭｜KVM,影音切換器,289,｛銀欣 HSW41｝【4埠-HDMI】HDMI2.0 4K 四進一出/4K 60Hz/支援HDCP 2.2/紅外線遙控,990,,
28,網路、傳輸線、轉頭｜KVM,影音切換器,290,｛ATEN VS5821｝【2埠-HDMI】8K 影音切換器/二進一出/8K 60Hz/4K 120Hz/自動低延遲模式,774,,
28,網路、傳輸線、轉頭｜KVM,影音切換器,291,｛ATEN VS4841｝【4埠-HDMI】4K 影音切換器/四進一出/60Hz/附紅外線搖控器,950,,
29,OS+應用軟體｜禮物卡,Microsoft Windows 11 隨機版 (序號類商品一經售出不接受退貨),3,Windows 11 中文家用隨機版 64位元,4590,,
29,OS+應用軟體｜禮物卡,Microsoft Windows 11 隨機版 (序號類商品一經售出不接受退貨),4,Windows 11 Pro 中文專業隨機版 64位元 (網域/遠端/加密/Hyper-V),5990,,
29,OS+應用軟體｜禮物卡,Microsoft Windows 11 隨機版 (序號類商品一經售出不接受退貨),6,Windows 11 英文家用隨機版 64位元【客訂】,4390,,
29,OS+應用軟體｜禮物卡,Microsoft Windows 11 彩盒版(序號類商品一經售出不接受退貨),9,Windows 11 中文家用彩盒版 64位元 (USB),4790,,
29,OS+應用軟體｜禮物卡,Microsoft Windows 11 彩盒版(序號類商品一經售出不接受退貨),10,Windows 11 Pro 中文專業彩盒版 64位元 (網域/遠端/加密/Hyper-V/USB),6790,,
29,OS+應用軟體｜禮物卡,Microsoft Office 實體彩盒版 (序號類商品一經售出不接受退貨),13,Office 2024 家用版 (Word/Excel/PowerPoint),5490,,
29,OS+應用軟體｜禮物卡,Microsoft Office 實體彩盒版 (序號類商品一經售出不接受退貨),14,Office 2024 家用及中小企業版 (家用版+Outlook),8990,,
29,OS+應用軟體｜禮物卡,Microsoft Office 實體彩盒版 (序號類商品一經售出不接受退貨),15,Microsoft 365 個人版 一年(一個帳號最多使用5個裝置)+1TB雲端/隨附AI助理Copilot,2790,,
29,OS+應用軟體｜禮物卡,Microsoft Office 實體彩盒版 (序號類商品一經售出不接受退貨),16,Microsoft 365 家用版 一年(六個帳號每人可同時5個裝置)+1TB雲端/隨附AI助理Copilot,3490,,
29,OS+應用軟體｜禮物卡,Microsoft Office ESD 數位下載版(序號類商品一經售出不接受退貨),18,Microsoft 365 個人版一年ESD版 (一個帳號最多使用5個裝置)+1TB雲端/AI助理Copilot,2890,,
29,OS+應用軟體｜禮物卡,Microsoft Office ESD 數位下載版(序號類商品一經售出不接受退貨),19,Microsoft 365 家用版一年ESD版(六個帳號每人可同時5個裝置)+1TB雲端/AI助理Copilot,3790,,
29,OS+應用軟體｜禮物卡,防毒軟體 卡巴斯基 kaspersky(序號類商品一經售出不接受退貨),22,卡巴斯基 標準版/隱私防護/線上銀行業務保護/監控惡意軟體 1台1年/無附光碟,560,,
29,OS+應用軟體｜禮物卡,防毒軟體 卡巴斯基 kaspersky(序號類商品一經售出不接受退貨),23,卡巴斯基 標準版/隱私防護/線上銀行業務保護/監控惡意軟體 1台2年/無附光碟,990,,
29,OS+應用軟體｜禮物卡,防毒軟體 卡巴斯基 kaspersky(序號類商品一經售出不接受退貨),24,卡巴斯基 進階版 1台1年 (標準版+無限、快速 VPN)/無附光碟,713,,
29,OS+應用軟體｜禮物卡,防毒軟體 卡巴斯基 kaspersky(序號類商品一經售出不接受退貨),25,卡巴斯基 進階版 1台2年 (標準版+無限、快速 VPN)/無附光碟,1426,,
30,福利品出清,福利品【已非新品不符合快換原則】-請網路下單,3,｛華碩 TUF Gaming VG27AQM5A｝〈2H1P/IPS/300Hz/含喇叭〉【拆封品】,5490,,
30,福利品出清,福利品【已非新品不符合快換原則】-請網路下單,4,｛華碩 ROG Strix XG259QNS｝【9成9新.. 保固比照新品，動漫展全新拆封，7折出清】,6990,,
30,福利品出清,福利品【已非新品不符合快換原則】-請網路下單,5,｛技嘉 B650 EAGLE AX｝/ATX/LAN 1Gb+無線/12+2+2相)【維修紀錄.內外盒序號不同】,3590,,
30,福利品出清,福利品【已非新品不符合快換原則】-請網路下單,6,｛SHOKZ OpenFit Air T511｝ 開放式藍牙耳機(櫻花粉)【全新商品，僅外箱破損】,1690,,
30,福利品出清,福利品【已非新品不符合快換原則】-請網路下單,7,｛ZyXEL合勤 NWA50AX PRO｝ (AX3000 / 2.5Gb PoE /雲端管理/MIT)【有維修紀錄】,3200,,
30,福利品出清,福利品【已非新品不符合快換原則】-請網路下單,8,｛Raymii VS59｝單螢幕 /承載12KG/13-36吋/鋁合金支架/黑色【拆封品 螺絲包拆封】,1790,,
30,福利品出清,福利品【已非新品不符合快換原則】-請網路下單,10,｛登昌恆 SHI401 SFF8643 to 4SAS 1米｝【全新商品】,499,,
30,福利品出清,福利品【已非新品不符合快換原則】-請網路下單,11,｛ASUS V440VAK-134WPC003W｝23.8吋 / i5-13420H / 16G / 1T【9成新 拆封品】,25990,,
30,福利品出清,福利品【已非新品不符合快換原則】-請網路下單,12,｛微星 X870E CARBON WIFI｝/ATX/LAN 5G+2.5G+Wi-Fi 7【9成新.有維修紀錄】,12590,,
30,福利品出清,福利品【已非新品不符合快換原則】-請網路下單,13,｛華碩 PRIME Z790-A WIFI-CSM｝/ATX/Intel 2.5Gb+無線【拆封品.有使用痕跡】,5490,,
30,福利品出清,福利品【已非新品不符合快換原則】-請網路下單,14,｛技嘉 GT1030 Low Profile D4 2G｝(1417MHz/GDDR4/15cm/單風扇)【拆封品】,2990,,
30,福利品出清,福利品【已非新品不符合快換原則】-請網路下單,15,｛技嘉 B850 GAMING X WIFI6E｝/ATX/2.5G+無線【9成新.有維修紀錄】,5990,,
30,福利品出清,福利品【已非新品不符合快換原則】-請網路下單,16,｛技嘉 AORUS RTX5080 MASTER 16G｝2805MHz/36cm/三風扇【拆封品】,54900,,
30,福利品出清,福利品【已非新品不符合快換原則】-請網路下單,17,｛華碩 ROG Swift PG27AQDP｝〈2H1P/OLED/480Hz〉【折數過低！故障請逕洽原廠】,20200,,
30,福利品出清,福利品【已非新品不符合快換原則】-請網路下單,19,｛Acer Nitro ED270 S0｝〈1H1P/VA曲面/1500R/180Hz〉【拆封品】,3390,,
30,福利品出清,福利品【已非新品不符合快換原則】-請網路下單,20,｛Acer Nitro ED320QR S3｝〈2H1P/VA曲面/1500R/180Hz/含喇叭/HDR10〉【有維修紀錄】,4690,,
30,福利品出清,福利品【已非新品不符合快換原則】-請網路下單,21,｛ViewSonic VA2414-H｝〈1A1H/IPS/100Hz〉【僅外箱破損】,2790,,
30,福利品出清,福利品【已非新品不符合快換原則】-請網路下單,22,｛BenQ MOBIUZ EX321UZ｝〈2H1P1C/OLED/240Hz/HDR500/DP 2.1〉【有維修紀錄】,29300,,
30,福利品出清,福利品【已非新品不符合快換原則】-請網路下單,23,｛MSI G32C4X｝〈2H1P/VA曲面/1500R/250Hz〉【9成9新.. 保固比照新品】,4990,,
30,福利品出清,福利品【已非新品不符合快換原則】-請網路下單,24,｛BenQ ZOWIE XL2540X+｝〈3H1P/TN/280Hz〉【9成新 有亮點】,8590,,
30,福利品出清,福利品【已非新品不符合快換原則】-請網路下單,25,｛BenQ MA270U｝〈2H1C/IPS/含喇叭/HDR400〉可升降旋轉.【9成新 拆封品】,13999,,
30,福利品出清,福利品【已非新品不符合快換原則】-請網路下單,26,｛三星 Odyssey G7 S37FG752EC｝〈2H1P/VA曲面/1000R/165Hz〉【9成新 拆封品】,19400,,
30,福利品出清,福利品【已非新品不符合快換原則】-請網路下單,27,｛Acer Nitro GA271U P｝〈1H1P1C/IPS/180Hz/白色〉智慧螢幕 【9成新 拆封品】,6488,,
